human_readable_id,title,type,description,frequency,degree,text_unit_ids,suggested_schema_type,canonical_name,keep_in_controlled_kg,record_linkage_group,review_notes
0,ÖSTERREICHISCHE PHOTOVOLTAIK-STRATEGIE,EVENT,"The ""Österreichische Photovoltaik-Strategie"" (Austrian Photovoltaic Strategy) is Austria’s official national strategy and policy framework for the coordinated expansion and promotion of photovoltaic (solar PV) energy generation. This comprehensive initiative includes a strategic action plan, serving as both a guideline and operational document, to achieve Austria's ambitious energy transition and climate policy targets by 2040. The strategy outlines clear national objectives, milestones, and measurable goals, detailing both sectoral and cross-sectoral expansion rates necessary to meet the targeted contribution of solar photovoltaics within Austria’s overall renewables and electricity mix.

Central to the strategy is the development and integration of robust regulatory, financial, and spatial planning measures designed to accelerate the deployment and market development of photovoltaic systems. It encompasses targeted efforts to expand PV capacity, modernize grid integration, foster supportive legal frameworks, and cultivate a favorable environment for ongoing technological innovation. In addition to scaling up installation rates, the strategy emphasizes the importance of research, industrial development, and workforce growth, aligning with both European and national aspirations for renewable energy leadership and technological advancement.

The ""Österreichische Photovoltaik-Strategie"" also promotes initiatives to enhance acceptance of solar PV within Austrian society and to facilitate the circular economy, aiming for efficient production, sustainable resource use, and end-of-life management of photovoltaic materials. It coordinates planning and implementation efforts at governmental and societal levels, addressing technical, ecological, social, and economic dimensions to ensure broad-based support and successful integration of photovoltaics throughout the nation.

By providing a comprehensive set of action fields and measures—spanning policy reforms, market incentives, infrastructure upgrades, research funding, and public engagement—the strategy serves as Austria’s blueprint for accelerating photovoltaic adoption and supporting the country’s transition towards a sustainable, low-carbon energy future through 2040.",14,39,"['d7219f76b31818b7b13bf08dda81003d752e53f7660831d5e201d105d2bc1fc19e8cc49ca6cd21e08570939d7fb3e87b45f0f5feb8575df195e7be8cbd3b6475'
 'e498566a78d36b3ce13304157993b9b4269045840f1d63663ab07328cc5c6a9ebc15f47c9ae340cbebf706bc8faebd35ccc4f11ae0aa4cb9a223345224329757'
 'e498566a78d36b3ce13304157993b9b4269045840f1d63663ab07328cc5c6a9ebc15f47c9ae340cbebf706bc8faebd35ccc4f11ae0aa4cb9a223345224329757'
 'f9e54ba797ff2b80a5f0e5f24e3901236ac4130e4e84d01615e67bc810b290cd5ac7c08f71a782797073050d512eda2695c3659569deba0d4bd5c3ab6195784a'
 '06c273ec9919eb4693462fdacebd50536ccdcf47bacc47b2b30c8a69005636b654b4919dc579696a4a7abbde4a00511a66f0c0be040f4ffc907fc316bee009dc'
 '23663988970639bea940978ccbd9150fd292856f2f31a1d587392606a64713d5dfeade66f1beea67d1cc0b0e93012337685e0eca3267f98c1695a466657a8b24'
 '6a1a5132f360531b1174e0eac2b2c5b6ece3b0771a8037231306baf0af8e8ca23de435f581fc62d6794cab81a5dadf3235b66eda56c331a0043621c688fbe302'
 '2d9fdebd364caf6ea226dc0ee6624e0c2d54fc65848a9cd18f9b868675333d5be302c20a6cbb1b4f9503e536f5051a60a8783cd3657ab2cf1f9daf65be366c76'
 '4d221520fe7090409cfa9cda598db30683356c340ab3584a063ffe92486f2fe7225fc056f8b997f085ff0c0f7475828879fa678b7b1709148cb03584b292dab0'
 '9ce049a98570c6bf53cf9e547168db075af2795fa519422bd27a2c9aa5b490c4b26aef25883802c4d8eb6e4dcb09c866e7d31677352f7beb6c4f9fcbbcc75e9b'
 'dafd7f2f39e49c87969ec1360e9fae0af9de6f290655205c8c120dd24dcc85da04f0536237f7f9529d31deed892d5abae3b8f58fb66ae9e497327f23b1e6b750'
 '05802f69e17001a506260c74ca400f6a1368fbf0132720e670d13ffd39c31d615ca94e0ffc071332bd317faa48542bde7970720b9f035d496136fc5d6bbb8ca5'
 '6927535991c09031efd0df39ec21591dd3bb460da14c01bc36d343f0078b726ed44d06a0c6bb518236ea61ed8c8b15365630cf185b8012e963898f2e117f7d8a'
 '7ae981575e185e2452d144d541d822b7725e27bc7dda501c9d8495719003ccb89584fe5e1ac83baa67ae4060497ae5e2536fae015a551dc8cdefa9b5aa17289b']",,,,,
1,"BUNDESMINISTERIUM FÜR KLIMASCHUTZ, UMWELT, ENERGIE, MOBILITÄT, INNOVATION UND TECHNOLOGIE",ORGANIZATION,"The ""Bundesministerium für Klimaschutz, Umwelt, Energie, Mobilität, Innovation und Technologie"" (BMK), also known as the Federal Ministry for Climate Action, Environment, Energy, Mobility, Innovation and Technology of Austria, is the central governmental authority responsible for shaping and implementing Austria’s policies in a wide range of areas. These include climate protection, environmental conservation, energy policy, mobility and transport, as well as the promotion of innovation and technological advancement. The BMK is tasked with developing and executing national strategies aimed at climate action, such as expanding the use of renewable energy sources, particularly photovoltaics. Additionally, the ministry is responsible for authoring, publishing, and implementing comprehensive strategies and policies to further Austria’s climate, energy, and innovation objectives. Through its efforts, the BMK plays a crucial role in guiding Austria towards a sustainable, environmentally friendly, and technologically advanced future.",2,9,"['d7219f76b31818b7b13bf08dda81003d752e53f7660831d5e201d105d2bc1fc19e8cc49ca6cd21e08570939d7fb3e87b45f0f5feb8575df195e7be8cbd3b6475'
 '7ae981575e185e2452d144d541d822b7725e27bc7dda501c9d8495719003ccb89584fe5e1ac83baa67ae4060497ae5e2536fae015a551dc8cdefa9b5aa17289b']",,,,,
2,HUBERT FECHNER,PERSON,"Author of the strategy document; involved in photovoltaic strategy development and possibly an expert in the field, contributing to the national expansion process.",1,2,['d7219f76b31818b7b13bf08dda81003d752e53f7660831d5e201d105d2bc1fc19e8cc49ca6cd21e08570939d7fb3e87b45f0f5feb8575df195e7be8cbd3b6475'],,,,,
3,LEONORE GEWESSLER,PERSON,"The Federal Minister of Austria for Climate Action and the environment, serving as the public political face of the strategy; provides political leadership and vision for the energy transition and photovoltaic expansion.",1,2,['d7219f76b31818b7b13bf08dda81003d752e53f7660831d5e201d105d2bc1fc19e8cc49ca6cd21e08570939d7fb3e87b45f0f5feb8575df195e7be8cbd3b6475'],,,,,
4,ÖSTERREICH,GEO,"Österreich, also known as Austria, is a Central European nation and a member of the European Union that is at the forefront of renewable energy advancement, particularly in the field of photovoltaics (PV). The country has established comprehensive national strategies and regional initiatives focused on transitioning its energy system towards climate neutrality, with clear targets to fully shift its electricity generation to renewable sources by 2030 and achieve total energy independence from fossil fuels by 2040. Austria’s energy transition efforts prioritize the expansion and integration of photovoltaic installations, supported by significant public backing, robust governmental regulations, and substantial industrial participation.

Austria plays a leading role in the redevelopment of the European photovoltaic industry, contributing actively to the PV value chain through research, manufacturing, and employment, and fostering the innovation ecosystem in this sector. The country provides financial incentives, education, and support for innovation, thereby strengthening Europe’s renewable energy independence and resilience. National strategies emphasize not only the deployment of PV systems but also tackle challenges related to grid integration by advancing storage and flexibility solutions, thus ensuring the reliability and sustainability of the energy supply.

Key stakeholders in Austria’s PV and energy transition efforts include the government, industry, and the general public, all of whom show strong commitment to environmentally friendly, low-risk energy production, energy sovereignty, and economic value creation. Austria leverages its strengths in technology sectors such as electro-electronics, semiconductors, glass and metal processing, digitalization, and software to support its leadership in renewable energy. The country also participates in numerous collaborative European initiatives aimed at promoting industrial sustainability and accelerating the energy transition across the continent.

Österreich seeks to boost opportunities in research, strengthen its position as a hub for innovative companies in the PV industry, and expand its role within European PV value chains. Its coordinated strategies and long-term vision are designed not only to decarbonize the national energy system, but also to promote Austria as a model for renewable energy integration and a driver of the broader European energy transition.",15,82,"['d7219f76b31818b7b13bf08dda81003d752e53f7660831d5e201d105d2bc1fc19e8cc49ca6cd21e08570939d7fb3e87b45f0f5feb8575df195e7be8cbd3b6475'
 '50fb8f6506c2271985ee7ffe42523d2eb06abbd85be8ea5021ae2d36d260f6f63d177e59ca2da764eeaeb4a953c841282dbf214859a753f968cb6e6cb86e0c72'
 '50e06bf07ca2ce3a4e0dc0520305a36334e339dc022e32de2a78b62769102078202b01514330a1c4939e30fdb8f4d3884f790c7814b2e95e9bdb0894b3323a4e'
 'e498566a78d36b3ce13304157993b9b4269045840f1d63663ab07328cc5c6a9ebc15f47c9ae340cbebf706bc8faebd35ccc4f11ae0aa4cb9a223345224329757'
 'f9e54ba797ff2b80a5f0e5f24e3901236ac4130e4e84d01615e67bc810b290cd5ac7c08f71a782797073050d512eda2695c3659569deba0d4bd5c3ab6195784a'
 '06c273ec9919eb4693462fdacebd50536ccdcf47bacc47b2b30c8a69005636b654b4919dc579696a4a7abbde4a00511a66f0c0be040f4ffc907fc316bee009dc'
 '41bd25afdc1cce74b36dd6db5e44e91354172fda16475ab6a3f6cf99bddc720aa91cb56b5ea1b1c4774c8c97017d6bb03c52ba2676d7cfaab1c73fed8ab82912'
 '6a1a5132f360531b1174e0eac2b2c5b6ece3b0771a8037231306baf0af8e8ca23de435f581fc62d6794cab81a5dadf3235b66eda56c331a0043621c688fbe302'
 '2d9fdebd364caf6ea226dc0ee6624e0c2d54fc65848a9cd18f9b868675333d5be302c20a6cbb1b4f9503e536f5051a60a8783cd3657ab2cf1f9daf65be366c76'
 '4d221520fe7090409cfa9cda598db30683356c340ab3584a063ffe92486f2fe7225fc056f8b997f085ff0c0f7475828879fa678b7b1709148cb03584b292dab0'
 '7a01190bcf30936758d004f89d7553c62632e91427f92e6420a9e453f2c5d92ab18ae9e62c46bc28aeb398621b28cfd3af89bf2317c887a5eec276b5b7a51052'
 '9ce049a98570c6bf53cf9e547168db075af2795fa519422bd27a2c9aa5b490c4b26aef25883802c4d8eb6e4dcb09c866e7d31677352f7beb6c4f9fcbbcc75e9b'
 'dafd7f2f39e49c87969ec1360e9fae0af9de6f290655205c8c120dd24dcc85da04f0536237f7f9529d31deed892d5abae3b8f58fb66ae9e497327f23b1e6b750'
 '05802f69e17001a506260c74ca400f6a1368fbf0132720e670d13ffd39c31d615ca94e0ffc071332bd317faa48542bde7970720b9f035d496136fc5d6bbb8ca5'
 '7ae981575e185e2452d144d541d822b7725e27bc7dda501c9d8495719003ccb89584fe5e1ac83baa67ae4060497ae5e2536fae015a551dc8cdefa9b5aa17289b']",,,,,
5,WIEN,GEO,"WIEN is the German name for Vienna, the capital city of Austria. It serves as the central hub for numerous governmental, educational, and organizational activities. Vienna is the location of the headquarters of the Ministry for Climate Action (BMK), and is frequently referenced in official documents as a point of publication and significant activity. In addition to housing the Ministry, Vienna hosts a number of universities and many other referenced organizations central to Austria’s cultural, administrative, and academic landscape. As the capital, Vienna plays a key role in national governance and is a focal point for both domestic and international affairs.",3,8,"['d7219f76b31818b7b13bf08dda81003d752e53f7660831d5e201d105d2bc1fc19e8cc49ca6cd21e08570939d7fb3e87b45f0f5feb8575df195e7be8cbd3b6475'
 '6927535991c09031efd0df39ec21591dd3bb460da14c01bc36d343f0078b726ed44d06a0c6bb518236ea61ed8c8b15365630cf185b8012e963898f2e117f7d8a'
 '7ae981575e185e2452d144d541d822b7725e27bc7dda501c9d8495719003ccb89584fe5e1ac83baa67ae4060497ae5e2536fae015a551dc8cdefa9b5aa17289b']",,,,,
6,ERNEUERBAREN-AUSBAU-GESETZ (EAG),EVENT,"The ERNEUERBAREN-AUSBAU-GESETZ (EAG), known in English as the Federal Act on the Expansion of Renewable Energy or the Renewable Energy Expansion Act, is an Austrian legislative framework implemented from January 2022. This act aims to ensure that Austria's electricity demand is covered entirely by renewable energy sources by 2030, making it a cornerstone of the country’s photovoltaic and broader renewable energy strategy. The EAG provides a range of measures to promote the expansion and innovation of renewable energy installations. These include incentives and surcharges designed to support the development of innovative renewable energy technologies, as well as specific deductions for certain types of photovoltaic installations. By establishing these financial mechanisms and legal targets, the EAG serves as a crucial driver in Austria’s transition towards a sustainable, renewable-based energy sector.",2,5,"['d7219f76b31818b7b13bf08dda81003d752e53f7660831d5e201d105d2bc1fc19e8cc49ca6cd21e08570939d7fb3e87b45f0f5feb8575df195e7be8cbd3b6475'
 '23663988970639bea940978ccbd9150fd292856f2f31a1d587392606a64713d5dfeade66f1beea67d1cc0b0e93012337685e0eca3267f98c1695a466657a8b24']",,,,,
7,INTEGRIERTER ÖSTERREICHISCHER NETZINFRASTRUKTURPLAN (ÖNIP),EVENT,"The Integrated Austrian Network Infrastructure Plan, which assessed the photovoltaic expansion potential of 41 TWh by 2040 and guides national planning and infrastructure development.",1,1,['d7219f76b31818b7b13bf08dda81003d752e53f7660831d5e201d105d2bc1fc19e8cc49ca6cd21e08570939d7fb3e87b45f0f5feb8575df195e7be8cbd3b6475'],,,,,
8,PHOTOVOLTAIK (PV),EVENT,The technological process of converting solar energy into electricity; central to Austria's renewable energy and climate neutrality targets and highlighted as a strategic pillar in the national energy transition.,1,4,['d7219f76b31818b7b13bf08dda81003d752e53f7660831d5e201d105d2bc1fc19e8cc49ca6cd21e08570939d7fb3e87b45f0f5feb8575df195e7be8cbd3b6475'],,,,,
9,CAJETAN PERWEIN,PERSON,Cajetan Perwein is credited as a photographer for the foreword section of the Österreichische Photovoltaik-Strategie document for the Austrian Ministry for Climate Action.,1,1,['d7219f76b31818b7b13bf08dda81003d752e53f7660831d5e201d105d2bc1fc19e8cc49ca6cd21e08570939d7fb3e87b45f0f5feb8575df195e7be8cbd3b6475'],,,,,
10,BMK,ORGANIZATION,"BMK, the commonly used abbreviation for the Austrian Federal Ministry for Climate Action, Environment, Energy, Mobility, Innovation, and Technology (Bundesministerium für Klimaschutz, Umwelt, Energie, Mobilität, Innovation und Technologie), is a central governmental body in Austria responsible for shaping and implementing national strategies in climate action, environment, energy, mobility, innovation, and technology. The ministry holds a significant role in the formulation, coordination, and execution of Austria’s energy and climate policies, including the development and publication of major strategic documents such as the national photovoltaic strategy. BMK leads the transformation of Austria's energy and transport systems by designing and allocating financial instruments and resources aimed at advancing renewable energy, enhancing energy efficiency, and supporting sustainable mobility.

A key responsibility of BMK is the organization of stakeholder dialogues and roundtables to analyze and address challenges, such as those related to integrating renewable power plants into the national grid. The ministry works actively in monitoring and guiding energy technology markets and plays a strategic role in policy creation, ensuring that market development in segments like photovoltaics aligns with Austria’s overarching climate and energy targets. BMK is also involved in supporting and facilitating just transition initiatives, which aim to ensure that the shift towards a low-carbon economy is inclusive and equitable. This work is reinforced by the ministry’s financial programs, which provide funding and incentives to drive sustainable innovation and technological advancements.

Moreover, BMK's mandate includes the design of educational efforts and awareness campaigns to foster societal engagement in the energy transition, thereby supporting Austria’s goals for climate neutrality. Through its comprehensive approach, BMK ensures that the transformation of both the energy and transport sectors is underpinned by robust policy, stakeholder consensus, and the necessary financial support. The ministry’s multifaceted activities are frequently covered in recent market reports, underscoring its pivotal role in Austria’s transition to a sustainable, climate-resilient future.",7,16,"['d7219f76b31818b7b13bf08dda81003d752e53f7660831d5e201d105d2bc1fc19e8cc49ca6cd21e08570939d7fb3e87b45f0f5feb8575df195e7be8cbd3b6475'
 '50fb8f6506c2271985ee7ffe42523d2eb06abbd85be8ea5021ae2d36d260f6f63d177e59ca2da764eeaeb4a953c841282dbf214859a753f968cb6e6cb86e0c72'
 '50e06bf07ca2ce3a4e0dc0520305a36334e339dc022e32de2a78b62769102078202b01514330a1c4939e30fdb8f4d3884f790c7814b2e95e9bdb0894b3323a4e'
 'f9e54ba797ff2b80a5f0e5f24e3901236ac4130e4e84d01615e67bc810b290cd5ac7c08f71a782797073050d512eda2695c3659569deba0d4bd5c3ab6195784a'
 '06c273ec9919eb4693462fdacebd50536ccdcf47bacc47b2b30c8a69005636b654b4919dc579696a4a7abbde4a00511a66f0c0be040f4ffc907fc316bee009dc'
 '41bd25afdc1cce74b36dd6db5e44e91354172fda16475ab6a3f6cf99bddc720aa91cb56b5ea1b1c4774c8c97017d6bb03c52ba2676d7cfaab1c73fed8ab82912'
 '7a01190bcf30936758d004f89d7553c62632e91427f92e6420a9e453f2c5d92ab18ae9e62c46bc28aeb398621b28cfd3af89bf2317c887a5eec276b5b7a51052']",,,,,
11,EU-ERNEUERBAREN-RICHTLINIE (RED III),ORGANIZATION,"The EU Renewable Energy Directive (RED III) is a European Union legal framework that came into effect on November 20, 2023. It sets binding targets for all EU member states to increase the share of renewable energy in gross final energy consumption, raising the minimum target to 42.5% by 2030, with the aspiration of reaching 45%.",1,2,['50fb8f6506c2271985ee7ffe42523d2eb06abbd85be8ea5021ae2d36d260f6f63d177e59ca2da764eeaeb4a953c841282dbf214859a753f968cb6e6cb86e0c72'],,,,,
12,EUROPA,GEO,"EUROPA (Europe) is the continent where Austria is located and serves as the broader regional context for developments in the fields of photovoltaics (PV) and energy policy. Within this framework, Europe is characterized by the integration of national power markets, the implementation of European quality norms, and a commitment to advancing renewable energy sources. European Union directives guide the member countries, including Austria, towards achieving energy independence by promoting collective efforts for increased adoption of renewable energies, such as photovoltaics. This continental approach ensures that energy policies, market integration, and quality standards are harmonized across Europe, supporting Austria’s PV strategy while contributing to the overall advancement of sustainable energy solutions within the region.",3,2,"['50fb8f6506c2271985ee7ffe42523d2eb06abbd85be8ea5021ae2d36d260f6f63d177e59ca2da764eeaeb4a953c841282dbf214859a753f968cb6e6cb86e0c72'
 '6a1a5132f360531b1174e0eac2b2c5b6ece3b0771a8037231306baf0af8e8ca23de435f581fc62d6794cab81a5dadf3235b66eda56c331a0043621c688fbe302'
 '05802f69e17001a506260c74ca400f6a1368fbf0132720e670d13ffd39c31d615ca94e0ffc071332bd317faa48542bde7970720b9f035d496136fc5d6bbb8ca5']",,,,,
13,KLIMA- UND ENERGIEFONDS,ORGANIZATION,"The **KLIMA- UND ENERGIEFONDS** (Climate and Energy Fund) is an Austrian governmental and public organization dedicated to advancing climate protection, supporting energy transition, and promoting energy autonomy across Austria. As a national funding body, it provides substantial financial resources and initiates strategic programs to support the expansion of renewable energy technologies, including photovoltaic (PV) systems, energy storage, and other clean energy solutions.

The fund plays a crucial role in facilitating Austria’s progress toward sustainability by supporting a wide range of projects, studies, and strategies that focus on climate action, renewable energy deployment, and innovative energy solutions. Notably, in 2023, the Klima- und Energiefonds inaugurated new programs aimed at accelerating the expansion of PV installations and promoting advanced energy storage infrastructure, reflecting Austria’s commitment to a robust and resilient green energy sector.

Additionally, the Climate and Energy Fund is instrumental in fostering the development of energy communities—local groups or regions empowered to generate, share, and manage renewable energy collectively. Through dedicated support mechanisms and financial incentives, the fund enables these communities to pursue greater energy autonomy and local climate solutions.

Moreover, the Klima- und Energiefonds actively implements initiatives such as the Green Finance Support Program, which is designed to stimulate sustainable investments and encourage the integration of green finance principles throughout Austria’s energy and climate-related markets. By blending direct project funding with strategic support for broader innovation and policy development, the fund serves as a cornerstone for Austria’s transition to a low-carbon, sustainable energy future.

In summary, the KLIMA- UND ENERGIEFONDS is a comprehensive Austrian national body committed to financing and guiding projects, strategies, and innovative programs that promote renewable energy, energy efficiency, climate protection, and sustainable development. Through its various programs and initiatives, it plays a pivotal role in Austria’s ongoing energy transition and climate action efforts.",6,14,"['50fb8f6506c2271985ee7ffe42523d2eb06abbd85be8ea5021ae2d36d260f6f63d177e59ca2da764eeaeb4a953c841282dbf214859a753f968cb6e6cb86e0c72'
 '6a1a5132f360531b1174e0eac2b2c5b6ece3b0771a8037231306baf0af8e8ca23de435f581fc62d6794cab81a5dadf3235b66eda56c331a0043621c688fbe302'
 '2d9fdebd364caf6ea226dc0ee6624e0c2d54fc65848a9cd18f9b868675333d5be302c20a6cbb1b4f9503e536f5051a60a8783cd3657ab2cf1f9daf65be366c76'
 '7a01190bcf30936758d004f89d7553c62632e91427f92e6420a9e453f2c5d92ab18ae9e62c46bc28aeb398621b28cfd3af89bf2317c887a5eec276b5b7a51052'
 'dafd7f2f39e49c87969ec1360e9fae0af9de6f290655205c8c120dd24dcc85da04f0536237f7f9529d31deed892d5abae3b8f58fb66ae9e497327f23b1e6b750'
 '6927535991c09031efd0df39ec21591dd3bb460da14c01bc36d343f0078b726ed44d06a0c6bb518236ea61ed8c8b15365630cf185b8012e963898f2e117f7d8a']",,,,,
14,ENERGIEWENDE,EVENT,"The ""Energiewende"" in Austria refers to the national energy transition, a comprehensive initiative aimed at transforming the country's energy, electricity, and heating systems. The primary goal of this transition is the complete decarbonization of Austria’s energy sector and the exclusive use of renewable energy sources, with the target of achieving climate neutrality by 2040. This ambitious movement includes a broad range of concerted actions, policies, and strategies at both the national and European Union levels, all focused on reducing dependence on fossil fuels and promoting sustainability.

A key aspect of the Austrian Energiewende is the widespread adoption of renewable energy technologies, particularly solar photovoltaic (PV) systems, as well as a significant emphasis on community participation and energy independence. The process seeks to decarbonize the electricity system with a specific target of reaching 100% renewable electricity generation nationwide by 2030. To accomplish these objectives, Austria is investing in the research and development of innovative, climate-friendly energy technologies and components, thereby reinforcing its position as a hub for technology competence and innovation.

Furthermore, the Energiewende serves as an umbrella term for the broad set of policies, societal changes, events, and technological advancements required to shift the entire energy system away from fossil fuels towards renewable sources. This national initiative not only focuses on technical transformation but also includes community engagement, strengthening local and national capabilities, and ensuring sustainable and secure energy supply for future generations.

Overall, the Energiewende in Austria embodies a holistic transformation of the entire energy landscape, combining strong policy frameworks, research efforts, technological innovation, and active societal involvement to ensure climate neutrality and enhanced energy security by 2040.",7,6,"['50fb8f6506c2271985ee7ffe42523d2eb06abbd85be8ea5021ae2d36d260f6f63d177e59ca2da764eeaeb4a953c841282dbf214859a753f968cb6e6cb86e0c72'
 '50e06bf07ca2ce3a4e0dc0520305a36334e339dc022e32de2a78b62769102078202b01514330a1c4939e30fdb8f4d3884f790c7814b2e95e9bdb0894b3323a4e'
 '23663988970639bea940978ccbd9150fd292856f2f31a1d587392606a64713d5dfeade66f1beea67d1cc0b0e93012337685e0eca3267f98c1695a466657a8b24'
 '9ce049a98570c6bf53cf9e547168db075af2795fa519422bd27a2c9aa5b490c4b26aef25883802c4d8eb6e4dcb09c866e7d31677352f7beb6c4f9fcbbcc75e9b'
 'dafd7f2f39e49c87969ec1360e9fae0af9de6f290655205c8c120dd24dcc85da04f0536237f7f9529d31deed892d5abae3b8f58fb66ae9e497327f23b1e6b750'
 '05802f69e17001a506260c74ca400f6a1368fbf0132720e670d13ffd39c31d615ca94e0ffc071332bd317faa48542bde7970720b9f035d496136fc5d6bbb8ca5'
 '6927535991c09031efd0df39ec21591dd3bb460da14c01bc36d343f0078b726ed44d06a0c6bb518236ea61ed8c8b15365630cf185b8012e963898f2e117f7d8a']",,,,,
15,KLIMANEUTRALITÄT 2040,EVENT,"KLIMANEUTRALITÄT 2040, or Climate Neutrality 2040, is Austria’s official political objective to achieve net-zero greenhouse gas emissions by the year 2040. This ambitious target means that, by 2040, Austria aims for its energy system and all related sectors to no longer contribute to net greenhouse gas emissions, effectively reaching climate neutrality. The goal serves as a foundational milestone that shapes national policy across various domains, including technology development and educational initiatives, and is especially central to the country’s photovoltaic (PV) development strategy. By striving for Klimaneutralität 2040, Austria is committed to transforming its energy landscape and economy in order to actively combat climate change and fulfill its environmental responsibilities at both national and international levels.",3,3,"['50fb8f6506c2271985ee7ffe42523d2eb06abbd85be8ea5021ae2d36d260f6f63d177e59ca2da764eeaeb4a953c841282dbf214859a753f968cb6e6cb86e0c72'
 '50e06bf07ca2ce3a4e0dc0520305a36334e339dc022e32de2a78b62769102078202b01514330a1c4939e30fdb8f4d3884f790c7814b2e95e9bdb0894b3323a4e'
 '9ce049a98570c6bf53cf9e547168db075af2795fa519422bd27a2c9aa5b490c4b26aef25883802c4d8eb6e4dcb09c866e7d31677352f7beb6c4f9fcbbcc75e9b']",,,,,
16,PV-STRATEGIE,EVENT,"The photovoltaic strategy is a coordinated plan developed by Austria for the expansion of photovoltaics, including actions, goals, and implementation steps to support the country's transition to renewable energy.",1,2,['50fb8f6506c2271985ee7ffe42523d2eb06abbd85be8ea5021ae2d36d260f6f63d177e59ca2da764eeaeb4a953c841282dbf214859a753f968cb6e6cb86e0c72'],,,,,
17,KLIMABONUS,ORGANIZATION,Klimabonus is a financial bonus program by the Austrian government that provides compensation to households as a part of carbon pricing policy.,1,1,['50fb8f6506c2271985ee7ffe42523d2eb06abbd85be8ea5021ae2d36d260f6f63d177e59ca2da764eeaeb4a953c841282dbf214859a753f968cb6e6cb86e0c72'],,,,,
18,ÖKOSTROMANLAGEN,ORGANIZATION,"Ökostromanlagen refers to ""green electricity plants"" supported and incentivized under Austrian renewable energy laws such as the EAG.",1,1,['50fb8f6506c2271985ee7ffe42523d2eb06abbd85be8ea5021ae2d36d260f6f63d177e59ca2da764eeaeb4a953c841282dbf214859a753f968cb6e6cb86e0c72'],,,,,
19,LAND,ORGANIZATION,"The Land refers to the provincial or state-level governments within Austria, playing a significant role in implementing frameworks, regulations, and infrastructure for the energy transition and PV expansion.",1,2,['50fb8f6506c2271985ee7ffe42523d2eb06abbd85be8ea5021ae2d36d260f6f63d177e59ca2da764eeaeb4a953c841282dbf214859a753f968cb6e6cb86e0c72'],,,,,
20,GEMEINDE,ORGANIZATION,"Gemeinde refers to local or municipal governments in Austria, actively involved in the planning and realization of PV projects and energy infrastructure at the community level.",1,3,['50fb8f6506c2271985ee7ffe42523d2eb06abbd85be8ea5021ae2d36d260f6f63d177e59ca2da764eeaeb4a953c841282dbf214859a753f968cb6e6cb86e0c72'],,,,,
21,E-CONTROL,ORGANIZATION,"E-CONTROL is the official Austrian regulatory authority tasked with overseeing and managing the country's electricity and gas markets. As the central organization responsible for the regulation and monitoring of Austria’s energy systems, E-CONTROL ensures the reliability, transparency, and fairness of energy supply throughout the nation. Their responsibilities include the publication and implementation of regulatory action plans, such as the “Aktionsplan Netzanschluss,” which are designed to facilitate major national objectives, including the integration of renewable energy sources.

E-CONTROL plays a leading role in supporting Austria’s energy transition, particularly by advancing initiatives and solutions that promote the adoption and integration of renewables—most notably photovoltaics (solar energy). The authority undertakes and publishes grid flexibility studies, supports network connection initiatives for new energy sources, and is actively engaged in developing strategies—such as the comprehensive action plan issued in July 2023—to ensure that the nation's grid infrastructure can accommodate the growing share of renewable electricity.

In addition to its technical and strategic functions, E-CONTROL is cited in various referenced reports as a source of expertise and regulatory guidance on energy market oversight, market liberalization, and the maintenance of a secure and competitive energy environment. The organization also plays a key role in shaping policy implementation related to both operational energy supply security and the acceleration of renewable energy technologies, with a particular focus on supporting the national photovoltaic strategy.

Overall, E-CONTROL serves as Austria's principal authority for the regulation, supervision, and modernization of the electricity and gas sectors, with an integral role in the country's ongoing energy transformation and commitment to sustainable energy solutions.",6,11,"['50fb8f6506c2271985ee7ffe42523d2eb06abbd85be8ea5021ae2d36d260f6f63d177e59ca2da764eeaeb4a953c841282dbf214859a753f968cb6e6cb86e0c72'
 '50e06bf07ca2ce3a4e0dc0520305a36334e339dc022e32de2a78b62769102078202b01514330a1c4939e30fdb8f4d3884f790c7814b2e95e9bdb0894b3323a4e'
 '41bd25afdc1cce74b36dd6db5e44e91354172fda16475ab6a3f6cf99bddc720aa91cb56b5ea1b1c4774c8c97017d6bb03c52ba2676d7cfaab1c73fed8ab82912'
 '6a1a5132f360531b1174e0eac2b2c5b6ece3b0771a8037231306baf0af8e8ca23de435f581fc62d6794cab81a5dadf3235b66eda56c331a0043621c688fbe302'
 '2d9fdebd364caf6ea226dc0ee6624e0c2d54fc65848a9cd18f9b868675333d5be302c20a6cbb1b4f9503e536f5051a60a8783cd3657ab2cf1f9daf65be366c76'
 '05802f69e17001a506260c74ca400f6a1368fbf0132720e670d13ffd39c31d615ca94e0ffc071332bd317faa48542bde7970720b9f035d496136fc5d6bbb8ca5']",,,,,
22,WISSENSCHAFT,ORGANIZATION,"WISSENSCHAFT refers to Austria’s scientific community, including universities, research institutes, and other scientific organizations. The Wissenschaftssektor is actively involved in the development and assessment of new technologies, particularly in the field of the energy transition (Energiewende). These institutions play a pivotal role in both researching and implementing scientifically sound measures that support Austria’s shift towards sustainable energy. Specifically, WISSENSCHAFT contributes to the advancement and adoption of photovoltaic technologies and strategies, utilizing academic expertise and scientific methodology to guide innovation and practical application. Through this collaborative effort, Austria’s scientific sector ensures that energy transition measures are evidence-based and effective, thereby playing a crucial role in shaping the country’s future energy landscape.",2,5,"['50fb8f6506c2271985ee7ffe42523d2eb06abbd85be8ea5021ae2d36d260f6f63d177e59ca2da764eeaeb4a953c841282dbf214859a753f968cb6e6cb86e0c72'
 '50e06bf07ca2ce3a4e0dc0520305a36334e339dc022e32de2a78b62769102078202b01514330a1c4939e30fdb8f4d3884f790c7814b2e95e9bdb0894b3323a4e']",,,,,
23,WIRTSCHAFT,ORGANIZATION,"WIRTSCHAFT refers to Austria's economic and business sector, encompassing a wide range of companies and industries, including the photovoltaic (PV) industry. This sector is significantly impacted by ongoing changes such as the energy transition, which shapes both challenges and opportunities. The Wirtschaftssektor is not only affected by these transformations but also stands to benefit through innovation and growth, particularly as companies embrace new technologies and adapt to market demands. Within the context of Austria, WIRTSCHAFT plays a proactive role in driving advancements related to the energy transition by engaging in PV project implementation and supporting the broader adoption of renewable energy solutions. The sector demonstrates a commitment to collaboration, particularly in initiatives aimed at securing qualified professionals—a critical need to sustain growth and maintain competitiveness. By fostering innovation and investing in workforce development, Austria’s WIRTSCHAFT positions itself to enhance the country’s competitiveness in both national and international markets, especially within the PV sector. Overall, the economic and business sector in Austria is characterized by its adaptability, collaborative spirit, and dedication to technological progress amidst the challenges of the energy transition.",3,5,"['50fb8f6506c2271985ee7ffe42523d2eb06abbd85be8ea5021ae2d36d260f6f63d177e59ca2da764eeaeb4a953c841282dbf214859a753f968cb6e6cb86e0c72'
 '50e06bf07ca2ce3a4e0dc0520305a36334e339dc022e32de2a78b62769102078202b01514330a1c4939e30fdb8f4d3884f790c7814b2e95e9bdb0894b3323a4e'
 '9ce049a98570c6bf53cf9e547168db075af2795fa519422bd27a2c9aa5b490c4b26aef25883802c4d8eb6e4dcb09c866e7d31677352f7beb6c4f9fcbbcc75e9b']",,,,,
24,INTERESSENSVERTRETUNGEN,ORGANIZATION,"INTERESSENSVERTRETUNGEN are advocacy and interest groups in Austria, including organizations such as industry associations, stakeholder organizations, unions, and NGOs. They play a significant role in representing the interests of various parties involved in the implementation of photovoltaic (PV) technology and broader energy system changes. These groups actively contribute the perspectives and concerns of different societal segments to the energy policy decision-making process, ensuring that a diverse range of viewpoints and needs are considered. By participating in policy discussions, INTERESSENSVERTRETUNGEN help shape energy policy outcomes, promote stakeholder engagement, and support the integration of innovative energy solutions within the Austrian energy sector.",2,4,"['50fb8f6506c2271985ee7ffe42523d2eb06abbd85be8ea5021ae2d36d260f6f63d177e59ca2da764eeaeb4a953c841282dbf214859a753f968cb6e6cb86e0c72'
 '50e06bf07ca2ce3a4e0dc0520305a36334e339dc022e32de2a78b62769102078202b01514330a1c4939e30fdb8f4d3884f790c7814b2e95e9bdb0894b3323a4e']",,,,,
25,INTEGRIERTER ÖSTERREICHISCHER NETZINFRASTRUKTURPLAN (NIP),ORGANIZATION,"The INTEGRIERTER ÖSTERREICHISCHER NETZINFRASTRUKTURPLAN (NIP), or Integrated Austrian Network Infrastructure Plan, is a central and strategic planning document that provides a comprehensive framework for the development and expansion of Austria's energy network infrastructure. Serving as both a guideline and a planning authority, the NIP assesses and plans for the nation's energy grid needs, covering both electricity and gas networks. This crucial document plays a key role in aligning infrastructure development with Austria’s national energy targets and timelines.

The NIP identifies potential sites and infrastructure required for the integration and deployment of renewable energy sources across the country, such as photovoltaic installations, and includes projections for their expansion up to the year 2040. It analyzes various scenarios and assesses the potentials for expanding not only the electricity grid but also the broader energy network to support the transition to renewable energy. By mapping out possible developments and required actions, the NIP ensures that network expansion remains synchronized with Austria’s long-term goals for increasing the share of renewable energy in its energy mix.

Furthermore, the NIP serves as a foundational resource for policymakers, regulators, and industry stakeholders by providing detailed projections, site assessments, and coordination of network development measures. This integrated approach helps Austria to efficiently plan, invest in, and implement the necessary infrastructure changes to achieve climate and energy objectives, thereby supporting the country’s commitment to a sustainable and secure energy future.",4,6,"['50e06bf07ca2ce3a4e0dc0520305a36334e339dc022e32de2a78b62769102078202b01514330a1c4939e30fdb8f4d3884f790c7814b2e95e9bdb0894b3323a4e'
 'f9e54ba797ff2b80a5f0e5f24e3901236ac4130e4e84d01615e67bc810b290cd5ac7c08f71a782797073050d512eda2695c3659569deba0d4bd5c3ab6195784a'
 '41bd25afdc1cce74b36dd6db5e44e91354172fda16475ab6a3f6cf99bddc720aa91cb56b5ea1b1c4774c8c97017d6bb03c52ba2676d7cfaab1c73fed8ab82912'
 '6a1a5132f360531b1174e0eac2b2c5b6ece3b0771a8037231306baf0af8e8ca23de435f581fc62d6794cab81a5dadf3235b66eda56c331a0043621c688fbe302']",,,,,
26,PHOTOVOLTAIK-STRATEGIE,EVENT,"Die österreichische Photovoltaik-Strategie ist ein umfassendes, anpassbares Planungs- und Steuerungsdokument, das Ziele, Maßnahmen und Effekte für den Ausbau der Photovoltaik bis 2040 beschreibt und regelt.",1,6,['50e06bf07ca2ce3a4e0dc0520305a36334e339dc022e32de2a78b62769102078202b01514330a1c4939e30fdb8f4d3884f790c7814b2e95e9bdb0894b3323a4e'],,,,,
27,EU-EMISSIONSHANDEL,ORGANIZATION,Der EU-Emissionshandel ist das zentrale europäische Instrument zur Bepreisung und Reduktion von CO₂-Emissionen für besonders energieintensive Sektoren.,1,1,['50e06bf07ca2ce3a4e0dc0520305a36334e339dc022e32de2a78b62769102078202b01514330a1c4939e30fdb8f4d3884f790c7814b2e95e9bdb0894b3323a4e'],,,,,
28,EUROPÄISCHE UNION,ORGANIZATION,"The EUROPÄISCHE UNION (European Union, EU) is a political and economic union currently comprising 27 member states across Europe. It functions as a Staatenverbund (association of states) whose legal frameworks and research programs have a significant impact on the implementation of climate and energy transition policies in member countries, such as Austria. The EU sets binding, overarching targets related to renewable energy development, nature conservation, and energy efficiency for all its members. In this context, it establishes legislative and regulatory instruments—including directives like RED III (Renewable Energy Directive III) and supporting laws such as the Nature Restoration Law—which guide national policies and legislation. Through these measures, the EU plays a central role in shaping the climate, energy, and environmental strategies within its territory, ensuring coordinated progress towards sustainability and climate neutrality among its member states.",2,4,"['50e06bf07ca2ce3a4e0dc0520305a36334e339dc022e32de2a78b62769102078202b01514330a1c4939e30fdb8f4d3884f790c7814b2e95e9bdb0894b3323a4e'
 '41bd25afdc1cce74b36dd6db5e44e91354172fda16475ab6a3f6cf99bddc720aa91cb56b5ea1b1c4774c8c97017d6bb03c52ba2676d7cfaab1c73fed8ab82912']",,,,,
29,FORSCHUNGSRAMMENPROGRAMM,EVENT,"Das Europäische Forschungsrahmenprogramm ist das umfassende EU-Programm für Forschung und Innovation, das als Leitbild für die Entwicklung des österreichischen Wirtschaftsstandortes dient.",1,1,['50e06bf07ca2ce3a4e0dc0520305a36334e339dc022e32de2a78b62769102078202b01514330a1c4939e30fdb8f4d3884f790c7814b2e95e9bdb0894b3323a4e'],,,,,
30,LANDESREGIERUNGEN,ORGANIZATION,Österreichische Landesregierungen sind für die Umsetzung der Energiewende und die Beteiligung an bundeslandspezifischen Maßnahmen zuständig.,1,2,['50e06bf07ca2ce3a4e0dc0520305a36334e339dc022e32de2a78b62769102078202b01514330a1c4939e30fdb8f4d3884f790c7814b2e95e9bdb0894b3323a4e'],,,,,
31,GEMEINDEN,ORGANIZATION,Österreichische Gemeinden spielen eine Schlüsselrolle bei der Umsetzung erneuerbarer Energien und der Transformation auf lokaler Ebene.,1,2,['50e06bf07ca2ce3a4e0dc0520305a36334e339dc022e32de2a78b62769102078202b01514330a1c4939e30fdb8f4d3884f790c7814b2e95e9bdb0894b3323a4e'],,,,,
32,NETZBETREIBER,ORGANIZATION,"Netzbetreiber sind für den Betrieb, Ausbau und die Zuverlässigkeit des Stromnetzes in Österreich zuständig, insbesondere im Zuge des Ausbaus erneuerbarer Energien.",1,1,['50e06bf07ca2ce3a4e0dc0520305a36334e339dc022e32de2a78b62769102078202b01514330a1c4939e30fdb8f4d3884f790c7814b2e95e9bdb0894b3323a4e'],,,,,
33,ELEKTROTECHNISCHE NORMUNGSORGANISATION,ORGANIZATION,Elektrotechnische Normungsorganisationen legen technische Standards für den sicheren Ausbau und Betrieb von PV-Anlagen und anderen energietechnischen Einrichtungen fest.,1,1,['50e06bf07ca2ce3a4e0dc0520305a36334e339dc022e32de2a78b62769102078202b01514330a1c4939e30fdb8f4d3884f790c7814b2e95e9bdb0894b3323a4e'],,,,,
34,STROMMARKT,EVENT,"Der Strommarkt bezeichnet den Handelsplatz für elektrische Energie, an dem durch die Energiewende neue Rollen für Bürger:innen als aktive Marktteilnehmer entstehen.",1,1,['50e06bf07ca2ce3a4e0dc0520305a36334e339dc022e32de2a78b62769102078202b01514330a1c4939e30fdb8f4d3884f790c7814b2e95e9bdb0894b3323a4e'],,,,,
35,REGIERUNGSPROGRAMM,EVENT,"Das Regierungsprogramm umfasst die politischen Zielvorgaben und Maßnahmen der Bundesregierungen in Österreich für Klimaschutz, Energiewende und Innovation.",1,1,['50e06bf07ca2ce3a4e0dc0520305a36334e339dc022e32de2a78b62769102078202b01514330a1c4939e30fdb8f4d3884f790c7814b2e95e9bdb0894b3323a4e'],,,,,
36,PHOTOVOLTAIK-AUSBAU,EVENT,"Der Ausbau der Photovoltaik in Österreich ist ein laufender Prozess mit dem Ziel, bis 2040 einen maßgeblichen Anteil der Energieversorgung durch Sonnenenergie zu erzielen.",1,2,['50e06bf07ca2ce3a4e0dc0520305a36334e339dc022e32de2a78b62769102078202b01514330a1c4939e30fdb8f4d3884f790c7814b2e95e9bdb0894b3323a4e'],,,,,
37,BUNDESLÄNDER,GEO,"The ""Bundesländer"" are the federal states within Austria, functioning as subnational administrative regions. Each Bundesland is responsible for setting and implementing ambitious targets for the expansion of renewable energy infrastructure, including photovoltaic systems. They play a central role in Austria's renewable energy strategies, holding primary jurisdiction over areas such as building and spatial planning, and nature conservation. Additionally, the Bundesländer are integral in supporting regional aspects of energy strategy; this includes aiding energy communities by providing advisory centers and implementation support. Collectively, the Bundesländer are crucial to achieving Austria's renewable energy objectives, working both independently and collaboratively to meet national and regional targets for sustainable energy development.",4,11,"['e498566a78d36b3ce13304157993b9b4269045840f1d63663ab07328cc5c6a9ebc15f47c9ae340cbebf706bc8faebd35ccc4f11ae0aa4cb9a223345224329757'
 'e498566a78d36b3ce13304157993b9b4269045840f1d63663ab07328cc5c6a9ebc15f47c9ae340cbebf706bc8faebd35ccc4f11ae0aa4cb9a223345224329757'
 '23663988970639bea940978ccbd9150fd292856f2f31a1d587392606a64713d5dfeade66f1beea67d1cc0b0e93012337685e0eca3267f98c1695a466657a8b24'
 'dafd7f2f39e49c87969ec1360e9fae0af9de6f290655205c8c120dd24dcc85da04f0536237f7f9529d31deed892d5abae3b8f58fb66ae9e497327f23b1e6b750']",,,,,
38,PV-ANLAGE,ORGANIZATION,"PV-ANLAGE (Photovoltaic system) refers to decentralized solar power generation installations that are widely deployed in Austria for electricity production across buildings and infrastructure. Collectively, PV-ANLAGE encompasses various types of photovoltaic (PV) installations or plants, which play an essential role in the renewable electricity production sector of Austria. Photovoltaic installations under PV-ANLAGE include a range of system types such as rooftop systems, building-integrated photovoltaics, freestanding solar plants, and community PV systems. These installations are designed to generate solar energy primarily for local consumption, but they are also capable of storing energy and exporting surplus electricity to the grid. By contributing clean, renewable energy, PV-ANLAGE supports Austria’s efforts in advancing sustainable energy solutions and reducing reliance on fossil fuels.",3,20,"['e498566a78d36b3ce13304157993b9b4269045840f1d63663ab07328cc5c6a9ebc15f47c9ae340cbebf706bc8faebd35ccc4f11ae0aa4cb9a223345224329757'
 'e498566a78d36b3ce13304157993b9b4269045840f1d63663ab07328cc5c6a9ebc15f47c9ae340cbebf706bc8faebd35ccc4f11ae0aa4cb9a223345224329757'
 '41bd25afdc1cce74b36dd6db5e44e91354172fda16475ab6a3f6cf99bddc720aa91cb56b5ea1b1c4774c8c97017d6bb03c52ba2676d7cfaab1c73fed8ab82912']",,,,,
39,BIOENERGIE,ORGANIZATION,"BIOENERGIE refers to the sector in Austria dedicated to the generation and use of renewable energy derived from biological sources, such as biomass. This sector plays a key role in Austria’s overall renewable energy supply, harnessing various organic materials—including agricultural byproducts, wood, and other biological matter—to produce energy. The use of bioenergy not only supports Austria’s efforts to diversify its energy portfolio and increase sustainability, but also complements other renewable energy sources within the country. As an integral component of Austria’s renewable energy strategy, BIOENERGIE contributes to reducing dependence on fossil fuels and lowering greenhouse gas emissions, thereby supporting environmental and climate goals.",2,2,"['e498566a78d36b3ce13304157993b9b4269045840f1d63663ab07328cc5c6a9ebc15f47c9ae340cbebf706bc8faebd35ccc4f11ae0aa4cb9a223345224329757'
 'e498566a78d36b3ce13304157993b9b4269045840f1d63663ab07328cc5c6a9ebc15f47c9ae340cbebf706bc8faebd35ccc4f11ae0aa4cb9a223345224329757']",,,,,
40,WASSERKRAFT,ORGANIZATION,"WASSERKRAFT, also known as hydropower, is a renewable energy source that significantly contributes to Austria's electricity generation. Representing hydropower generation facilities and operations, WASSERKRAFT plays a major role in the country's renewable electricity sector, highlighting its importance in Austria's overall energy mix.",2,2,"['e498566a78d36b3ce13304157993b9b4269045840f1d63663ab07328cc5c6a9ebc15f47c9ae340cbebf706bc8faebd35ccc4f11ae0aa4cb9a223345224329757'
 'e498566a78d36b3ce13304157993b9b4269045840f1d63663ab07328cc5c6a9ebc15f47c9ae340cbebf706bc8faebd35ccc4f11ae0aa4cb9a223345224329757']",,,,,
41,WINDENERGIE,ORGANIZATION,"WINDENERGIE refers to the wind energy sector in Austria, which is a significant contributor to the country’s renewable electricity supply. As a vital component of Austria’s national renewable energy mix, WINDENERGIE plays an important role in advancing sustainable energy production and supporting Austria's goals for cleaner, greener power generation.",2,2,"['e498566a78d36b3ce13304157993b9b4269045840f1d63663ab07328cc5c6a9ebc15f47c9ae340cbebf706bc8faebd35ccc4f11ae0aa4cb9a223345224329757'
 'e498566a78d36b3ce13304157993b9b4269045840f1d63663ab07328cc5c6a9ebc15f47c9ae340cbebf706bc8faebd35ccc4f11ae0aa4cb9a223345224329757']",,,,,
42,GRÜNER WASSERSTOFF,ORGANIZATION,"Grüner Wasserstoff, or green hydrogen, refers to hydrogen produced by using renewable electricity, such as that generated from solar power and other renewable energy sources. In Austria, grüner Wasserstoff is specifically produced via renewable methods, including solar energy, making it a sustainable and environmentally friendly alternative to conventional hydrogen production techniques. This form of hydrogen serves as an energy carrier, enabling the storage of surplus electricity generated from photovoltaic (PV) systems and other renewable sources. Additionally, grüner Wasserstoff is intended for both storage and export, helping to stabilize the energy supply and offering opportunities for Austria to utilize or share excess renewable energy resources.",2,1,"['e498566a78d36b3ce13304157993b9b4269045840f1d63663ab07328cc5c6a9ebc15f47c9ae340cbebf706bc8faebd35ccc4f11ae0aa4cb9a223345224329757'
 'e498566a78d36b3ce13304157993b9b4269045840f1d63663ab07328cc5c6a9ebc15f47c9ae340cbebf706bc8faebd35ccc4f11ae0aa4cb9a223345224329757']",,,,,
43,ENERGIEGEMEINSCHAFTEN,ORGANIZATION,"ENERGIEGEMEINSCHAFTEN (energy communities) are formal or informal organizations or associations composed of citizens, companies, or localities that collaborate to generate, share, and use renewable energy, with a particular focus on photovoltaic (PV) power. Functioning primarily at the local or community level, these groups enable members to jointly produce, store, and consume electricity, often through the integration of PV and storage solutions within neighborhoods or districts.

In Austria, Energiegemeinschaften are legally enabled entities that support the decentralized production and use of renewable energy, such as solar power. They allow residents and companies to participate in the collective development, management, and utilization of renewable energy projects, thereby encouraging local engagement and promoting energy autonomy. By facilitating joint action, these communities not only contribute to value creation for their members but also play a crucial role in Austria’s transition toward decentralized power systems and the broader expansion of community-driven PV installations.

Overall, Energiegemeinschaften serve as a key driver for sustainable energy practices, empowering various stakeholders to take an active role in the energy transition and reinforcing community-level participation in renewable energy generation, storage, and consumption.",6,14,"['e498566a78d36b3ce13304157993b9b4269045840f1d63663ab07328cc5c6a9ebc15f47c9ae340cbebf706bc8faebd35ccc4f11ae0aa4cb9a223345224329757'
 'e498566a78d36b3ce13304157993b9b4269045840f1d63663ab07328cc5c6a9ebc15f47c9ae340cbebf706bc8faebd35ccc4f11ae0aa4cb9a223345224329757'
 'f9e54ba797ff2b80a5f0e5f24e3901236ac4130e4e84d01615e67bc810b290cd5ac7c08f71a782797073050d512eda2695c3659569deba0d4bd5c3ab6195784a'
 '2d9fdebd364caf6ea226dc0ee6624e0c2d54fc65848a9cd18f9b868675333d5be302c20a6cbb1b4f9503e536f5051a60a8783cd3657ab2cf1f9daf65be366c76'
 'dafd7f2f39e49c87969ec1360e9fae0af9de6f290655205c8c120dd24dcc85da04f0536237f7f9529d31deed892d5abae3b8f58fb66ae9e497327f23b1e6b750'
 '05802f69e17001a506260c74ca400f6a1368fbf0132720e670d13ffd39c31d615ca94e0ffc071332bd317faa48542bde7970720b9f035d496136fc5d6bbb8ca5']",,,,,
44,FREIFLÄCHEN-BIODIVERSITÄTSANLAGEN,ORGANIZATION,"FREIFLÄCHEN-BIODIVERSITÄTSANLAGEN are large-scale, ground-mounted photovoltaic (PV) parks located in Austria. These installations are purposefully designed not only for the generation of electricity but also to foster biodiversity and support ecological restoration. By integrating solar energy production with the simultaneous creation and preservation of natural habitats, Freiflächen-Biodiversitätsanlagen contribute to habitat diversity. Their dual function ensures that the implementation of renewable energy infrastructure goes hand-in-hand with ecological enhancements, making them a pioneering approach to sustainable land use in the context of Austria’s transition to renewable energy sources.",2,2,"['e498566a78d36b3ce13304157993b9b4269045840f1d63663ab07328cc5c6a9ebc15f47c9ae340cbebf706bc8faebd35ccc4f11ae0aa4cb9a223345224329757'
 'e498566a78d36b3ce13304157993b9b4269045840f1d63663ab07328cc5c6a9ebc15f47c9ae340cbebf706bc8faebd35ccc4f11ae0aa4cb9a223345224329757']",,,,,
45,AGRI-PV-ANLAGEN,ORGANIZATION,"AGRI-PV-ANLAGEN are agricultural photovoltaic installations, also known as agrivoltaic systems, that integrate solar energy generation with active agricultural activities on the same land area. These systems are designed to enable simultaneous farming and electricity production by installing photovoltaic panels within agricultural fields or on farmland. By combining the dual use of land for both crop cultivation or livestock grazing and solar power generation, AGRI-PV-ANLAGEN help enhance land-use efficiency and support the economic resilience of farms through diversified income streams.

In Austria, AGRI-PV-ANLAGEN are promoted in line with the country's renewable energy expansion laws, which provide subsidies for agrivoltaic projects as long as the agricultural productivity of the land is only minimally affected. This legislative framework encourages the adoption of photovoltaic technology within agricultural landscapes while ensuring that farming remains a principal activity. The goal is to maintain high standards of agricultural output alongside renewable electricity generation, contributing to sustainable rural development and the broader transition toward clean energy.

Overall, AGRI-PV-ANLAGEN represent an innovative approach to land management that aligns with both environmental and economic objectives. By integrating photovoltaic systems with agricultural operations, these installations help farmers increase their income, support the expansion of renewable energy, and optimize the use of available land resources.",4,5,"['e498566a78d36b3ce13304157993b9b4269045840f1d63663ab07328cc5c6a9ebc15f47c9ae340cbebf706bc8faebd35ccc4f11ae0aa4cb9a223345224329757'
 'e498566a78d36b3ce13304157993b9b4269045840f1d63663ab07328cc5c6a9ebc15f47c9ae340cbebf706bc8faebd35ccc4f11ae0aa4cb9a223345224329757'
 'f9e54ba797ff2b80a5f0e5f24e3901236ac4130e4e84d01615e67bc810b290cd5ac7c08f71a782797073050d512eda2695c3659569deba0d4bd5c3ab6195784a'
 '41bd25afdc1cce74b36dd6db5e44e91354172fda16475ab6a3f6cf99bddc720aa91cb56b5ea1b1c4774c8c97017d6bb03c52ba2676d7cfaab1c73fed8ab82912']",,,,,
46,SOLARINDUSTRIE,ORGANIZATION,"SOLARINDUSTRIE, referring to the solar power industry in Austria and across Europe, encompasses a broad spectrum of activities including research, manufacturing, deployment, and export of solar technologies. Within Austria, the solar industry (Solarindustrie) is composed of manufacturers, exporters, and technology developers specializing in photovoltaic (PV) technologies. This industry plays a significant role in advancing innovation and maintaining international competitiveness, both by developing cutting-edge solar solutions and by engaging in the export of technologies to global markets. Through its focus on research and development, manufacturing excellence, and export activities, SOLARINDUSTRIE is a key contributor to the growth of renewable energy in Austria and throughout Europe.",2,2,"['e498566a78d36b3ce13304157993b9b4269045840f1d63663ab07328cc5c6a9ebc15f47c9ae340cbebf706bc8faebd35ccc4f11ae0aa4cb9a223345224329757'
 'e498566a78d36b3ce13304157993b9b4269045840f1d63663ab07328cc5c6a9ebc15f47c9ae340cbebf706bc8faebd35ccc4f11ae0aa4cb9a223345224329757']",,,,,
47,PV-WERTSCHÖPFUNGSKETTE,ORGANIZATION,"The PV-WERTSCHÖPFUNGSKETTE, also known as the PV value chain, encompasses all stages of innovation, production, and deployment within Austria’s photovoltaic sector. This value chain includes a comprehensive range of activities, starting from the initial stages of research and technological innovation, progressing through the manufacturing of photovoltaic (PV) technology, followed by its deployment and installation. Additionally, the PV-WERTSCHÖPFUNGSKETTE covers the end-of-life processes of PV technology, such as recycling, ensuring that the full lifecycle of photovoltaic products is addressed within Austria’s solar energy industry.",2,2,"['e498566a78d36b3ce13304157993b9b4269045840f1d63663ab07328cc5c6a9ebc15f47c9ae340cbebf706bc8faebd35ccc4f11ae0aa4cb9a223345224329757'
 'e498566a78d36b3ce13304157993b9b4269045840f1d63663ab07328cc5c6a9ebc15f47c9ae340cbebf706bc8faebd35ccc4f11ae0aa4cb9a223345224329757']",,,,,
48,BIODIVERSITÄTS-SOLARPARKS,ORGANIZATION,"Biodiversitäts-Solarparks are specialized solar parks designed not only for electricity generation but also to provide significant ecological benefits. These solar parks are intentionally developed to foster biodiversity and support the restoration of natural habitats, creating environments that promote the presence and flourishing of a variety of plant and animal species. By integrating renewable energy production with ecological enhancements, Biodiversitäts-Solarparks offer a dual function: delivering clean electricity while supporting the conservation and restoration of local ecosystems.",2,2,"['e498566a78d36b3ce13304157993b9b4269045840f1d63663ab07328cc5c6a9ebc15f47c9ae340cbebf706bc8faebd35ccc4f11ae0aa4cb9a223345224329757'
 'e498566a78d36b3ce13304157993b9b4269045840f1d63663ab07328cc5c6a9ebc15f47c9ae340cbebf706bc8faebd35ccc4f11ae0aa4cb9a223345224329757']",,,,,
49,FACHKRÄFTE,PERSON,"""FACHKRÄFTE"" refers to highly qualified and skilled professionals, specialists, and workers who possess technical or vocational expertise within the photovoltaic (PV) and broader renewable energy sector in Austria. These individuals play essential roles in the installation, manufacturing, and operation of PV technology. The term encompasses both those currently active in the industry and those targeted for continued development and retention in order to support Austria's PV industry. FACHKRÄFTE are central to advancing the adoption and maintenance of PV technologies and ensuring the continued growth and innovation within the Austrian renewable energy sector.",3,2,"['e498566a78d36b3ce13304157993b9b4269045840f1d63663ab07328cc5c6a9ebc15f47c9ae340cbebf706bc8faebd35ccc4f11ae0aa4cb9a223345224329757'
 'e498566a78d36b3ce13304157993b9b4269045840f1d63663ab07328cc5c6a9ebc15f47c9ae340cbebf706bc8faebd35ccc4f11ae0aa4cb9a223345224329757'
 '9ce049a98570c6bf53cf9e547168db075af2795fa519422bd27a2c9aa5b490c4b26aef25883802c4d8eb6e4dcb09c866e7d31677352f7beb6c4f9fcbbcc75e9b']",,,,,
50,HANDWERKSBETRIEBE,ORGANIZATION,"HANDWERKSBETRIEBE are artisan and craft enterprises that play a crucial role in Austria's renewable energy landscape, particularly within the photovoltaic (PV) sector. As skilled craft and trade businesses, Handwerksbetriebe offer a wide range of services including the installation, maintenance, and technological support for PV systems and related technologies. They are characterized by their expert knowledge and practical experience, ensuring reliable and high-quality execution of technical tasks critical for the deployment and ongoing operation of solar energy systems.

In response to the growing emphasis on sustainable energy, Handwerksbetriebe have increasingly positioned themselves as innovative contributors to the renewable energy market in Austria. Their adaptability and skill set allow them to capitalize on the expanding opportunities within the PV sector. These enterprises not only install and maintain PV systems, but often take an active role in integrating new technological advancements and optimizing system performance, thereby driving forward the transition to cleaner energy sources.

In summary, Handwerksbetriebe are key players in Austria’s move toward renewable energy, providing indispensable expertise and practical services for PV systems while continually adopting innovations to meet the evolving demands of the sector.",3,1,"['e498566a78d36b3ce13304157993b9b4269045840f1d63663ab07328cc5c6a9ebc15f47c9ae340cbebf706bc8faebd35ccc4f11ae0aa4cb9a223345224329757'
 'e498566a78d36b3ce13304157993b9b4269045840f1d63663ab07328cc5c6a9ebc15f47c9ae340cbebf706bc8faebd35ccc4f11ae0aa4cb9a223345224329757'
 '7a01190bcf30936758d004f89d7553c62632e91427f92e6420a9e453f2c5d92ab18ae9e62c46bc28aeb398621b28cfd3af89bf2317c887a5eec276b5b7a51052']",,,,,
51,AKTIVER KUNDE,PERSON,"AKTIVER KUNDE (“Active Customer”) refers to a legal or natural person, as defined under Article 15 of EU Directive 2019/944, who is entitled to participate directly in electricity markets. The term primarily applies to residents or consumers who actively engage in the production, self-consumption, and management of electricity—most commonly through personal or shared photovoltaic (PV) installations. An Aktiver Kunde not only produces and consumes their own electricity, often serving as a prosumer, but may also share electricity with others within a community or participate in collective PV initiatives. Through these activities, active customers can influence market dynamics and grid stability, either individually or as part of a broader energy community. Overall, an Aktiver Kunde plays a significant role in the evolving energy landscape by contributing to decentralized energy production, enhancing renewable energy uptake, and supporting the effective functioning of both local and broader electricity networks.",3,3,"['e498566a78d36b3ce13304157993b9b4269045840f1d63663ab07328cc5c6a9ebc15f47c9ae340cbebf706bc8faebd35ccc4f11ae0aa4cb9a223345224329757'
 'e498566a78d36b3ce13304157993b9b4269045840f1d63663ab07328cc5c6a9ebc15f47c9ae340cbebf706bc8faebd35ccc4f11ae0aa4cb9a223345224329757'
 'f9e54ba797ff2b80a5f0e5f24e3901236ac4130e4e84d01615e67bc810b290cd5ac7c08f71a782797073050d512eda2695c3659569deba0d4bd5c3ab6195784a']",,,,,
52,GEBÄUDEAUSSENTEILE,ORGANIZATION,Building exteriors (Gebäudeaußenteile) in Austria are now commonly used for weather protection as well as for integrated PV power generation.,1,1,['e498566a78d36b3ce13304157993b9b4269045840f1d63663ab07328cc5c6a9ebc15f47c9ae340cbebf706bc8faebd35ccc4f11ae0aa4cb9a223345224329757'],,,,,
53,UMWELTBUNDESAMT,ORGANIZATION,"Umweltbundesamt is Austria's Environment Agency. It provides scientific and analytical support, prepares scenarios for greenhouse gases and energy, and informs policy, including the ""Transition 2040"" scenario noted in the context of PV expansion projections.",1,2,['f9e54ba797ff2b80a5f0e5f24e3901236ac4130e4e84d01615e67bc810b290cd5ac7c08f71a782797073050d512eda2695c3659569deba0d4bd5c3ab6195784a'],,,,,
54,EUROPÄISCHES PARLAMENT UND RAT,ORGANIZATION,"The European Parliament and Council (""Europäisches Parlament und Rat"") are legislative institutions of the European Union, responsible for setting EU directives, including the 2019/944 regulation on rules for the internal electricity market referenced in the text.",1,1,['f9e54ba797ff2b80a5f0e5f24e3901236ac4130e4e84d01615e67bc810b290cd5ac7c08f71a782797073050d512eda2695c3659569deba0d4bd5c3ab6195784a'],,,,,
55,P. BIERMAYR,PERSON,"P. Biermayr is an author and recognized research or academic expert who has made significant contributions to the analysis of Austria's photovoltaic (PV) market. As a lead or co-author, P. Biermayr was instrumental in producing the ""Innovative Energietechnologien in Österreich, Marktentwicklung 2023"" report, which was published in 2024 for the BMK (Federal Ministry for Climate Action, Environment, Energy, Mobility, Innovation and Technology). This comprehensive report serves as a key source of market data and analysis for the Austrian PV sector, providing critical insights into the development and trends of innovative energy technologies in Austria. Biermayr’s expertise and leadership in the field are demonstrated through the depth of analysis and authoritative data presented in the report, making him a significant figure in Austria's ongoing energy transition efforts.",2,1,"['f9e54ba797ff2b80a5f0e5f24e3901236ac4130e4e84d01615e67bc810b290cd5ac7c08f71a782797073050d512eda2695c3659569deba0d4bd5c3ab6195784a'
 '06c273ec9919eb4693462fdacebd50536ccdcf47bacc47b2b30c8a69005636b654b4919dc579696a4a7abbde4a00511a66f0c0be040f4ffc907fc316bee009dc']",,,,,
56,PHOTOVOLTAIKANLAGEN,ORGANIZATION,"Photovoltaikanlagen (Photovoltaic Installations) refers collectively to all organizations, firms, and actors involved in the deployment, operation, ownership, management, and expansion of photovoltaic systems for electricity generation in Austria. These photovoltaic installations, commonly known as photovoltaic systems, play a central role in harnessing solar energy to produce solar electricity. The term encompasses a broad range of entities, including organizations and operators that are directly responsible for setting up, operating, and maintaining the systems, as well as the entities focused on expanding the reach and efficiency of photovoltaic energy across Austria. As a whole, Photovoltaikanlagen contributes significantly to Austria’s efforts in sustainable electricity generation and the national transition towards renewable energy sources.",2,13,"['f9e54ba797ff2b80a5f0e5f24e3901236ac4130e4e84d01615e67bc810b290cd5ac7c08f71a782797073050d512eda2695c3659569deba0d4bd5c3ab6195784a'
 '2d9fdebd364caf6ea226dc0ee6624e0c2d54fc65848a9cd18f9b868675333d5be302c20a6cbb1b4f9503e536f5051a60a8783cd3657ab2cf1f9daf65be366c76']",,,,,
57,MEHRFAMILIENHÄUSER,ORGANIZATION,"Mehrfamilienhäuser, or multi-family buildings, refers here to residential organizations or legal entities whose residents are now able to participate in PV generation and community energy initiatives.",1,1,['f9e54ba797ff2b80a5f0e5f24e3901236ac4130e4e84d01615e67bc810b290cd5ac7c08f71a782797073050d512eda2695c3659569deba0d4bd5c3ab6195784a'],,,,,
58,TRANSITION 2040,EVENT,"Transition 2040 is a climate and energy scenario provided by Umweltbundesamt, projecting the trajectory of Austria's electricity system and greenhouse gas emissions up to 2040, informing policy and infrastructure plans.",1,1,['f9e54ba797ff2b80a5f0e5f24e3901236ac4130e4e84d01615e67bc810b290cd5ac7c08f71a782797073050d512eda2695c3659569deba0d4bd5c3ab6195784a'],,,,,
59,ERNEUERBAREN-AUSBAU-GESETZ,ORGANIZATION,"The Austrian Renewable Expansion Act (""Erneuerbaren-Ausbau-Gesetz"", EAG) is a law regulating and promoting the growth of renewable energies, including PV, setting specific targets and subsidy frameworks.",1,5,['f9e54ba797ff2b80a5f0e5f24e3901236ac4130e4e84d01615e67bc810b290cd5ac7c08f71a782797073050d512eda2695c3659569deba0d4bd5c3ab6195784a'],,,,,
60,STROMNETZ,ORGANIZATION,"The public electricity grid (Stromnetz) in Austria is the infrastructure network that distributes electricity, crucial for connecting PV installations and ensuring electricity delivery to consumers nationwide.",1,6,['f9e54ba797ff2b80a5f0e5f24e3901236ac4130e4e84d01615e67bc810b290cd5ac7c08f71a782797073050d512eda2695c3659569deba0d4bd5c3ab6195784a'],,,,,
61,TEILNEHMER:INNEN MEHRFAMILIENHÄUSER,PERSON,Residents of multi-family buildings (Teilnehmer:innen Mehrfamilienhäuser) in Austria who are participants in the energy transition by utilizing PV and energy community models.,1,1,['f9e54ba797ff2b80a5f0e5f24e3901236ac4130e4e84d01615e67bc810b290cd5ac7c08f71a782797073050d512eda2695c3659569deba0d4bd5c3ab6195784a'],,,,,
62,BETREIBER:INNEN DER PV-ANLAGEN,PERSON,"Operators or owners of PV installations (Betreiber:innen der PV-Anlagen) are individuals or companies who directly operate photovoltaic systems, participating in energy markets.",1,1,['f9e54ba797ff2b80a5f0e5f24e3901236ac4130e4e84d01615e67bc810b290cd5ac7c08f71a782797073050d512eda2695c3659569deba0d4bd5c3ab6195784a'],,,,,
63,BÜRGER:INNEN,PERSON,"BÜRGER:INNEN refers to Austrian citizens who are recognized as central stakeholders and beneficiaries in the country’s energy transition, particularly within the context of decentralized energy generation and energy communities. These citizens are not only the end-users of energy but are also increasingly viewed as direct beneficiaries of innovative energy community and participation models, notably in the photovoltaic (PV) sector. Through evolving strategies and incentives, BÜRGER:INNEN are being encouraged and empowered to take a more active role in the energy sector, fostering broader participation in renewable energy projects and energy markets. As such, they are being positioned as both active participants and key drivers in Austria’s shift toward more sustainable and community-oriented energy solutions. By participating in energy communities and decentralized generation initiatives, citizens contribute directly to the success of the PV energy transition and the broader aims of renewable energy adoption across Austria.",4,5,"['f9e54ba797ff2b80a5f0e5f24e3901236ac4130e4e84d01615e67bc810b290cd5ac7c08f71a782797073050d512eda2695c3659569deba0d4bd5c3ab6195784a'
 '06c273ec9919eb4693462fdacebd50536ccdcf47bacc47b2b30c8a69005636b654b4919dc579696a4a7abbde4a00511a66f0c0be040f4ffc907fc316bee009dc'
 'dafd7f2f39e49c87969ec1360e9fae0af9de6f290655205c8c120dd24dcc85da04f0536237f7f9529d31deed892d5abae3b8f58fb66ae9e497327f23b1e6b750'
 '05802f69e17001a506260c74ca400f6a1368fbf0132720e670d13ffd39c31d615ca94e0ffc071332bd317faa48542bde7970720b9f035d496136fc5d6bbb8ca5']",,,,,
64,UNTERNEHMEN,ORGANIZATION,"UNTERNEHMEN refers to companies (corporate entities) operating in Austria, encompassing both large corporations and small businesses. These companies are notable for integrating smart energy management systems and photovoltaic (PV) installations into their daily operations and overall energy usage. The term generally applies to businesses that are actively engaged in advanced and sustainable practices, particularly in the fields of sustainability, energy, and financial markets. Austrian Unternehmen are distinguished by their commitment to optimizing energy efficiency and embracing renewable energy solutions, reflecting a broader trend toward sustainable development and innovation within the Austrian business sector.",2,3,"['f9e54ba797ff2b80a5f0e5f24e3901236ac4130e4e84d01615e67bc810b290cd5ac7c08f71a782797073050d512eda2695c3659569deba0d4bd5c3ab6195784a'
 '7a01190bcf30936758d004f89d7553c62632e91427f92e6420a9e453f2c5d92ab18ae9e62c46bc28aeb398621b28cfd3af89bf2317c887a5eec276b5b7a51052']",,,,,
65,FORSCHUNGSEINRICHTUNGEN,ORGANIZATION,Research institutions (Forschungseinrichtungen) in Austria leading the advancement of PV and renewable energy-related technologies and innovation.,1,3,['f9e54ba797ff2b80a5f0e5f24e3901236ac4130e4e84d01615e67bc810b290cd5ac7c08f71a782797073050d512eda2695c3659569deba0d4bd5c3ab6195784a'],,,,,
66,PHOTOVOLTAIK,EVENT,"PHOTOVOLTAIK refers to the deployment and expansion of photovoltaic (PV) technology in Austria, which is recognized as a key milestone and ongoing process in the country’s pursuit of climate neutrality. The strategic growth of PV systems is regarded as a central component in achieving Austria's energy transition objectives. It not only enables the reduction of greenhouse gas emissions but also boosts the nation’s energy sovereignty by increasing the share of domestically produced renewable energy. Furthermore, the expansion of photovoltaic technologies supports a wide array of economic, technological, and social sectors. It contributes to sustainable economic development by fostering job creation, stimulating technological innovation, and securing Austria's leadership role in renewable energy. Socially, the proliferation of PV systems encourages public participation in the energy transition, enhances local resilience, and promotes sustainable practices across communities. Overall, PHOTOVOLTAIK plays a crucial role in Austria's efforts to meet its climate targets and support the broader transition to a sustainable energy future.",2,5,"['06c273ec9919eb4693462fdacebd50536ccdcf47bacc47b2b30c8a69005636b654b4919dc579696a4a7abbde4a00511a66f0c0be040f4ffc907fc316bee009dc'
 '05802f69e17001a506260c74ca400f6a1368fbf0132720e670d13ffd39c31d615ca94e0ffc071332bd317faa48542bde7970720b9f035d496136fc5d6bbb8ca5']",,,,,
67,WOHNUNGSEIGENTUMSGESETZ,EVENT,"The Wohnungseigentumsgesetz (Housing Property Act or Austrian Home Ownership Act) is a piece of legislation in Austria that governs property ownership, particularly in the context of apartments, row houses, and individual buildings. In January 2022, the Wohnungseigentumsgesetz was amended to introduce significant simplifications for the construction of photovoltaic (solar) installations. These changes were specifically designed to make it easier for property owners in terraced houses (row houses) and detached (single) buildings to install photovoltaic systems. The amendments aim to promote sustainable energy solutions by reducing bureaucratic obstacles and streamlining the approval process for such installations, thereby supporting Austria's climate and energy goals.",2,5,"['06c273ec9919eb4693462fdacebd50536ccdcf47bacc47b2b30c8a69005636b654b4919dc579696a4a7abbde4a00511a66f0c0be040f4ffc907fc316bee009dc'
 '23663988970639bea940978ccbd9150fd292856f2f31a1d587392606a64713d5dfeade66f1beea67d1cc0b0e93012337685e0eca3267f98c1695a466657a8b24']",,,,,
68,ELEKTRIZITÄTSWIRTSCHAFTSGESETZ,EVENT,"The Electricity Management Act, a legislative package in Austria under review in early 2024, intended to further regulate and promote the expansion and management of the electrical power industry, especially concerning photovoltaics.",1,1,['06c273ec9919eb4693462fdacebd50536ccdcf47bacc47b2b30c8a69005636b654b4919dc579696a4a7abbde4a00511a66f0c0be040f4ffc907fc316bee009dc'],,,,,
69,INNOVATIVE UNTERNEHMEN,ORGANIZATION,"Austrian innovative companies that operate in the photovoltaic sector, driving technological advances, industrial production, and economic value creation within the country.",1,1,['06c273ec9919eb4693462fdacebd50536ccdcf47bacc47b2b30c8a69005636b654b4919dc579696a4a7abbde4a00511a66f0c0be040f4ffc907fc316bee009dc'],,,,,
70,ÖSTERREICHISCHE WIRTSCHAFT,ORGANIZATION,"The Austrian economy, which benefits from the expansion of photovoltaics through increased value creation, lower and more reliable electricity prices, and a strengthened business location.",1,1,['06c273ec9919eb4693462fdacebd50536ccdcf47bacc47b2b30c8a69005636b654b4919dc579696a4a7abbde4a00511a66f0c0be040f4ffc907fc316bee009dc'],,,,,
71,BEVÖLKERUNG,PERSON,"The population of Austria, regarded as an active participant in the energy transition and beneficiary of increased energy sovereignty and affordable energy due to expanded photovoltaic use.",1,1,['06c273ec9919eb4693462fdacebd50536ccdcf47bacc47b2b30c8a69005636b654b4919dc579696a4a7abbde4a00511a66f0c0be040f4ffc907fc316bee009dc'],,,,,
72,PRODUZENT:INNEN,PERSON,"Producers (manufacturers) in Austria’s photovoltaic industry, including internationally operating specialists, contributing to domestic value creation and employment.",1,1,['06c273ec9919eb4693462fdacebd50536ccdcf47bacc47b2b30c8a69005636b654b4919dc579696a4a7abbde4a00511a66f0c0be040f4ffc907fc316bee009dc'],,,,,
73,PV-INDUSTRIE,ORGANIZATION,"PV-INDUSTRIE refers to the photovoltaic industry sector in Austria, which includes a wide array of businesses, companies, and organizations engaged in the industrial-scale manufacturing, deployment, research, and maintenance of photovoltaic systems. This sector encompasses all activities involved in the production of photovoltaic components and systems, the delivery and installation of solar technology, as well as ongoing operational support. PV-INDUSTRIE represents the collective efforts of Austrian manufacturers, service providers, and research institutions dedicated to advancing and expanding photovoltaic technology throughout the country.",2,5,"['06c273ec9919eb4693462fdacebd50536ccdcf47bacc47b2b30c8a69005636b654b4919dc579696a4a7abbde4a00511a66f0c0be040f4ffc907fc316bee009dc'
 '9ce049a98570c6bf53cf9e547168db075af2795fa519422bd27a2c9aa5b490c4b26aef25883802c4d8eb6e4dcb09c866e7d31677352f7beb6c4f9fcbbcc75e9b']",,,,,
74,GEWERBE,ORGANIZATION,"Commercial trades and businesses working alongside the PV industry, providing skilled employment and supporting the sector’s growth in Austria.",1,1,['06c273ec9919eb4693462fdacebd50536ccdcf47bacc47b2b30c8a69005636b654b4919dc579696a4a7abbde4a00511a66f0c0be040f4ffc907fc316bee009dc'],,,,,
75,PRIVATPERSONEN,PERSON,Private individuals in Austria who are targeted by policy incentives to install photovoltaic systems and thus play a pivotal role in decentralized energy production.,1,1,['06c273ec9919eb4693462fdacebd50536ccdcf47bacc47b2b30c8a69005636b654b4919dc579696a4a7abbde4a00511a66f0c0be040f4ffc907fc316bee009dc'],,,,,
76,ELEKTRIZITÄTSWIRTSCHAFTSGESETZ (ELWG),EVENT,"The Elektrizitätswirtschaftsgesetz (ELWG), also known as the Austrian Electricity Industry Act, is a newly established and recently updated legislative framework governing the Austrian electricity industry. As of early 2024, the ElWG is under review and introduces a comprehensive set of contemporary regulations designed to address the evolving challenges facing the electricity sector. Central to its purpose is the facilitation of grid connection for renewable energy plants, including photovoltaic systems, reflecting Austria's commitment to expanding the role of renewables in its energy mix.

The ELWG sets out clear rules and requirements for the management and operation of the electricity grid, with a focus on promoting the integration of renewable energy sources. To this end, the Act introduces measures that enhance market transparency, create new roles within the electricity market, and provide increased flexibility, all aimed at accelerating the deployment of renewable energy systems. The legislation is intended to support the faster and more efficient integration of renewables by removing barriers to grid access and establishing a supportive regulatory environment.

Overall, the Elektrizitätswirtschaftsgesetz (ELWG) positions Austria’s electricity industry for a sustainable future by modernizing its legal framework, streamlining the integration of renewable energy technologies, and fostering a transparent, flexible, and innovation-friendly electricity market.",3,5,"['23663988970639bea940978ccbd9150fd292856f2f31a1d587392606a64713d5dfeade66f1beea67d1cc0b0e93012337685e0eca3267f98c1695a466657a8b24'
 '41bd25afdc1cce74b36dd6db5e44e91354172fda16475ab6a3f6cf99bddc720aa91cb56b5ea1b1c4774c8c97017d6bb03c52ba2676d7cfaab1c73fed8ab82912'
 '6a1a5132f360531b1174e0eac2b2c5b6ece3b0771a8037231306baf0af8e8ca23de435f581fc62d6794cab81a5dadf3235b66eda56c331a0043621c688fbe302']",,,,,
77,ERNEUERBAREN-AUSBAU-BESCHLEUNIGUNGSGESETZ (E-ABG),EVENT,The Renewable Expansion Acceleration Act is in preparation to accelerate procedures for the establishment of photovoltaic systems and the necessary infrastructures for the energy transition.,1,2,['23663988970639bea940978ccbd9150fd292856f2f31a1d587392606a64713d5dfeade66f1beea67d1cc0b0e93012337685e0eca3267f98c1695a466657a8b24'],,,,,
78,BUND,ORGANIZATION,"The federal government of Austria, which collaborates with the states (Bundesländer) to achieve national renewable energy and electricity consumption goals.",1,14,['23663988970639bea940978ccbd9150fd292856f2f31a1d587392606a64713d5dfeade66f1beea67d1cc0b0e93012337685e0eca3267f98c1695a466657a8b24'],,,,,
79,BUND-LÄNDER-DIALOG ERNEUERBARE ENERGIE,ORGANIZATION,A cooperation committee between the federal government (Bund) and the federal states (Bundesländer) aiming to reach national targets for renewable energy through joint strategy development and ongoing evaluation.,1,3,['23663988970639bea940978ccbd9150fd292856f2f31a1d587392606a64713d5dfeade66f1beea67d1cc0b0e93012337685e0eca3267f98c1695a466657a8b24'],,,,,
80,LANDESENERGIEREFERENT:INNEN,PERSON,Regional energy ministers or representatives from the Austrian states involved in the decision to establish the Bund-Länder-Dialog for Renewable Energy.,1,1,['23663988970639bea940978ccbd9150fd292856f2f31a1d587392606a64713d5dfeade66f1beea67d1cc0b0e93012337685e0eca3267f98c1695a466657a8b24'],,,,,
81,EU,ORGANIZATION,"The European Union (EU) is a political and economic union composed primarily of European countries. It plays a central role in shaping regulations, laws, and strategies aimed at promoting sustainable energy production, driving the energy transition, and fostering competitive industries across its member states. The EU is known for orchestrating comprehensive policy initiatives, such as the Net Zero Industry Act and the EU-Taxonomy, which are designed to boost clean technology production and provide financial support to sustainable industries. Notably, the EU provides guidance, funding, and strategic support to individual member states—such as Austria—to facilitate their green transformation efforts.

In addition to engineering collaborative efforts among its members, the EU establishes directives and renaturation goals with significant impacts on national policies concerning energy performance, conservation, and the expansion of renewable energy sources. These directives ensure that member states align with broader environmental, economic, and sustainability objectives set forth by the union. Through these multifaceted actions, the European Union continues to be a key orchestrator of Europe’s collective response to climate change, industrial competitiveness, and the advancement of a sustainable, low-carbon future for its members.",3,8,"['23663988970639bea940978ccbd9150fd292856f2f31a1d587392606a64713d5dfeade66f1beea67d1cc0b0e93012337685e0eca3267f98c1695a466657a8b24'
 '7a01190bcf30936758d004f89d7553c62632e91427f92e6420a9e453f2c5d92ab18ae9e62c46bc28aeb398621b28cfd3af89bf2317c887a5eec276b5b7a51052'
 '9ce049a98570c6bf53cf9e547168db075af2795fa519422bd27a2c9aa5b490c4b26aef25883802c4d8eb6e4dcb09c866e7d31677352f7beb6c4f9fcbbcc75e9b']",,,,,
82,KLIMAMODELLREGIONEN,GEO,Designated climate model regions in Austria intended to be advanced as leading regions for ambitious PV generation and ecological practices.,1,2,['23663988970639bea940978ccbd9150fd292856f2f31a1d587392606a64713d5dfeade66f1beea67d1cc0b0e93012337685e0eca3267f98c1695a466657a8b24'],,,,,
83,LANDWIRTSCHAFT,ORGANIZATION,"The agricultural sector, identified as a key player for implementing and benefiting from Agri-PV systems which enable dual land use and increased efficiency.",1,1,['23663988970639bea940978ccbd9150fd292856f2f31a1d587392606a64713d5dfeade66f1beea67d1cc0b0e93012337685e0eca3267f98c1695a466657a8b24'],,,,,
84,ENERGY PERFORMANCE OF BUILDINGS DIRECTIVE,EVENT,"A legal directive of the European Union, as of April 12, 2024, requiring certain energy performance standards (including PV mandates) for buildings.",1,1,['23663988970639bea940978ccbd9150fd292856f2f31a1d587392606a64713d5dfeade66f1beea67d1cc0b0e93012337685e0eca3267f98c1695a466657a8b24'],,,,,
85,PV-ANLAGEN,EVENT,"PV-ANLAGEN refers to the deployment, installation, expansion, and operation of photovoltaic (solar) installations in Austria. These PV systems are a central component of Austria's transition to renewable energy, known as the Energiewende. The integration of photovoltaic installations is considered a significant event within the transformation of Austria's renewables sector, highlighting their essential role in increasing renewable energy production across the country. By harnessing solar power, PV-ANLAGEN contribute substantially to Austria’s commitment to reducing carbon emissions and achieving a more sustainable energy future.",2,7,"['23663988970639bea940978ccbd9150fd292856f2f31a1d587392606a64713d5dfeade66f1beea67d1cc0b0e93012337685e0eca3267f98c1695a466657a8b24'
 '6927535991c09031efd0df39ec21591dd3bb460da14c01bc36d343f0078b726ed44d06a0c6bb518236ea61ed8c8b15365630cf185b8012e963898f2e117f7d8a']",,,,,
86,PV-FREIFLÄCHENANLAGEN,EVENT,"The implementation of large-scale ground-mounted photovoltaic systems, including regulations and incentives for such installations.",1,1,['23663988970639bea940978ccbd9150fd292856f2f31a1d587392606a64713d5dfeade66f1beea67d1cc0b0e93012337685e0eca3267f98c1695a466657a8b24'],,,,,
87,PV-DACHGÄRTEN,EVENT,A strategy or event referring to the construction of photovoltaic rooftop gardens aimed at ecological benefits and urban greening in Austria.,1,2,['23663988970639bea940978ccbd9150fd292856f2f31a1d587392606a64713d5dfeade66f1beea67d1cc0b0e93012337685e0eca3267f98c1695a466657a8b24'],,,,,
88,GRÜNDACH,EVENT,"The implementation of green roofs, sometimes in combination with PV for mutually reinforcing environmental and energy benefits.",1,1,['23663988970639bea940978ccbd9150fd292856f2f31a1d587392606a64713d5dfeade66f1beea67d1cc0b0e93012337685e0eca3267f98c1695a466657a8b24'],,,,,
89,NATUR,GEO,Natural landscapes and environments which are to be protected and integrated into renewable energy planning in Austria.,1,1,['23663988970639bea940978ccbd9150fd292856f2f31a1d587392606a64713d5dfeade66f1beea67d1cc0b0e93012337685e0eca3267f98c1695a466657a8b24'],,,,,
90,RAUM,GEO,"Represents spatial planning areas within Austria, crucial for renewable energy infrastructure and building developments.",1,1,['23663988970639bea940978ccbd9150fd292856f2f31a1d587392606a64713d5dfeade66f1beea67d1cc0b0e93012337685e0eca3267f98c1695a466657a8b24'],,,,,
91,GEBÄUDE,GEO,"Buildings in Austria, subject to new or updated regulations for renewable energy integration, such as PV obligations on new construction and renovations.",1,3,['23663988970639bea940978ccbd9150fd292856f2f31a1d587392606a64713d5dfeade66f1beea67d1cc0b0e93012337685e0eca3267f98c1695a466657a8b24'],,,,,
92,PARKPLÄTZE,GEO,Parking areas within Austria being considered for mandatory photovoltaic installations to utilize already sealed surfaces for renewable energy.,1,2,['23663988970639bea940978ccbd9150fd292856f2f31a1d587392606a64713d5dfeade66f1beea67d1cc0b0e93012337685e0eca3267f98c1695a466657a8b24'],,,,,
93,VERTEILERNETZ,ORGANIZATION,"The distribution network for electricity in Austria, key to implementing transparency measures and facilitating grid access for new PV systems.",1,1,['23663988970639bea940978ccbd9150fd292856f2f31a1d587392606a64713d5dfeade66f1beea67d1cc0b0e93012337685e0eca3267f98c1695a466657a8b24'],,,,,
94,NETZENTWICKLUNGSPLÄNE,EVENT,Publication and planning events where grid development plans are made available to guide Photovoltaic (PV) growth.,1,1,['23663988970639bea940978ccbd9150fd292856f2f31a1d587392606a64713d5dfeade66f1beea67d1cc0b0e93012337685e0eca3267f98c1695a466657a8b24'],,,,,
95,REIHENHÄUSER,GEO,"Terraced houses in Austria, now benefiting from regulatory simplification for PV installation.",1,1,['23663988970639bea940978ccbd9150fd292856f2f31a1d587392606a64713d5dfeade66f1beea67d1cc0b0e93012337685e0eca3267f98c1695a466657a8b24'],,,,,
96,EINZELGEBÄUDE,GEO,"Individual buildings in Austria, affected by new guidelines making it easier to mount PV systems.",1,1,['23663988970639bea940978ccbd9150fd292856f2f31a1d587392606a64713d5dfeade66f1beea67d1cc0b0e93012337685e0eca3267f98c1695a466657a8b24'],,,,,
97,NEUBAU,EVENT,"Construction of new buildings in Austria, increasingly subject to PV installation mandates.",1,1,['23663988970639bea940978ccbd9150fd292856f2f31a1d587392606a64713d5dfeade66f1beea67d1cc0b0e93012337685e0eca3267f98c1695a466657a8b24'],,,,,
98,SANIERUNG,EVENT,"Renovation events on buildings in Austria, which now often trigger solar/PV installation requirements.",1,1,['23663988970639bea940978ccbd9150fd292856f2f31a1d587392606a64713d5dfeade66f1beea67d1cc0b0e93012337685e0eca3267f98c1695a466657a8b24'],,,,,
99,BIODIVERSITÄT,EVENT,"The process or outcome of enhancing biodiversity, especially through PV design and land use, aligning with national and EU renaturation goals.",1,1,['23663988970639bea940978ccbd9150fd292856f2f31a1d587392606a64713d5dfeade66f1beea67d1cc0b0e93012337685e0eca3267f98c1695a466657a8b24'],,,,,
100,RENATURIERUNGSZIELE,EVENT,"EU-wide and national restoration goals aiming to enhance biodiversity and natural habitats, with which PV projects must align.",1,1,['23663988970639bea940978ccbd9150fd292856f2f31a1d587392606a64713d5dfeade66f1beea67d1cc0b0e93012337685e0eca3267f98c1695a466657a8b24'],,,,,
101,VERSIEGELTE FLÄCHEN,GEO,"Already-sealed (e.g. paved, built-upon) surfaces in Austria, targeted for renewable energy installations to optimize existing land use.",1,1,['23663988970639bea940978ccbd9150fd292856f2f31a1d587392606a64713d5dfeade66f1beea67d1cc0b0e93012337685e0eca3267f98c1695a466657a8b24'],,,,,
102,FÖRDERMITTEL,EVENT,The process/event of distributing funding or subsidies to promote the deployment and integration of PV and other renewable technologies.,1,1,['23663988970639bea940978ccbd9150fd292856f2f31a1d587392606a64713d5dfeade66f1beea67d1cc0b0e93012337685e0eca3267f98c1695a466657a8b24'],,,,,
103,EUROPAPARLAMENT,ORGANIZATION,"European Parliament, legislative body of the EU, passed resolutions supporting nature protection and renewable energy measures, including the Nature Restoration Law.",1,2,['41bd25afdc1cce74b36dd6db5e44e91354172fda16475ab6a3f6cf99bddc720aa91cb56b5ea1b1c4774c8c97017d6bb03c52ba2676d7cfaab1c73fed8ab82912'],,,,,
104,RED III,EVENT,"RED III, or the Renewable Energy Directive III, is a significant legislative act within the European Union, formally known as Directive (EU) 2023/2413. It amends several previous directives with the overarching goal of promoting the use of energy from renewable sources throughout the EU. Under RED III, member states are required to identify and define renewables acceleration areas—specific regions prioritized for renewable energy development. Additionally, the directive mandates that each member state must present strategic plans for advancing renewable energy initiatives, which includes setting and adhering to specific implementation deadlines. Through these measures, RED III seeks to accelerate the EU’s transition to renewable energy, ensuring coordinated and timely progress across all member states.",2,5,"['41bd25afdc1cce74b36dd6db5e44e91354172fda16475ab6a3f6cf99bddc720aa91cb56b5ea1b1c4774c8c97017d6bb03c52ba2676d7cfaab1c73fed8ab82912'
 '6927535991c09031efd0df39ec21591dd3bb460da14c01bc36d343f0078b726ed44d06a0c6bb518236ea61ed8c8b15365630cf185b8012e963898f2e117f7d8a']",,,,,
105,NATURE RESTORATION LAW,EVENT,An EU law debated and supported by the European Parliament (as of July 2023) aimed at protecting and restoring nature and biodiversity within the EU.,1,1,['41bd25afdc1cce74b36dd6db5e44e91354172fda16475ab6a3f6cf99bddc720aa91cb56b5ea1b1c4774c8c97017d6bb03c52ba2676d7cfaab1c73fed8ab82912'],,,,,
106,ERNEUERBAREN-AUSBAU-BESCHLEUNIGUNGSGESETZ (EABG),EVENT,"Austrian Renewable Expansion Acceleration Act (EABG) seeks to simplify and accelerate permitting and development of renewable energy facilities, including PV, within Austria.",1,0,['41bd25afdc1cce74b36dd6db5e44e91354172fda16475ab6a3f6cf99bddc720aa91cb56b5ea1b1c4774c8c97017d6bb03c52ba2676d7cfaab1c73fed8ab82912'],,,,,
107,ÖKODESIGN-RICHTLINIE,EVENT,"EU Ecodesign Directive, a regulatory framework for improving the environmental performance of products, now expanded to include a life-cycle approach and applies to the photovoltaic sector.",1,1,['41bd25afdc1cce74b36dd6db5e44e91354172fda16475ab6a3f6cf99bddc720aa91cb56b5ea1b1c4774c8c97017d6bb03c52ba2676d7cfaab1c73fed8ab82912'],,,,,
108,"HACKNER, JOHANNES",PERSON,"Johannes Hackner is an individual recognized for his expertise in the field of renewable energy in Austria. He is identified as an author of the study ""Anschluss erneuerbare Energien,"" which analyzes the challenges and requirements for grid connection of renewable energy facilities in Austria. In addition, Johannes Hackner is cited as an author or contributor to various expert documents and studies focusing on photovoltaic (PV) systems and renewable energy in Austria, demonstrating his involvement in the advancement and analysis of renewable energy integration and grid management within the country.",2,5,"['41bd25afdc1cce74b36dd6db5e44e91354172fda16475ab6a3f6cf99bddc720aa91cb56b5ea1b1c4774c8c97017d6bb03c52ba2676d7cfaab1c73fed8ab82912'
 '6927535991c09031efd0df39ec21591dd3bb460da14c01bc36d343f0078b726ed44d06a0c6bb518236ea61ed8c8b15365630cf185b8012e963898f2e117f7d8a']",,,,,
109,EPOOL,ORGANIZATION,"EPOOL is an Austrian organization actively engaged in renewable energy research, advocacy, and consultancy. The organization has been specifically referenced in connection with reports and studies concerning photovoltaic (PV) installation and the broader field of renewable energy within Austria. EPOOL has contributed to research on renewable energy grid connections, notably through its involvement in the study titled ""Anschluss erneuerbare Energien."" The group works closely with entities such as PV Austria, supporting the development, integration, and policy advancement of renewable energy solutions in the country. By participating in key studies and providing expertise, EPOOL plays a significant role in advancing Austria's renewable energy sector, particularly in the integration and connection of renewable sources such as solar PV to the national grid.",3,5,"['41bd25afdc1cce74b36dd6db5e44e91354172fda16475ab6a3f6cf99bddc720aa91cb56b5ea1b1c4774c8c97017d6bb03c52ba2676d7cfaab1c73fed8ab82912'
 '6a1a5132f360531b1174e0eac2b2c5b6ece3b0771a8037231306baf0af8e8ca23de435f581fc62d6794cab81a5dadf3235b66eda56c331a0043621c688fbe302'
 '6927535991c09031efd0df39ec21591dd3bb460da14c01bc36d343f0078b726ed44d06a0c6bb518236ea61ed8c8b15365630cf185b8012e963898f2e117f7d8a']",,,,,
110,PV AUSTRIA,ORGANIZATION,"PV Austria is an organization dedicated to promoting the use and development of photovoltaics (solar energy) in Austria. As an association advocating for photovoltaics, PV Austria plays a significant role in advancing PV strategies and supporting the broader adoption of renewable energy solutions within the country. The organization actively participates in shaping energy policy and fostering sustainable energy initiatives. Furthermore, PV Austria is recognized as a co-author of key studies on the grid connection of renewable energy systems, demonstrating its expertise and leadership in technical and policy aspects of integrating photovoltaics into Austria's energy infrastructure. Through its advocacy, research, and involvement in industry advancements, PV Austria continues to contribute significantly to Austria's transition toward renewable, sustainable energy sources.",2,5,"['41bd25afdc1cce74b36dd6db5e44e91354172fda16475ab6a3f6cf99bddc720aa91cb56b5ea1b1c4774c8c97017d6bb03c52ba2676d7cfaab1c73fed8ab82912'
 '6a1a5132f360531b1174e0eac2b2c5b6ece3b0771a8037231306baf0af8e8ca23de435f581fc62d6794cab81a5dadf3235b66eda56c331a0043621c688fbe302']",,,,,
111,STAKEHOLDERRUNDEN DES BMK,EVENT,Stakeholder rounds organized by BMK to discuss and address challenges in the grid connection and operation of renewable (especially PV) generation facilities.,1,1,['41bd25afdc1cce74b36dd6db5e44e91354172fda16475ab6a3f6cf99bddc720aa91cb56b5ea1b1c4774c8c97017d6bb03c52ba2676d7cfaab1c73fed8ab82912'],,,,,
112,INFRASTRUKTUREINRICHTUNGEN,ORGANIZATION,"Infrastructure facilities in Austria, including transportation, utility, and other structures evaluated for their potential to host renewable energy installations as identified in the Austrian NIP.",1,1,['41bd25afdc1cce74b36dd6db5e44e91354172fda16475ab6a3f6cf99bddc720aa91cb56b5ea1b1c4774c8c97017d6bb03c52ba2676d7cfaab1c73fed8ab82912'],,,,,
113,FREIFLÄCHEN,GEO,"Open areas or free land in Austria considered as sites for the deployment of renewable energy systems, especially ground-mounted PV installations.",1,1,['41bd25afdc1cce74b36dd6db5e44e91354172fda16475ab6a3f6cf99bddc720aa91cb56b5ea1b1c4774c8c97017d6bb03c52ba2676d7cfaab1c73fed8ab82912'],,,,,
114,ERNNEUERBAREN-BESCHLEUNIGUNGSGEBIETE (RENEWABLES ACCELERATION AREAS),GEO,"Designated zones within EU member states, including Austria, where permitting and deployment of renewable energy systems can be expedited under RED III.",1,2,['41bd25afdc1cce74b36dd6db5e44e91354172fda16475ab6a3f6cf99bddc720aa91cb56b5ea1b1c4774c8c97017d6bb03c52ba2676d7cfaab1c73fed8ab82912'],,,,,
115,PRODUKTQUALITÄT,ORGANIZATION,"Product quality is a key element of the quality assurance measures promoted across the renewable/PV value chain; here it comprises organizations, certifications, and standards related to production, installation, repair, and service.",1,1,['41bd25afdc1cce74b36dd6db5e44e91354172fda16475ab6a3f6cf99bddc720aa91cb56b5ea1b1c4774c8c97017d6bb03c52ba2676d7cfaab1c73fed8ab82912'],,,,,
116,SERVICE,ORGANIZATION,"Service organizations are businesses or providers responsible for installation, ongoing maintenance, and potential repair work on photovoltaic installations.",1,1,['41bd25afdc1cce74b36dd6db5e44e91354172fda16475ab6a3f6cf99bddc720aa91cb56b5ea1b1c4774c8c97017d6bb03c52ba2676d7cfaab1c73fed8ab82912'],,,,,
117,REPARATUR,ORGANIZATION,Repair organizations offer services for the maintenance and repair of PV equipment and infrastructure in Austria.,1,1,['41bd25afdc1cce74b36dd6db5e44e91354172fda16475ab6a3f6cf99bddc720aa91cb56b5ea1b1c4774c8c97017d6bb03c52ba2676d7cfaab1c73fed8ab82912'],,,,,
118,ENTSORGUNG,ORGANIZATION,"Waste management organizations involved in the responsible disposal, recycling, or repurposing of PV system components at the end of their lifecycle.",1,1,['41bd25afdc1cce74b36dd6db5e44e91354172fda16475ab6a3f6cf99bddc720aa91cb56b5ea1b1c4774c8c97017d6bb03c52ba2676d7cfaab1c73fed8ab82912'],,,,,
119,JOHANNES HACKNER,PERSON,"Johannes Hackner is an individual associated with the organization EPOOL and PV Austria and is an author or contributor to the study ""Anschluss erneuerbare Energien"".",1,3,['6a1a5132f360531b1174e0eac2b2c5b6ece3b0771a8037231306baf0af8e8ca23de435f581fc62d6794cab81a5dadf3235b66eda56c331a0043621c688fbe302'],,,,,
120,AKTIONSPLAN NETZANSCHLUSS,EVENT,"The Aktionsplan Netzanschluss (Network Connection Action Plan) is a regulatory or policy initiative of E-Control for a seamless grid connection process for customer installations, notably those generating renewable electricity.",1,2,['6a1a5132f360531b1174e0eac2b2c5b6ece3b0771a8037231306baf0af8e8ca23de435f581fc62d6794cab81a5dadf3235b66eda56c331a0043621c688fbe302'],,,,,
121,MUSTER- & LEUCHTTURMPROJEKTE PHOTOVOLTAIK,EVENT,"The Muster- & Leuchtturmprojekte Photovoltaik is a funding program of the Klima- und Energiefonds, supporting exemplary and flagship photovoltaic projects in Austria.",1,1,['6a1a5132f360531b1174e0eac2b2c5b6ece3b0771a8037231306baf0af8e8ca23de435f581fc62d6794cab81a5dadf3235b66eda56c331a0043621c688fbe302'],,,,,
122,VERTEILNETZ,ORGANIZATION,"The distribution grid (Verteilnetz) is the local infrastructure network in Austria for distributing electricity, increasingly significant due to decentralized renewable and PV generation.",1,1,['6a1a5132f360531b1174e0eac2b2c5b6ece3b0771a8037231306baf0af8e8ca23de435f581fc62d6794cab81a5dadf3235b66eda56c331a0043621c688fbe302'],,,,,
123,EUROPÄISCHER STROMMARKT,ORGANIZATION,"The European electricity market (europäischer Strommarkt) is the integrated power trading market in Europe, with which Austria interacts through market coupling and power export considerations.",1,1,['6a1a5132f360531b1174e0eac2b2c5b6ece3b0771a8037231306baf0af8e8ca23de435f581fc62d6794cab81a5dadf3235b66eda56c331a0043621c688fbe302'],,,,,
124,BAU- UND LANDWIRTSCHAFT,ORGANIZATION,"The construction and agricultural sectors (“Bau- und Landwirtschaft”) in Austria, involved as key stakeholders and application areas for innovative integrated photovoltaic applications.",1,1,['6a1a5132f360531b1174e0eac2b2c5b6ece3b0771a8037231306baf0af8e8ca23de435f581fc62d6794cab81a5dadf3235b66eda56c331a0043621c688fbe302'],,,,,
125,VERKEHRSSEKTOR,ORGANIZATION,"The transportation sector (“Verkehrssektor”) is a critical area in Austria for integrating photovoltaic applications, such as e-mobility and hydrogen production.",1,2,['6a1a5132f360531b1174e0eac2b2c5b6ece3b0771a8037231306baf0af8e8ca23de435f581fc62d6794cab81a5dadf3235b66eda56c331a0043621c688fbe302'],,,,,
126,SMARTES LOKALES ENERGIEMANAGEMENT,ORGANIZATION,"Smart local energy management refers to the systems and processes that optimize the local generation, storage, and consumption of electricity, particularly from PV, in private households and companies.",1,2,['6a1a5132f360531b1174e0eac2b2c5b6ece3b0771a8037231306baf0af8e8ca23de435f581fc62d6794cab81a5dadf3235b66eda56c331a0043621c688fbe302'],,,,,
127,WÄRMEPUMPE,ORGANIZATION,"The heat pump (Wärmepumpe) sector, referenced as a key technological component of Austria’s energy transition and the integration of decentralized renewable power.",1,1,['6a1a5132f360531b1174e0eac2b2c5b6ece3b0771a8037231306baf0af8e8ca23de435f581fc62d6794cab81a5dadf3235b66eda56c331a0043621c688fbe302'],,,,,
128,WASSERSTOFF,ORGANIZATION,"The hydrogen (Wasserstoff) sector is an emerging technological field in Austria and Europe for energy storage, transformation, and as part of sector coupling strategies with renewables.",1,1,['6a1a5132f360531b1174e0eac2b2c5b6ece3b0771a8037231306baf0af8e8ca23de435f581fc62d6794cab81a5dadf3235b66eda56c331a0043621c688fbe302'],,,,,
129,E-MOBILITÄT,ORGANIZATION,"E-mobility (E-Mobilität) is the electric vehicle sector, referenced as a key area for integration with solar energy and Austria’s energy transition strategy.",1,1,['6a1a5132f360531b1174e0eac2b2c5b6ece3b0771a8037231306baf0af8e8ca23de435f581fc62d6794cab81a5dadf3235b66eda56c331a0043621c688fbe302'],,,,,
130,ERNEUERBARE ENERGIEN,ORGANIZATION,"Renewable energies (“erneuerbare Energien”) is the collection of organizations, technologies, and industries in Austria involved in producing energy from renewable sources, including solar PV.",1,4,['6a1a5132f360531b1174e0eac2b2c5b6ece3b0771a8037231306baf0af8e8ca23de435f581fc62d6794cab81a5dadf3235b66eda56c331a0043621c688fbe302'],,,,,
131,KUND:INNENANLAGEN,ORGANIZATION,"Customer installations (Kund:innenanlagen) refer to private and commercial energy generation assets, such as rooftop PV systems, which require seamless grid connection solutions as referenced in Austrian regulation.",1,2,['6a1a5132f360531b1174e0eac2b2c5b6ece3b0771a8037231306baf0af8e8ca23de435f581fc62d6794cab81a5dadf3235b66eda56c331a0043621c688fbe302'],,,,,
132,INDUSTRIELLE UND GEWERBLICHE PROZESSE,ORGANIZATION,"Industrial and commercial processes (“industriellen und gewerblichen Prozessen”) in Austria, mentioned as sectors where PV-generated power is to be utilized through load management and smart technologies.",1,1,['6a1a5132f360531b1174e0eac2b2c5b6ece3b0771a8037231306baf0af8e8ca23de435f581fc62d6794cab81a5dadf3235b66eda56c331a0043621c688fbe302'],,,,,
133,EUROPÄISCHER MARKT,GEO,"The European market refers to the interconnected electricity and energy markets across Europe, where generation and pricing trends—including those for PV energy—are coordinated and observed across member countries.",1,2,['2d9fdebd364caf6ea226dc0ee6624e0c2d54fc65848a9cd18f9b868675333d5be302c20a6cbb1b4f9503e536f5051a60a8783cd3657ab2cf1f9daf65be366c76'],,,,,
134,ANLAGENBETREIBER:INNEN,PERSON,"Anlagenbetreiber:innen (plant operators) include all persons or businesses responsible for operating photovoltaic installations in Austria, ensuring expansion and compliance with financial, legal, and technical frameworks.",1,3,['2d9fdebd364caf6ea226dc0ee6624e0c2d54fc65848a9cd18f9b868675333d5be302c20a6cbb1b4f9503e536f5051a60a8783cd3657ab2cf1f9daf65be366c76'],,,,,
135,ERGEBNISAUSBAU-GESETZ (EAG),ORGANIZATION,"The Erneuerbaren-Ausbau-Gesetz (EAG) is Austria’s Renewable Energy Expansion Act, which establishes policies for market premiums and incentives promoting renewable energy projects, including PV.",1,3,['2d9fdebd364caf6ea226dc0ee6624e0c2d54fc65848a9cd18f9b868675333d5be302c20a6cbb1b4f9503e536f5051a60a8783cd3657ab2cf1f9daf65be366c76'],,,,,
136,EMOBILITÄT,EVENT,"E-Mobilität refers to the broad transition to electric mobility, including infrastructure and market initiatives for electric vehicles and their synergy with renewable electricity.",1,3,['2d9fdebd364caf6ea226dc0ee6624e0c2d54fc65848a9cd18f9b868675333d5be302c20a6cbb1b4f9503e536f5051a60a8783cd3657ab2cf1f9daf65be366c76'],,,,,
137,PV-RAHMENBEDINGUNGEN,EVENT,"PV-Rahmenbedingungen describes the regulatory and policy framework affecting the operation, support, and profitability of photovoltaic installations in Austria.",1,2,['2d9fdebd364caf6ea226dc0ee6624e0c2d54fc65848a9cd18f9b868675333d5be302c20a6cbb1b4f9503e536f5051a60a8783cd3657ab2cf1f9daf65be366c76'],,,,,
138,STROMNETZE,ORGANIZATION,"Stromnetze refers to the electricity grid operators in Austria who are responsible for integrating and managing electricity production and storage, including from PV.""",1,3,['2d9fdebd364caf6ea226dc0ee6624e0c2d54fc65848a9cd18f9b868675333d5be302c20a6cbb1b4f9503e536f5051a60a8783cd3657ab2cf1f9daf65be366c76'],,,,,
139,GROSSSPEICHER,ORGANIZATION,Großspeicher refers to companies or projects developing and managing large-scale electric energy storage systems—primarily for grid balancing and PV integration—in Austria.,1,3,['2d9fdebd364caf6ea226dc0ee6624e0c2d54fc65848a9cd18f9b868675333d5be302c20a6cbb1b4f9503e536f5051a60a8783cd3657ab2cf1f9daf65be366c76'],,,,,
140,WASSERSTOFF-ELEKTROLYSEURE,ORGANIZATION,"Wasserstoff-Elektrolyseure refers to organizations, equipment operators, and projects dedicated to producing hydrogen via electrolysis for long-term energy storage in Austria.",1,1,['2d9fdebd364caf6ea226dc0ee6624e0c2d54fc65848a9cd18f9b868675333d5be302c20a6cbb1b4f9503e536f5051a60a8783cd3657ab2cf1f9daf65be366c76'],,,,,
141,ANREIZE UND FÖRDERUNGEN,EVENT,Anreize und Förderungen (incentives and subsidies) refer to ongoing national or regional programs or events that provide financial or regulatory support for PV expansion in Austria.,1,5,['2d9fdebd364caf6ea226dc0ee6624e0c2d54fc65848a9cd18f9b868675333d5be302c20a6cbb1b4f9503e536f5051a60a8783cd3657ab2cf1f9daf65be366c76'],,,,,
142,13 AKTIONSPLAN NETZANSCHLUSS,EVENT,"The ""13 Aktionsplan Netzanschluss"" is an official Austrian action plan regarding grid connection policies published in July 2023 by E-Control.",1,2,['2d9fdebd364caf6ea226dc0ee6624e0c2d54fc65848a9cd18f9b868675333d5be302c20a6cbb1b4f9503e536f5051a60a8783cd3657ab2cf1f9daf65be366c76'],,,,,
143,AKTIONSPLAN NETZANSCHLUSS 2023,EVENT,"""AKTIONSPLAN NETZANSCHLUSS 2023"" is a strategic action plan released in Austria in 2023 by E-Control, the country's energy regulatory authority. This comprehensive document serves as a detailed regulatory guide focused on facilitating the connection of renewable energy sources, with particular emphasis on photovoltaic installations, to the national electricity grid. The plan outlines clear procedures, regulations, and requirements for the seamless integration of these energy sources, aiming to support Austria's transition to sustainable energy and to enhance the efficiency and reliability of grid operations. By providing a structured framework for network integration, ""AKTIONSPLAN NETZANSCHLUSS 2023"" plays a key role in advancing Austria’s renewable energy objectives.",2,2,"['2d9fdebd364caf6ea226dc0ee6624e0c2d54fc65848a9cd18f9b868675333d5be302c20a6cbb1b4f9503e536f5051a60a8783cd3657ab2cf1f9daf65be366c76'
 '05802f69e17001a506260c74ca400f6a1368fbf0132720e670d13ffd39c31d615ca94e0ffc071332bd317faa48542bde7970720b9f035d496136fc5d6bbb8ca5']",,,,,
144,MARKTPRÄMIE,EVENT,"The ""Marktprämie"" (market premium) is a support instrument for PV operators, introduced via Austria’s EAG, to promote the profitability of renewables by compensating for market price differences.",1,1,['2d9fdebd364caf6ea226dc0ee6624e0c2d54fc65848a9cd18f9b868675333d5be302c20a6cbb1b4f9503e536f5051a60a8783cd3657ab2cf1f9daf65be366c76'],,,,,
145,UMSATZSTEUER-BEFRREIUNG 2024/2025,EVENT,The VAT exemption for PV systems up to 35 kWp in 2024 and 2025 is a temporary fiscal measure in Austria to increase investment in solar power.,1,2,['2d9fdebd364caf6ea226dc0ee6624e0c2d54fc65848a9cd18f9b868675333d5be302c20a6cbb1b4f9503e536f5051a60a8783cd3657ab2cf1f9daf65be366c76'],,,,,
146,UMSATZSTEUER,EVENT,"Umsatzsteuer (value-added tax or VAT) pertains to taxation issues for photovoltaic operators, particularly the 2024/2025 exemption.",1,1,['2d9fdebd364caf6ea226dc0ee6624e0c2d54fc65848a9cd18f9b868675333d5be302c20a6cbb1b4f9503e536f5051a60a8783cd3657ab2cf1f9daf65be366c76'],,,,,
147,NOTSTROMSYSTEME,ORGANIZATION,"Notstromsysteme (emergency power systems) are systems and suppliers that ensure electricity to critical consumers during grid outages, referenced as part of resilience measures in Austria.",1,1,['2d9fdebd364caf6ea226dc0ee6624e0c2d54fc65848a9cd18f9b868675333d5be302c20a6cbb1b4f9503e536f5051a60a8783cd3657ab2cf1f9daf65be366c76'],,,,,
148,ERSATZSTROMSYSTEME,ORGANIZATION,Ersatzstromsysteme (backup power systems) refer to organizational or technological solutions guaranteeing almost complete electricity supply for households or enterprises in case of power outage.,1,2,['2d9fdebd364caf6ea226dc0ee6624e0c2d54fc65848a9cd18f9b868675333d5be302c20a6cbb1b4f9503e536f5051a60a8783cd3657ab2cf1f9daf65be366c76'],,,,,
149,VERORDNUNGEN,EVENT,"Verordnungen (regulatory decrees) are legal instruments passed by government agencies, used to set subsidy amounts and adapt regulation for PV and storage in Austria.",1,1,['2d9fdebd364caf6ea226dc0ee6624e0c2d54fc65848a9cd18f9b868675333d5be302c20a6cbb1b4f9503e536f5051a60a8783cd3657ab2cf1f9daf65be366c76'],,,,,
150,RANDZEITEN,EVENT,Randzeiten (fringe times) refer to edge periods—morning/evening or winter—when optimized PV systems can enhance yields.,1,1,['2d9fdebd364caf6ea226dc0ee6624e0c2d54fc65848a9cd18f9b868675333d5be302c20a6cbb1b4f9503e536f5051a60a8783cd3657ab2cf1f9daf65be366c76'],,,,,
151,WINTERZEITEN,EVENT,Winterzeiten (winter times) signify the winter periods targeted by certain PV plant orientations in Austria.,1,1,['2d9fdebd364caf6ea226dc0ee6624e0c2d54fc65848a9cd18f9b868675333d5be302c20a6cbb1b4f9503e536f5051a60a8783cd3657ab2cf1f9daf65be366c76'],,,,,
152,STROMMARKTPREISE,EVENT,"Electricity market prices are dynamic prices on the Austrian and European energy markets, sometimes becoming very low or even negative during strong PV production.",1,2,['2d9fdebd364caf6ea226dc0ee6624e0c2d54fc65848a9cd18f9b868675333d5be302c20a6cbb1b4f9503e536f5051a60a8783cd3657ab2cf1f9daf65be366c76'],,,,,
153,BI-DIREKTIONALES LADEN,EVENT,"Bidirektionales Laden (bidirectional charging) describes the use of electric vehicles both for consumption and grid storage, referenced as an emerging business model and incentive target.",1,1,['2d9fdebd364caf6ea226dc0ee6624e0c2d54fc65848a9cd18f9b868675333d5be302c20a6cbb1b4f9503e536f5051a60a8783cd3657ab2cf1f9daf65be366c76'],,,,,
154,EABG,ORGANIZATION,"Abbreviation not explicitly defined in the text, but contextually the EABG is responsible for regulations and promotion of photovoltaic applications on infrastructures such as large parking lots, especially regarding their legal or technical facilitation.",1,1,['4d221520fe7090409cfa9cda598db30683356c340ab3584a063ffe92486f2fe7225fc056f8b997f085ff0c0f7475828879fa678b7b1709148cb03584b292dab0'],,,,,
155,BUNDESVERBAND NEUE ENERGIEWIRTSCHAFT (BNE) E.V.,ORGANIZATION,"BUNDESVERBAND NEUE ENERGIEWIRTSCHAFT (BNE) E.V. is a German-based association that plays a significant role in advancing new energy economies within Germany. Also known as the Federal Association of New Energy Industry (bne) e.V. or the German Federal Association for New Energy Economics (bne e.V.), the organization is recognized for its advocacy and expertise in the field of renewable energy economics. BNE e.V. is particularly noted for its contributions to best practices in the development of solar parks, especially emphasizing biodiversity-friendly approaches. The association conducts research, undertakes studies, and provides policy advice and guidelines aimed at integrating biodiversity conservation within the implementation of solar energy projects. By promoting the coexistence of solar infrastructure and ecological sustainability, BNE e.V. supports the transition towards environmentally responsible and economically viable renewable energy solutions in Germany. Its efforts are frequently referenced and serve as benchmarks within the industry for successfully aligning energy production with ecological best practices.",3,4,"['4d221520fe7090409cfa9cda598db30683356c340ab3584a063ffe92486f2fe7225fc056f8b997f085ff0c0f7475828879fa678b7b1709148cb03584b292dab0'
 '05802f69e17001a506260c74ca400f6a1368fbf0132720e670d13ffd39c31d615ca94e0ffc071332bd317faa48542bde7970720b9f035d496136fc5d6bbb8ca5'
 '6927535991c09031efd0df39ec21591dd3bb460da14c01bc36d343f0078b726ed44d06a0c6bb518236ea61ed8c8b15365630cf185b8012e963898f2e117f7d8a']",,,,,
156,UNI KLAGENFURT,ORGANIZATION,"UNI KLAGENFURT, also known as the University of Klagenfurt, is an Austrian academic institution recognized for its active involvement in research related to renewable energies. The university engages in a wide range of energy research projects, with particular emphasis on the area of photovoltaics. In addition to its scientific research activities, UNI KLAGENFURT conducts annual studies assessing public opinion and attitudes toward renewable energy sources. These efforts contribute valuable data and insights into the advancement of renewable energy technologies and the understanding of societal perspectives on energy transition within Austria.",2,5,"['4d221520fe7090409cfa9cda598db30683356c340ab3584a063ffe92486f2fe7225fc056f8b997f085ff0c0f7475828879fa678b7b1709148cb03584b292dab0'
 '6927535991c09031efd0df39ec21591dd3bb460da14c01bc36d343f0078b726ed44d06a0c6bb518236ea61ed8c8b15365630cf185b8012e963898f2e117f7d8a']",,,,,
157,WU WIEN,ORGANIZATION,"Vienna University of Economics and Business (WU Wien) is an academic institution in Austria that conducts research on renewable energies and the social acceptance of these technologies. WU Wien actively contributes to reports and studies focused on renewable energy issues within Austria, providing important insights and analysis related to the country’s evolving energy landscape. Through its research activities, the university enhances understanding of both technical and societal aspects of renewable energy adoption, supporting Austria’s efforts towards sustainable energy solutions.",2,5,"['4d221520fe7090409cfa9cda598db30683356c340ab3584a063ffe92486f2fe7225fc056f8b997f085ff0c0f7475828879fa678b7b1709148cb03584b292dab0'
 '6927535991c09031efd0df39ec21591dd3bb460da14c01bc36d343f0078b726ed44d06a0c6bb518236ea61ed8c8b15365630cf185b8012e963898f2e117f7d8a']",,,,,
158,OEGUT,ORGANIZATION,The Austrian Society for Environment and Technology (ÖGUT) is an organization that documents and disseminates best practices and methodological information regarding social innovation in the context of the energy transition.,1,2,['4d221520fe7090409cfa9cda598db30683356c340ab3584a063ffe92486f2fe7225fc056f8b997f085ff0c0f7475828879fa678b7b1709148cb03584b292dab0'],,,,,
159,"AUSTRIAN FEDERAL GOVERNMENT (""BUND"")",ORGANIZATION,The Austrian Federal Government is the national governing body responsible for deploying photovoltaic systems on its buildings where technically and economically feasible.,1,2,['4d221520fe7090409cfa9cda598db30683356c340ab3584a063ffe92486f2fe7225fc056f8b997f085ff0c0f7475828879fa678b7b1709148cb03584b292dab0'],,,,,
160,PV-BIODIVERSITÄTSANLAGEN,EVENT,"Biodiversity PV installations are solar installations (often ground-mounted) designed to create habitats with high biological diversity and improve soil quality, in addition to generating renewable electricity.",1,3,['4d221520fe7090409cfa9cda598db30683356c340ab3584a063ffe92486f2fe7225fc056f8b997f085ff0c0f7475828879fa678b7b1709148cb03584b292dab0'],,,,,
161,PHOTOVOLTAIK-PROJEKTE,EVENT,"Photovoltaic projects are solar power installations of various scales, taking place in Austria with high public support according to recent studies.",1,4,['4d221520fe7090409cfa9cda598db30683356c340ab3584a063ffe92486f2fe7225fc056f8b997f085ff0c0f7475828879fa678b7b1709148cb03584b292dab0'],,,,,
162,LÄRMSCHUTZWÄNDE,GEO,"Noise barriers, especially along roads and railways in Austria, are highlighted as infrastructure elements for additional photovoltaic expansion and technical integration.",1,2,['4d221520fe7090409cfa9cda598db30683356c340ab3584a063ffe92486f2fe7225fc056f8b997f085ff0c0f7475828879fa678b7b1709148cb03584b292dab0'],,,,,
163,BETRIEBSANLAGEN,GEO,"Commercial or operational facilities in Austria are potential sites for PV installations, mentioned as part of built environment strategies in the national photovoltaics policy.",1,1,['4d221520fe7090409cfa9cda598db30683356c340ab3584a063ffe92486f2fe7225fc056f8b997f085ff0c0f7475828879fa678b7b1709148cb03584b292dab0'],,,,,
164,GEBÄUDEINTEGRIERTE LEUCHTTURMPROJEKTE,EVENT,"Flagship, building-integrated photovoltaic projects are referenced as model examples to be implemented nationwide to showcase innovative solutions and best practices.",1,1,['4d221520fe7090409cfa9cda598db30683356c340ab3584a063ffe92486f2fe7225fc056f8b997f085ff0c0f7475828879fa678b7b1709148cb03584b292dab0'],,,,,
165,FREIFLÄCHENANLAGEN,EVENT,"Ground-mounted solar plants, “Freiflächenanlagen,” are a focus of both biodiversity goals and social acceptance measures within the Austrian PV strategy.",1,1,['4d221520fe7090409cfa9cda598db30683356c340ab3584a063ffe92486f2fe7225fc056f8b997f085ff0c0f7475828879fa678b7b1709148cb03584b292dab0'],,,,,
166,GEBÄUDE DES BUNDES,GEO,Federal government buildings in Austria are specifically named as sites where photovoltaic installations are to be implemented where technically and economically feasible.,1,2,['4d221520fe7090409cfa9cda598db30683356c340ab3584a063ffe92486f2fe7225fc056f8b997f085ff0c0f7475828879fa678b7b1709148cb03584b292dab0'],,,,,
167,STRASSEN- UND BAHNBEREICH,GEO,Road and rail sectors are specified areas in Austria where regulation and deployment of PV installations on noise barriers and other infrastructure are being evaluated.,1,1,['4d221520fe7090409cfa9cda598db30683356c340ab3584a063ffe92486f2fe7225fc056f8b997f085ff0c0f7475828879fa678b7b1709148cb03584b292dab0'],,,,,
168,PLANTEN UND TIERE,PERSON,"Non-human entities: the text references plants and animals as benefiting from the creation of habitats in biodiversity PV installations, fulfilling ecosystem and environmental goals.",1,1,['4d221520fe7090409cfa9cda598db30683356c340ab3584a063ffe92486f2fe7225fc056f8b997f085ff0c0f7475828879fa678b7b1709148cb03584b292dab0'],,,,,
169,NINA HAMPL,PERSON,"Nina Hampl is a co-author of the cited study from Uni Klagenfurt and WU Wien, evaluating public opinion around renewable energy and photovoltaics in Austria.",1,3,['4d221520fe7090409cfa9cda598db30683356c340ab3584a063ffe92486f2fe7225fc056f8b997f085ff0c0f7475828879fa678b7b1709148cb03584b292dab0'],,,,,
170,METHODEN ZUR FÖRDERUNG SOZIALER INNOVATION,EVENT,"Methods and approaches for fostering social innovation, referenced in official documentation, are a set of tools for public participation and acceptance building in the context of Austria’s energy transition.",1,2,['4d221520fe7090409cfa9cda598db30683356c340ab3584a063ffe92486f2fe7225fc056f8b997f085ff0c0f7475828879fa678b7b1709148cb03584b292dab0'],,,,,
171,NET ZERO INDUSTRY ACT,EVENT,"The Net Zero Industry Act (NZIA) is a legislative initiative introduced by the European Union (EU) as a key component of its Green Industrial Plan. The primary objective of the NZIA is to accelerate the production and deployment of clean technologies within the EU, thereby supporting the transition to a sustainable, low-carbon economy. This initiative seeks to significantly reduce greenhouse gas emissions by promoting sustainable industrial practices and facilitating the energy transition. Additionally, the NZIA establishes policy measures that enable and mandate a minimum share of European value creation in major industrial projects, including sectors such as photovoltaics. By doing so, the Act aims to enhance the EU's energy independence, strengthen competitiveness, and ensure that a substantial portion of the economic benefits from clean technology development remain within the region. Overall, the Net Zero Industry Act positions the EU as a leader in sustainable industrial policy while supporting the growth of domestic industries essential for achieving climate and energy goals.",2,1,"['7a01190bcf30936758d004f89d7553c62632e91427f92e6420a9e453f2c5d92ab18ae9e62c46bc28aeb398621b28cfd3af89bf2317c887a5eec276b5b7a51052'
 '9ce049a98570c6bf53cf9e547168db075af2795fa519422bd27a2c9aa5b490c4b26aef25883802c4d8eb6e4dcb09c866e7d31677352f7beb6c4f9fcbbcc75e9b']",,,,,
172,EU-TAXONOMY,EVENT,"The EU-Taxonomy is an EU regulation that provides a classification system, defining criteria for ecological sustainability in investments. It aims to guide capital flows into sustainable projects and is a reference point for investors, companies, and member states to prevent market fragmentation.",1,3,['7a01190bcf30936758d004f89d7553c62632e91427f92e6420a9e453f2c5d92ab18ae9e62c46bc28aeb398621b28cfd3af89bf2317c887a5eec276b5b7a51052'],,,,,
173,AUSTRIAN GREEN FINANCE AGENDA,EVENT,"The Austrian Green Finance Agenda is a comprehensive policy reform under Austria’s Recovery and Resilience Plan (2020-2026). It encompasses 25 measures to boost climate-friendly investments, promote innovation, and systematically redirect financial resources towards achieving Austria’s climate and energy goals.",1,1,['7a01190bcf30936758d004f89d7553c62632e91427f92e6420a9e453f2c5d92ab18ae9e62c46bc28aeb398621b28cfd3af89bf2317c887a5eec276b5b7a51052'],,,,,
174,AUSTRIAN RECOVERY AND RESILIENCE PLAN,EVENT,"The Austrian Recovery and Resilience Plan (Aufbau- und Resilienzplan) is Austria’s national plan under the EU’s post-Covid recovery program, focused on reforms and investments—especially in the green and digital sectors—between 2020 and 2026.",1,1,['7a01190bcf30936758d004f89d7553c62632e91427f92e6420a9e453f2c5d92ab18ae9e62c46bc28aeb398621b28cfd3af89bf2317c887a5eec276b5b7a51052'],,,,,
175,GREEN FINANCE ALLIANCE,ORGANIZATION,Green Finance Alliance is an Austrian financial sector alliance aimed at aligning the portfolios of participating domestic financial companies with the 1.5-degree climate target and expanding green activities within their core business.,1,1,['7a01190bcf30936758d004f89d7553c62632e91427f92e6420a9e453f2c5d92ab18ae9e62c46bc28aeb398621b28cfd3af89bf2317c887a5eec276b5b7a51052'],,,,,
176,AUSTRIAN GREEN INVESTMENT PIONEERS PROGRAM,ORGANIZATION,"The Austrian Green Investment Pioneers Program (klimaaktiv) is a program to support sustainable investment and innovation, fostering pioneering climate projects in Austria.",1,1,['7a01190bcf30936758d004f89d7553c62632e91427f92e6420a9e453f2c5d92ab18ae9e62c46bc28aeb398621b28cfd3af89bf2317c887a5eec276b5b7a51052'],,,,,
177,GREEN FINANCE SUPPORT PROGRAM,ORGANIZATION,"The Green Finance Support Program (Klima- und Energiefonds) is an Austrian initiative that provides funding for climate-friendly, energy-related projects, supporting the country’s clean energy transition.",1,1,['7a01190bcf30936758d004f89d7553c62632e91427f92e6420a9e453f2c5d92ab18ae9e62c46bc28aeb398621b28cfd3af89bf2317c887a5eec276b5b7a51052'],,,,,
178,BMK-AUSBILDUNGSINITIATIVE “JUST TRANSITION”,ORGANIZATION,"The BMK-Ausbildungsinitiative “Just Transition” is an Austrian training initiative by the Ministry for Climate Action, focusing on education in photovoltaic technology, electrical engineering, and construction trades to support workforce transformation for the energy transition.",1,3,['7a01190bcf30936758d004f89d7553c62632e91427f92e6420a9e453f2c5d92ab18ae9e62c46bc28aeb398621b28cfd3af89bf2317c887a5eec276b5b7a51052'],,,,,
179,EU SOLAR PV INDUSTRY ALLIANCE,ORGANIZATION,"The EU Solar PV Industry Alliance (ESIA) is a European industry alliance, launched in 2022, dedicated to strengthening the European PV (photovoltaic) value chain, supporting the growth of solar manufacturing within Europe for energy sovereignty.",1,2,['7a01190bcf30936758d004f89d7553c62632e91427f92e6420a9e453f2c5d92ab18ae9e62c46bc28aeb398621b28cfd3af89bf2317c887a5eec276b5b7a51052'],,,,,
180,SOLAR-CHARTA,EVENT,"The Solar-Charta is a European charter, signed by Austria in April 2024, aiming to increase European solar PV production along the full value chain and to enhance energy sovereignty.",1,2,['7a01190bcf30936758d004f89d7553c62632e91427f92e6420a9e453f2c5d92ab18ae9e62c46bc28aeb398621b28cfd3af89bf2317c887a5eec276b5b7a51052'],,,,,
181,IPCEI-PV,EVENT,"IPCEI-PV is a European Important Project of Common European Interest in Photovoltaics, to which Austria joined in May 2022, focusing on supporting and rebuilding key European PV value chains.",1,1,['7a01190bcf30936758d004f89d7553c62632e91427f92e6420a9e453f2c5d92ab18ae9e62c46bc28aeb398621b28cfd3af89bf2317c887a5eec276b5b7a51052'],,,,,
182,EUROPE,GEO,"Europe is a continent comprising EU member states. It is the geographic context of the EU’s energy transition, photovoltaic production, and industrial policy initiatives.",1,2,['7a01190bcf30936758d004f89d7553c62632e91427f92e6420a9e453f2c5d92ab18ae9e62c46bc28aeb398621b28cfd3af89bf2317c887a5eec276b5b7a51052'],,,,,
183,PV-SYSTEM,ORGANIZATION,"“PV-System” refers to photovoltaic energy systems, whose components are often not sourced from Europe but are the core of discussions on the European value chain and Austria’s involvement in PV technology.",1,1,['7a01190bcf30936758d004f89d7553c62632e91427f92e6420a9e453f2c5d92ab18ae9e62c46bc28aeb398621b28cfd3af89bf2317c887a5eec276b5b7a51052'],,,,,
184,HALBLEITERTECHNOLOGIE-UNTERNEHMEN,ORGANIZATION,"Austrian companies working in semiconductor technology, considered vital contributors to technological progress and renewable energy industries.",1,1,['7a01190bcf30936758d004f89d7553c62632e91427f92e6420a9e453f2c5d92ab18ae9e62c46bc28aeb398621b28cfd3af89bf2317c887a5eec276b5b7a51052'],,,,,
185,GLAS- UND METALLVERARBEITENDE INDUSTRIEUNTERNEHMEN,ORGANIZATION,"Austrian companies in the glass and metal processing industry, increasingly relevant for components and infrastructure in renewable energy markets.",1,1,['7a01190bcf30936758d004f89d7553c62632e91427f92e6420a9e453f2c5d92ab18ae9e62c46bc28aeb398621b28cfd3af89bf2317c887a5eec276b5b7a51052'],,,,,
186,UNTERNEHMEN IM BEREICH DIGITALISIERUNG,ORGANIZATION,"Austrian businesses focused on digitalization, playing a supporting role in transforming energy and industry sectors.",1,1,['7a01190bcf30936758d004f89d7553c62632e91427f92e6420a9e453f2c5d92ab18ae9e62c46bc28aeb398621b28cfd3af89bf2317c887a5eec276b5b7a51052'],,,,,
187,SOFTWAREUNTERNEHMEN,ORGANIZATION,"Austrian software companies contributing skills and products crucial to innovation in energy, PV, and sustainability.",1,1,['7a01190bcf30936758d004f89d7553c62632e91427f92e6420a9e453f2c5d92ab18ae9e62c46bc28aeb398621b28cfd3af89bf2317c887a5eec276b5b7a51052'],,,,,
188,INSTITUTIONELLE INVESTOREN,ORGANIZATION,"Institutional investors such as pension funds, insurance companies, and other entities investing capital in sustainable and renewable energy projects in Austria.",1,1,['7a01190bcf30936758d004f89d7553c62632e91427f92e6420a9e453f2c5d92ab18ae9e62c46bc28aeb398621b28cfd3af89bf2317c887a5eec276b5b7a51052'],,,,,
189,PRIVATE INVESTOREN,PERSON,Private individual investors who allocate personal funds to sustainable or renewable energy projects in Austria.,1,1,['7a01190bcf30936758d004f89d7553c62632e91427f92e6420a9e453f2c5d92ab18ae9e62c46bc28aeb398621b28cfd3af89bf2317c887a5eec276b5b7a51052'],,,,,
190,ANLEGER:INNEN,PERSON,General term for investors (natural persons) interested in sustainability and ecological investment in Austria and Europe.,1,1,['7a01190bcf30936758d004f89d7553c62632e91427f92e6420a9e453f2c5d92ab18ae9e62c46bc28aeb398621b28cfd3af89bf2317c887a5eec276b5b7a51052'],,,,,
191,MITGLIEDSTAATEN,GEO,"Member states of the European Union, who are actors in implementing EU sustainability and green investment regulations.",1,1,['7a01190bcf30936758d004f89d7553c62632e91427f92e6420a9e453f2c5d92ab18ae9e62c46bc28aeb398621b28cfd3af89bf2317c887a5eec276b5b7a51052'],,,,,
192,QUALIFIZIERUNGSVERBÜNDE,ORGANIZATION,"Training alliances in Austria set up to offer collective education initiatives, especially for trades relevant to the energy transition, such as PV technology and electrical installation.",1,1,['7a01190bcf30936758d004f89d7553c62632e91427f92e6420a9e453f2c5d92ab18ae9e62c46bc28aeb398621b28cfd3af89bf2317c887a5eec276b5b7a51052'],,,,,
193,LEHRBERUFE,ORGANIZATION,"Vocational professions or apprenticeships, particularly those in Austria oriented toward the renewable energy and PV sector to ensure workforce availability.",1,1,['7a01190bcf30936758d004f89d7553c62632e91427f92e6420a9e453f2c5d92ab18ae9e62c46bc28aeb398621b28cfd3af89bf2317c887a5eec276b5b7a51052'],,,,,
194,DACHDECKER:INNEN,PERSON,"Roofers (trade professionals) in Austria, whose upskilling and training are critical for the rollout of PV installations.",1,1,['7a01190bcf30936758d004f89d7553c62632e91427f92e6420a9e453f2c5d92ab18ae9e62c46bc28aeb398621b28cfd3af89bf2317c887a5eec276b5b7a51052'],,,,,
195,ELEKTROTECHNIK/ELEKTROINSTALLATION,ORGANIZATION,"The field of electrical engineering/electrical installation, an occupational group seeing targeted support and training for the energy transition in Austria.",1,1,['7a01190bcf30936758d004f89d7553c62632e91427f92e6420a9e453f2c5d92ab18ae9e62c46bc28aeb398621b28cfd3af89bf2317c887a5eec276b5b7a51052'],,,,,
196,IPCEI-PV23,EVENT,"IPCEI-PV23 (Important Projects of Common European Interest in Photovoltaics 2023) is a major EU-driven initiative that began in May 2022, aimed at strengthening PV value chains and production capabilities in Europe, joined by Austria as of that date.",1,1,['9ce049a98570c6bf53cf9e547168db075af2795fa519422bd27a2c9aa5b490c4b26aef25883802c4d8eb6e4dcb09c866e7d31677352f7beb6c4f9fcbbcc75e9b'],,,,,
197,MADE IN EUROPE-BONUS,EVENT,"The Made in Europe-Bonus is a national Austrian incentive policy providing up to 20% additional funding for PV projects that use components of European origin, designed to encourage high local value creation and reduce reliance on third countries.",1,1,['9ce049a98570c6bf53cf9e547168db075af2795fa519422bd27a2c9aa5b490c4b26aef25883802c4d8eb6e4dcb09c866e7d31677352f7beb6c4f9fcbbcc75e9b'],,,,,
198,JUST TRANSITION AKTIONSPLAN,EVENT,"The Just Transition Action Plan is an initiative created to accelerate and support education, reskilling, and training measures in Austria’s PV sector, aiming to develop skilled professionals and make the field more attractive as an employer.",1,1,['9ce049a98570c6bf53cf9e547168db075af2795fa519422bd27a2c9aa5b490c4b26aef25883802c4d8eb6e4dcb09c866e7d31677352f7beb6c4f9fcbbcc75e9b'],,,,,
199,"FTI-SCHWERPUNKT ""ENERGIEWENDE""",EVENT,"The FTI-Schwerpunkt ""Energiewende"" is a national Austrian research, technology, and innovation (FTI) priority program dedicated to accelerating the energy transition, developing PV technologies and components, and supporting climate neutrality by 2040.",1,1,['9ce049a98570c6bf53cf9e547168db075af2795fa519422bd27a2c9aa5b490c4b26aef25883802c4d8eb6e4dcb09c866e7d31677352f7beb6c4f9fcbbcc75e9b'],,,,,
200,MADE IN AUSTRIA,EVENT,"Made in Austria refers to the development and manufacturing of climate-friendly energy technologies and components within Austria, strengthening the nation's export opportunities and technological competencies.",1,1,['9ce049a98570c6bf53cf9e547168db075af2795fa519422bd27a2c9aa5b490c4b26aef25883802c4d8eb6e4dcb09c866e7d31677352f7beb6c4f9fcbbcc75e9b'],,,,,
201,ÖSTERREICHISCHE PV-INDUSTRIE,ORGANIZATION,"The Austrian PV Industry is comprised of local businesses and manufacturers producing PV systems, components, and creating local jobs tied to the nation’s efforts at technological leadership and increased value addition in the PV sector.",1,4,['9ce049a98570c6bf53cf9e547168db075af2795fa519422bd27a2c9aa5b490c4b26aef25883802c4d8eb6e4dcb09c866e7d31677352f7beb6c4f9fcbbcc75e9b'],,,,,
202,FORSCHUNG UND INNOVATION,ORGANIZATION,"Refers to Austria's research and innovation community, including public and private research institutions and academia, which collaborates with industry on developing, commercializing, and deploying new and more efficient PV technologies.",1,4,['9ce049a98570c6bf53cf9e547168db075af2795fa519422bd27a2c9aa5b490c4b26aef25883802c4d8eb6e4dcb09c866e7d31677352f7beb6c4f9fcbbcc75e9b'],,,,,
203,SCHULEN,ORGANIZATION,"Schools in Austria, which are expected to receive enhanced equipment, teaching materials, and training opportunities to prepare skilled workers for the PV sector as outlined in the Just Transition Action Plan.",1,3,['9ce049a98570c6bf53cf9e547168db075af2795fa519422bd27a2c9aa5b490c4b26aef25883802c4d8eb6e4dcb09c866e7d31677352f7beb6c4f9fcbbcc75e9b'],,,,,
204,ARBEITNEHMER:INNENVERTRETUNG,ORGANIZATION,Represents Austria’s labor unions or employee interest groups involved in supporting measures for upskilling and workforce development in the PV industry.,1,1,['9ce049a98570c6bf53cf9e547168db075af2795fa519422bd27a2c9aa5b490c4b26aef25883802c4d8eb6e4dcb09c866e7d31677352f7beb6c4f9fcbbcc75e9b'],,,,,
205,PV-BRANCHENVERTRETUNG,ORGANIZATION,"Austrian association(s) representing the interests of the photovoltaic industry, engaging in training, sector development, and advocacy.",1,1,['9ce049a98570c6bf53cf9e547168db075af2795fa519422bd27a2c9aa5b490c4b26aef25883802c4d8eb6e4dcb09c866e7d31677352f7beb6c4f9fcbbcc75e9b'],,,,,
206,PV-BRANCHE,ORGANIZATION,"The PV sector/industry, meaning the ecosystem of companies, organizations, and stakeholders involved in photovoltaic (solar energy) in Austria and Europe.",1,1,['9ce049a98570c6bf53cf9e547168db075af2795fa519422bd27a2c9aa5b490c4b26aef25883802c4d8eb6e4dcb09c866e7d31677352f7beb6c4f9fcbbcc75e9b'],,,,,
207,PV-SYSTEMUMFELD,ORGANIZATION,"The ecosystem surrounding PV systems, including manufacturers, suppliers, operators, and support organizations in Austria.",1,1,['9ce049a98570c6bf53cf9e547168db075af2795fa519422bd27a2c9aa5b490c4b26aef25883802c4d8eb6e4dcb09c866e7d31677352f7beb6c4f9fcbbcc75e9b'],,,,,
208,PV-LEHRE,EVENT,"PV apprenticeship or training programs, which are the specific education and vocational efforts aimed at developing skilled workers for the PV sector in Austria as referenced in workforce development.",1,1,['9ce049a98570c6bf53cf9e547168db075af2795fa519422bd27a2c9aa5b490c4b26aef25883802c4d8eb6e4dcb09c866e7d31677352f7beb6c4f9fcbbcc75e9b'],,,,,
209,FTI-SCHWERPUNKT,EVENT,"A national priority setting for research, technology, and innovation (FTI) in Austria, supporting programs that focus on energy transformation.",1,1,['9ce049a98570c6bf53cf9e547168db075af2795fa519422bd27a2c9aa5b490c4b26aef25883802c4d8eb6e4dcb09c866e7d31677352f7beb6c4f9fcbbcc75e9b'],,,,,
210,FORSCHUNGSPROGRAMME,EVENT,"Research programs, specifically those supporting the development and application of new PV technologies in Austria and Europe.",1,1,['9ce049a98570c6bf53cf9e547168db075af2795fa519422bd27a2c9aa5b490c4b26aef25883802c4d8eb6e4dcb09c866e7d31677352f7beb6c4f9fcbbcc75e9b'],,,,,
211,ENERGIEFORSCHUNG,ORGANIZATION,"Refers to the energy research sector or collective research efforts in Austria, with a key emphasis on innovations for climate-neutral power generation and PV.",1,1,['9ce049a98570c6bf53cf9e547168db075af2795fa519422bd27a2c9aa5b490c4b26aef25883802c4d8eb6e4dcb09c866e7d31677352f7beb6c4f9fcbbcc75e9b'],,,,,
212,SCHULUNGSSTANDORTE,ORGANIZATION,"Training locations/facilities in Austria dedicated to the specialized training and qualification of PV industry workers, referenced as part of the effort to supply qualified staff to the industry.",1,2,['9ce049a98570c6bf53cf9e547168db075af2795fa519422bd27a2c9aa5b490c4b26aef25883802c4d8eb6e4dcb09c866e7d31677352f7beb6c4f9fcbbcc75e9b'],,,,,
213,AUSILDBNER:INNEN,PERSON,Refers to trainers and instructors in Austria who deliver educational and vocational content (such as PV technology) and are being targeted for upskilling.,1,1,['9ce049a98570c6bf53cf9e547168db075af2795fa519422bd27a2c9aa5b490c4b26aef25883802c4d8eb6e4dcb09c866e7d31677352f7beb6c4f9fcbbcc75e9b'],,,,,
214,BEDARFSTRÄGER,ORGANIZATION,"Public stakeholders or recipients of PV research/application, including government entities and municipal bodies integrating research findings into practical projects.",1,1,['9ce049a98570c6bf53cf9e547168db075af2795fa519422bd27a2c9aa5b490c4b26aef25883802c4d8eb6e4dcb09c866e7d31677352f7beb6c4f9fcbbcc75e9b'],,,,,
215,INNOVATION,EVENT,"The process or series of events seeking to increase efficiency and sustainability of PV systems, considered a prerequisite for the successful global positioning of Austria’s PV industry.",1,1,['9ce049a98570c6bf53cf9e547168db075af2795fa519422bd27a2c9aa5b490c4b26aef25883802c4d8eb6e4dcb09c866e7d31677352f7beb6c4f9fcbbcc75e9b'],,,,,
216,ENERGIEFLEXIBILITÄT,EVENT,"Energy flexibility, referencing measures, policies, or market developments that allow the energy (including PV) system to respond flexibly to changing supply/demand conditions.",1,0,['9ce049a98570c6bf53cf9e547168db075af2795fa519422bd27a2c9aa5b490c4b26aef25883802c4d8eb6e4dcb09c866e7d31677352f7beb6c4f9fcbbcc75e9b'],,,,,
217,ENERGIEMANAGEMENT,EVENT,"Energy management as a functional event or initiative, especially regarding PV integration for optimal supply and efficient energy use in Austria’s evolving energy system.",1,0,['9ce049a98570c6bf53cf9e547168db075af2795fa519422bd27a2c9aa5b490c4b26aef25883802c4d8eb6e4dcb09c866e7d31677352f7beb6c4f9fcbbcc75e9b'],,,,,
218,NATIONALER ENERGIE- UND KLIMAPLAN,EVENT,"The National Energy and Climate Plan (NEKP) of Austria sets out the country’s targets for energy transformation and climate neutrality, and is concretized by the implementation plan for the Energiewende FTI focus area.",1,1,['dafd7f2f39e49c87969ec1360e9fae0af9de6f290655205c8c120dd24dcc85da04f0536237f7f9529d31deed892d5abae3b8f58fb66ae9e497327f23b1e6b750'],,,,,
219,FTI-SCHWERPUNKT ENERGIEWENDE,EVENT,"The FTI-Schwerpunkt ""Energiewende"" is a research, technology, and innovation focus in Austria supporting the transition to climate neutrality through various innovation targets, particularly in energy technology.",1,2,['dafd7f2f39e49c87969ec1360e9fae0af9de6f290655205c8c120dd24dcc85da04f0536237f7f9529d31deed892d5abae3b8f58fb66ae9e497327f23b1e6b750'],,,,,
220,ÖSTERREICHISCHE UNTERNEHMEN,ORGANIZATION,"Austrian companies, especially those involved in the photovoltaic value chains, are supported through national and transnational R&D activities to participate in the solar energy sector of the future.",1,4,['dafd7f2f39e49c87969ec1360e9fae0af9de6f290655205c8c120dd24dcc85da04f0536237f7f9529d31deed892d5abae3b8f58fb66ae9e497327f23b1e6b750'],,,,,
221,INTERNATIONALE ENERGIEAGENTUR (IEA),ORGANIZATION,"The International Energy Agency (IEA) is an international organization facilitating global energy cooperation, including technology programs relevant for Austria such as the IEA Photovoltaic Power Systems Programme.",1,2,['dafd7f2f39e49c87969ec1360e9fae0af9de6f290655205c8c120dd24dcc85da04f0536237f7f9529d31deed892d5abae3b8f58fb66ae9e497327f23b1e6b750'],,,,,
222,IEA PHOTOVOLTAIC POWER SYSTEMS PROGRAMME (PVPS),ORGANIZATION,"The IEA Photovoltaic Power Systems Programme (PVPS) is a specific technology program within the International Energy Agency that focuses on photovoltaic research, international collaboration, and best practices.",1,2,['dafd7f2f39e49c87969ec1360e9fae0af9de6f290655205c8c120dd24dcc85da04f0536237f7f9529d31deed892d5abae3b8f58fb66ae9e497327f23b1e6b750'],,,,,
223,STRATEGIEPLAN FÜR ENERGIETECHNOLOGIE (SET-PLAN),EVENT,The Strategic Energy Technology Plan (SET-Plan) is a European initiative to coordinate and accelerate innovation in energy technology.,1,1,['dafd7f2f39e49c87969ec1360e9fae0af9de6f290655205c8c120dd24dcc85da04f0536237f7f9529d31deed892d5abae3b8f58fb66ae9e497327f23b1e6b750'],,,,,
224,EU-RAHMENPROGRAMM,EVENT,"The EU Framework Programme, such as Horizon Europe, is a major European program providing resources and networks for research, development, and innovation, including energy topics.",1,2,['dafd7f2f39e49c87969ec1360e9fae0af9de6f290655205c8c120dd24dcc85da04f0536237f7f9529d31deed892d5abae3b8f58fb66ae9e497327f23b1e6b750'],,,,,
225,CLEAN ENERGY TRANSITION (CET) PARTNERSHIP,ORGANIZATION,"The CET Partnership is a multilateral research, development, and innovation partnership aiming to accelerate the energy transition through coordinated activities across Europe.",1,2,['dafd7f2f39e49c87969ec1360e9fae0af9de6f290655205c8c120dd24dcc85da04f0536237f7f9529d31deed892d5abae3b8f58fb66ae9e497327f23b1e6b750'],,,,,
226,"FORSCHUNGS-, ENTWICKLUNGS- UND INNOVATIONSPROGRAMME (FEI)",EVENT,"Research, Development, and Innovation Programmes (FEI) are collective European initiatives supporting projects and partnerships to foster knowledge, resources, and networking in energy innovation.",1,1,['dafd7f2f39e49c87969ec1360e9fae0af9de6f290655205c8c120dd24dcc85da04f0536237f7f9529d31deed892d5abae3b8f58fb66ae9e497327f23b1e6b750'],,,,,
227,NATIONALER FTI-PAKT,EVENT,"The National FTI Pact is an Austrian governmental strategic agreement establishing key research priorities and measures, including points related to energy, circular economy, and mobility transformation.",1,3,['dafd7f2f39e49c87969ec1360e9fae0af9de6f290655205c8c120dd24dcc85da04f0536237f7f9529d31deed892d5abae3b8f58fb66ae9e497327f23b1e6b750'],,,,,
228,BUNDESREGIERUNG,ORGANIZATION,"The Austrian Federal Government, responsible for setting strategic FTI priorities such as climate neutrality, circular economy, and mobility change, as well as overseeing legislative frameworks.",1,3,['dafd7f2f39e49c87969ec1360e9fae0af9de6f290655205c8c120dd24dcc85da04f0536237f7f9529d31deed892d5abae3b8f58fb66ae9e497327f23b1e6b750'],,,,,
229,KLIMANEUTRALE STADT,EVENT,"A research focus within the National FTI Pact, ""Klimaneutrale Stadt"" (Climate Neutral City), which includes photovoltaic research and cross-sectional topics.",1,1,['dafd7f2f39e49c87969ec1360e9fae0af9de6f290655205c8c120dd24dcc85da04f0536237f7f9529d31deed892d5abae3b8f58fb66ae9e497327f23b1e6b750'],,,,,
230,MOBILITÄTSWENDE,EVENT,"Another research focus under the National FTI Pact, referring to transformation in the field of mobility toward sustainable approaches.",1,1,['dafd7f2f39e49c87969ec1360e9fae0af9de6f290655205c8c120dd24dcc85da04f0536237f7f9529d31deed892d5abae3b8f58fb66ae9e497327f23b1e6b750'],,,,,
231,ÖSTERREICHISCHE KOORDINATIONSSTELLE FÜR ENERGIEGEMEINSCHAFTEN,ORGANIZATION,"A dedicated Austrian coordination office for energy communities, providing information and support for the roll-out of this market model, in cooperation with state energy advisory centers.",1,2,['dafd7f2f39e49c87969ec1360e9fae0af9de6f290655205c8c120dd24dcc85da04f0536237f7f9529d31deed892d5abae3b8f58fb66ae9e497327f23b1e6b750'],,,,,
232,ENERGIEBERATUNGSSTELLEN DER BUNDESLÄNDER,ORGANIZATION,"Regional energy advisory offices in Austria's federal states, cooperating to support the development and implementation of energy communities.",1,2,['dafd7f2f39e49c87969ec1360e9fae0af9de6f290655205c8c120dd24dcc85da04f0536237f7f9529d31deed892d5abae3b8f58fb66ae9e497327f23b1e6b750'],,,,,
233,BILDUNG UND AUSBILDUNG,EVENT,"Refers to the field and process of education and vocational training, which are directly influenced by the diffusion of research and development results from PV and energy transitions, and are critical to building capacity in Austria's energy transition.",1,1,['dafd7f2f39e49c87969ec1360e9fae0af9de6f290655205c8c120dd24dcc85da04f0536237f7f9529d31deed892d5abae3b8f58fb66ae9e497327f23b1e6b750'],,,,,
234,PV-KREISLAUFWIRTSCHAFT & PRODUKTION,EVENT,"The development of a circular economy and sustainable production for photovoltaic (PV) components in Austria, focused on resource efficiency, durability, reusability, and recycling, to ensure sustainable growth of the solar value chain.",1,1,['dafd7f2f39e49c87969ec1360e9fae0af9de6f290655205c8c120dd24dcc85da04f0536237f7f9529d31deed892d5abae3b8f58fb66ae9e497327f23b1e6b750'],,,,,
235,PV-FORSCHUNG,EVENT,"Refers to the research initiatives in photovoltaics in Austria, overlapping with other FTI focuses and contributing to innovation in clean energy systems.",1,1,['dafd7f2f39e49c87969ec1360e9fae0af9de6f290655205c8c120dd24dcc85da04f0536237f7f9529d31deed892d5abae3b8f58fb66ae9e497327f23b1e6b750'],,,,,
236,FTI-AKTIVITÄTEN,EVENT,"Research, technology, and innovation activities conducted at national and transnational levels in Austria to foster the development of new solar value chains and energy technologies.",1,2,['dafd7f2f39e49c87969ec1360e9fae0af9de6f290655205c8c120dd24dcc85da04f0536237f7f9529d31deed892d5abae3b8f58fb66ae9e497327f23b1e6b750'],,,,,
237,PARTIZIPATION,EVENT,"The field of action in Austria focused on increasing citizen participation in energy production by enabling local generation and use of renewable electricity, especially solar, and encouraging engagement through incentives and new market models like energy communities.",1,2,['dafd7f2f39e49c87969ec1360e9fae0af9de6f290655205c8c120dd24dcc85da04f0536237f7f9529d31deed892d5abae3b8f58fb66ae9e497327f23b1e6b750'],,,,,
238,FÖRDERKATEGORIEN,EVENT,"The four funding categories established under the Renewable Expansion Act in Austria to promote photovoltaic system installations across various scales, prioritizing also small- and medium-sized systems.",1,1,['dafd7f2f39e49c87969ec1360e9fae0af9de6f290655205c8c120dd24dcc85da04f0536237f7f9529d31deed892d5abae3b8f58fb66ae9e497327f23b1e6b750'],,,,,
239,LOKALES LASTMANAGEMENT,EVENT,"Local load management is an important aspect of decentralized energy production in Austria, promoted through incentives to align production and consumption, reduce grid stress, and boost efficient PV integration.",1,1,['dafd7f2f39e49c87969ec1360e9fae0af9de6f290655205c8c120dd24dcc85da04f0536237f7f9529d31deed892d5abae3b8f58fb66ae9e497327f23b1e6b750'],,,,,
240,ÜBERSCHUSS-EINSPEISEANLAGEN,EVENT,"Feed-in surplus installations are PV systems designed to feed excess electricity into the public grid, a topic addressed by Austrian funding and market reforms as part of the transition toward decentralization.",1,1,['dafd7f2f39e49c87969ec1360e9fae0af9de6f290655205c8c120dd24dcc85da04f0536237f7f9529d31deed892d5abae3b8f58fb66ae9e497327f23b1e6b750'],,,,,
241,ÖFFENTLICHES NETZ,ORGANIZATION,"The public energy grid in Austria (and Europe), which receives surplus energy from distributed PV installations and is part of the regulatory and economic landscape shaping renewable energy incentives.",1,1,['dafd7f2f39e49c87969ec1360e9fae0af9de6f290655205c8c120dd24dcc85da04f0536237f7f9529d31deed892d5abae3b8f58fb66ae9e497327f23b1e6b750'],,,,,
242,GEMEINSCHAFTLICHE ERZEUGUNGSANLAGEN,ORGANIZATION,Joint generation plants (GEA) are shared renewable energy installations in Austria that generate and distribute power to participating consumers.,1,3,['05802f69e17001a506260c74ca400f6a1368fbf0132720e670d13ffd39c31d615ca94e0ffc071332bd317faa48542bde7970720b9f035d496136fc5d6bbb8ca5'],,,,,
243,PV-ANLAGENBETREIBER:INNEN,PERSON,"Operators of photovoltaic installations, responsible for managing and leveraging PV systems, participating in energy and flexibility markets in Austria.",1,2,['05802f69e17001a506260c74ca400f6a1368fbf0132720e670d13ffd39c31d615ca94e0ffc071332bd317faa48542bde7970720b9f035d496136fc5d6bbb8ca5'],,,,,
244,AKTIVE KUND:INNEN,PERSON,"Active customers in Austria who can collaborate based on private agreements to use or share renewable energy, without the need for forming a legal entity.",1,2,['05802f69e17001a506260c74ca400f6a1368fbf0132720e670d13ffd39c31d615ca94e0ffc071332bd317faa48542bde7970720b9f035d496136fc5d6bbb8ca5'],,,,,
245,AIT AUSTRIAN INSTITUTE OF TECHNOLOGY GMBH,ORGANIZATION,"A major Austrian research institute specializing in applied science and technology, supporting PV strategy and research in energy systems.",1,1,['05802f69e17001a506260c74ca400f6a1368fbf0132720e670d13ffd39c31d615ca94e0ffc071332bd317faa48542bde7970720b9f035d496136fc5d6bbb8ca5'],,,,,
246,TECHNISCHE UNIVERSITÄT WIEN,ORGANIZATION,"Vienna University of Technology, leading academic institution involved in research around Austria’s photovoltaic and electricity systems.",1,1,['05802f69e17001a506260c74ca400f6a1368fbf0132720e670d13ffd39c31d615ca94e0ffc071332bd317faa48542bde7970720b9f035d496136fc5d6bbb8ca5'],,,,,
247,FORSCHUNGSSTELLE FÜR ENERGIEWIRTSCHAFT (FFE),ORGANIZATION,"Institute for energy industry research, contributing analyses and expertise for Austria’s electricity system and flexibility.",1,1,['05802f69e17001a506260c74ca400f6a1368fbf0132720e670d13ffd39c31d615ca94e0ffc071332bd317faa48542bde7970720b9f035d496136fc5d6bbb8ca5'],,,,,
248,EUROPÄISCHE KOMMISSION,ORGANIZATION,"The EUROPÄISCHE KOMMISSION, also known as the European Commission, serves as the executive body of the European Union. It holds the primary responsibility for proposing and enforcing legislation, as well as implementing key EU policies. Among its prominent areas of focus are climate and energy strategies, where it acts as a pivotal source of policy development and oversight. The Commission has played a central role in advancing initiatives such as the European Green Deal and “Fit für 55,” both of which are integral components of the EU’s broader climate and energy policy framework. Through these efforts, the EUROPÄISCHE KOMMISSION aims to drive sustainable growth, promote environmental responsibility, and meet ambitious climate targets across all member states.",2,9,"['05802f69e17001a506260c74ca400f6a1368fbf0132720e670d13ffd39c31d615ca94e0ffc071332bd317faa48542bde7970720b9f035d496136fc5d6bbb8ca5'
 '6927535991c09031efd0df39ec21591dd3bb460da14c01bc36d343f0078b726ed44d06a0c6bb518236ea61ed8c8b15365630cf185b8012e963898f2e117f7d8a']",,,,,
249,EUROPÄISCHER GRÜNER DEAL,EVENT,"The European Green Deal, a comprehensive EU plan to make Europe climate neutral by 2050, under which Austria’s PV expansion is situated.",1,2,['05802f69e17001a506260c74ca400f6a1368fbf0132720e670d13ffd39c31d615ca94e0ffc071332bd317faa48542bde7970720b9f035d496136fc5d6bbb8ca5'],,,,,
250,FIT FÜR 55,EVENT,"""FIT FÜR 55"" is a legislative package proposed by the European Commission in 2021 as part of the broader European Green Deal. Its primary aim is to reduce net greenhouse gas emissions in the European Union by at least 55% by 2030, compared to 1990 levels. This comprehensive package includes a range of policy proposals and regulatory measures designed to align the EU’s climate, energy, land use, transport, and taxation policies with the ambitious goal of significantly cutting emissions. ""Fit für 55"" constitutes a major step in the EU’s commitment to combating climate change and achieving climate neutrality by 2050.",2,4,"['05802f69e17001a506260c74ca400f6a1368fbf0132720e670d13ffd39c31d615ca94e0ffc071332bd317faa48542bde7970720b9f035d496136fc5d6bbb8ca5'
 '6927535991c09031efd0df39ec21591dd3bb460da14c01bc36d343f0078b726ed44d06a0c6bb518236ea61ed8c8b15365630cf185b8012e963898f2e117f7d8a']",,,,,
251,BUNDESGESETZ ÜBER DEN AUSBAU VON ENERGIE AUS ERNEUERBAREN QUELLEN (ERNEUERBAREN-AUSBAU-GESETZ – EAG),EVENT,A key national law in Austria enacted in 2022 to stimulate and regulate the expansion of renewable energy sources.,1,0,['05802f69e17001a506260c74ca400f6a1368fbf0132720e670d13ffd39c31d615ca94e0ffc071332bd317faa48542bde7970720b9f035d496136fc5d6bbb8ca5'],,,,,
252,ELWG – ELEKTRIZITÄTSWIRTSCHAFTSGESETZ,EVENT,"Austrian law regulating the organization and market operations of the electricity sector, supporting grid and market reforms for renewables.",1,3,['05802f69e17001a506260c74ca400f6a1368fbf0132720e670d13ffd39c31d615ca94e0ffc071332bd317faa48542bde7970720b9f035d496136fc5d6bbb8ca5'],,,,,
253,PV,ORGANIZATION,"As an abbreviation within the text, it refers generally to the photovoltaic sector and stakeholders participating in Austria’s energy transition.",1,0,['05802f69e17001a506260c74ca400f6a1368fbf0132720e670d13ffd39c31d615ca94e0ffc071332bd317faa48542bde7970720b9f035d496136fc5d6bbb8ca5'],,,,,
254,STROM- UND FLEXIBILITÄTSMÄRKTE,EVENT,Electricity and flexibility markets in Austria where PV system operators and communities can trade or balance power demand and supply.,1,1,['05802f69e17001a506260c74ca400f6a1368fbf0132720e670d13ffd39c31d615ca94e0ffc071332bd317faa48542bde7970720b9f035d496136fc5d6bbb8ca5'],,,,,
255,SOLARPARKS,ORGANIZATION,"Large-scale photovoltaic projects creating economic and biodiversity benefits, referenced as case studies for expansion.",1,1,['05802f69e17001a506260c74ca400f6a1368fbf0132720e670d13ffd39c31d615ca94e0ffc071332bd317faa48542bde7970720b9f035d496136fc5d6bbb8ca5'],,,,,
256,EUROPÄISCHER RAT,ORGANIZATION,"The ""EUROPÄISCHER RAT,"" known in English as the European Council, is a key institution of the European Union responsible for defining the general political direction and priorities of the EU. The European Council plays a central role in setting the strategic agenda and overarching policy aims for the Union. It is composed of the heads of state or government of the EU member states, along with its own President and the President of the European Commission. The European Council convenes regularly to address the most significant and pressing EU issues, coordinate policies, and make high-level decisions that guide the direction of the Union. Specifically referenced in the context of EU climate and industrial strategy documents, the European Council is actively involved in shaping and endorsing major policy initiatives related to climate action, industrial development, and long-term sustainable growth. Through its conclusions and orientations, the European Council provides guidance and impetus for legislative and policy action within the EU, ensuring coherence and strong leadership on matters of critical importance to all member states.",2,2,"['05802f69e17001a506260c74ca400f6a1368fbf0132720e670d13ffd39c31d615ca94e0ffc071332bd317faa48542bde7970720b9f035d496136fc5d6bbb8ca5'
 '6927535991c09031efd0df39ec21591dd3bb460da14c01bc36d343f0078b726ed44d06a0c6bb518236ea61ed8c8b15365630cf185b8012e963898f2e117f7d8a']",,,,,
257,EUROPÄISCHES PARLAMENT,ORGANIZATION,"The EUROPÄISCHES PARLAMENT (European Parliament) is the directly elected legislative body of the European Union. It plays a central role in the governance of the EU, being responsible for passing European laws jointly with the Council of the European Union. As a key decision-making institution, the European Parliament is also a recipient of communications and proposals connected to major EU strategies, such as the European Green Deal and the ""Fit für 55"" legislative package, which aim to facilitate the EU's transition towards sustainability and climate neutrality. Through its legislative, supervisory, and budgetary powers, the European Parliament influences policy-making and ensures democratic representation across the European Union.",2,2,"['05802f69e17001a506260c74ca400f6a1368fbf0132720e670d13ffd39c31d615ca94e0ffc071332bd317faa48542bde7970720b9f035d496136fc5d6bbb8ca5'
 '6927535991c09031efd0df39ec21591dd3bb460da14c01bc36d343f0078b726ed44d06a0c6bb518236ea61ed8c8b15365630cf185b8012e963898f2e117f7d8a']",,,,,
258,EUROPEAN ECONOMIC AND SOCIAL COMMITTEE,ORGANIZATION,"An advisory body of the European Union, referenced among stakeholders addressed by the Green Deal Industrial Plan.",1,1,['05802f69e17001a506260c74ca400f6a1368fbf0132720e670d13ffd39c31d615ca94e0ffc071332bd317faa48542bde7970720b9f035d496136fc5d6bbb8ca5'],,,,,
259,COMMITTEE OF THE REGIONS,ORGANIZATION,"The EU's assembly of local and regional representatives involved in shaping EU legislation, mentioned in reference to energy-related policy communications.",1,1,['05802f69e17001a506260c74ca400f6a1368fbf0132720e670d13ffd39c31d615ca94e0ffc071332bd317faa48542bde7970720b9f035d496136fc5d6bbb8ca5'],,,,,
260,"BUNDESGESETZ, MIT DEM DAS WOHNUNGSEIGENTUMSGESETZ 2002 GEÄNDERT WIRD (WEG-NOVELLE 2022)",EVENT,A federal law amendment in Austria (2022) reforming the Condominium Act to facilitate renewable energy expansion and shared generation facilities.,1,1,['05802f69e17001a506260c74ca400f6a1368fbf0132720e670d13ffd39c31d615ca94e0ffc071332bd317faa48542bde7970720b9f035d496136fc5d6bbb8ca5'],,,,,
261,DIGITALISIERUNG DER MARKTKOMMUNIKATION,EVENT,"The ongoing digitalization of market communication processes in Austria's energy sector, enabling real-time participation in power and flexibility markets.",1,1,['05802f69e17001a506260c74ca400f6a1368fbf0132720e670d13ffd39c31d615ca94e0ffc071332bd317faa48542bde7970720b9f035d496136fc5d6bbb8ca5'],,,,,
262,ELWOG – ELEKTRIZITÄTSWIRTSCHAFTS- UND -ORGANISATIONSGESETZ,EVENT,"Predecessor to the ElWG, a key Austrian law regarding electricity market organization and regulation.",1,1,['05802f69e17001a506260c74ca400f6a1368fbf0132720e670d13ffd39c31d615ca94e0ffc071332bd317faa48542bde7970720b9f035d496136fc5d6bbb8ca5'],,,,,
263,STROMBINNENMARKTRICHTLINIE 2019/944 DER EU,EVENT,"A European Union directive from 2019 designed to further liberalize and integrate electricity markets across member states, referenced in Austria's legal framework.",1,1,['05802f69e17001a506260c74ca400f6a1368fbf0132720e670d13ffd39c31d615ca94e0ffc071332bd317faa48542bde7970720b9f035d496136fc5d6bbb8ca5'],,,,,
264,ERNEUERBAREN-RICHTLINIE 2018/2001,EVENT,"The ERNEUERBAREN-RICHTLINIE 2018/2001, also known as EU Directive 2018/2001 or the Renewable Energy Directive, is a 2018 European Union directive that forms the legal foundation for the expansion of renewable energy across EU member states. It establishes binding targets and a comprehensive legislative framework designed to promote the increased use of renewable energy within the European Union. The directive plays a significant role in shaping national strategies, including Austria's, by setting legal requirements and clear goals for renewable energy adoption, thereby supporting the EU’s overall commitment to sustainable energy transitions and climate objectives.",2,2,"['05802f69e17001a506260c74ca400f6a1368fbf0132720e670d13ffd39c31d615ca94e0ffc071332bd317faa48542bde7970720b9f035d496136fc5d6bbb8ca5'
 '6927535991c09031efd0df39ec21591dd3bb460da14c01bc36d343f0078b726ed44d06a0c6bb518236ea61ed8c8b15365630cf185b8012e963898f2e117f7d8a']",,,,,
265,PRIVATEN VEREINBARUNG,EVENT,"The legal form of a private agreement, now permitted in Austria to enable active customers to collaborate on energy projects without forming a new legal entity.",1,1,['05802f69e17001a506260c74ca400f6a1368fbf0132720e670d13ffd39c31d615ca94e0ffc071332bd317faa48542bde7970720b9f035d496136fc5d6bbb8ca5'],,,,,
266,ELWOG,ORGANIZATION,"Elektrizitätswirtschafts- und -organisationsgesetz (ElWOG), an Austrian law governing the electricity sector, replaced by newer legislation, and used for the implementation of various EU directives regarding the electricity market and renewable energy.",1,2,['6927535991c09031efd0df39ec21591dd3bb460da14c01bc36d343f0078b726ed44d06a0c6bb518236ea61ed8c8b15365630cf185b8012e963898f2e117f7d8a'],,,,,
267,STROMBINNENMARKTRICHTLINIE 2019/944,EVENT,"The EU's Directive 2019/944, commonly referred to as the Electricity Market Directive, providing a regulatory framework for the internal electricity market in the European Union.",1,2,['6927535991c09031efd0df39ec21591dd3bb460da14c01bc36d343f0078b726ed44d06a0c6bb518236ea61ed8c8b15365630cf185b8012e963898f2e117f7d8a'],,,,,
268,EUROPÄISCHE UNION (EU),ORGANIZATION,"The European Union, a political and economic union of 27 member states, responsible for enacting directives such as those for the electricity market and renewable energy, and initiator of the European Green Deal.",1,1,['6927535991c09031efd0df39ec21591dd3bb460da14c01bc36d343f0078b726ed44d06a0c6bb518236ea61ed8c8b15365630cf185b8012e963898f2e117f7d8a'],,,,,
269,EU ÖKODESIGN-RICHTLINIE,EVENT,"The EU Eco-design Directive 2009/125/EC, a legislative framework for setting eco-design requirements for energy-related products in the EU.",1,3,['6927535991c09031efd0df39ec21591dd3bb460da14c01bc36d343f0078b726ed44d06a0c6bb518236ea61ed8c8b15365630cf185b8012e963898f2e117f7d8a'],,,,,
270,BUNDESVERBAND PV AUSTRIA,ORGANIZATION,"An Austrian federal association representing the interests of the photovoltaic (PV) industry, involved in studies and guidelines for PV installation in Austria.",1,7,['6927535991c09031efd0df39ec21591dd3bb460da14c01bc36d343f0078b726ed44d06a0c6bb518236ea61ed8c8b15365630cf185b8012e963898f2e117f7d8a'],,,,,
271,SCHWERPUNKT NETZANSCHLUSS,EVENT,"Focus on grid connection, referenced as a topic or section in studies or handbooks related to PV installations in Austria.",1,0,['6927535991c09031efd0df39ec21591dd3bb460da14c01bc36d343f0078b726ed44d06a0c6bb518236ea61ed8c8b15365630cf185b8012e963898f2e117f7d8a'],,,,,
272,"BUNDESMINISTERIUM FÜR KLIMASCHUTZ, UMWELT, ENERGIE, MOBILITÄT, INNOVATION UND TECHNOLOGIE (BMK)",ORGANIZATION,"The Austrian Federal Ministry for Climate Action, Environment, Energy, Mobility, Innovation and Technology, responsible for overseeing climate and energy policies, developing net infrastructure plans, and training initiatives.",1,4,['6927535991c09031efd0df39ec21591dd3bb460da14c01bc36d343f0078b726ed44d06a0c6bb518236ea61ed8c8b15365630cf185b8012e963898f2e117f7d8a'],,,,,
273,ROLF PESCHL,PERSON,"Rolf Peschl, cited as an author of studies on solar parks and biodiversity, and active in the field of environmental and energy economic research.",1,1,['6927535991c09031efd0df39ec21591dd3bb460da14c01bc36d343f0078b726ed44d06a0c6bb518236ea61ed8c8b15365630cf185b8012e963898f2e117f7d8a'],,,,,
274,REPOWEREU-PLAN,EVENT,"The REPowerEU Plan, EU-driven strategy released in May 2022 to reduce dependence on fossil fuels, boost energy security, and accelerate the renewable transition.",1,0,['6927535991c09031efd0df39ec21591dd3bb460da14c01bc36d343f0078b726ed44d06a0c6bb518236ea61ed8c8b15365630cf185b8012e963898f2e117f7d8a'],,,,,
275,UMWELTFÖRDERUNGSGESETZ – UFG,ORGANIZATION,"The Environmental Subsidies Act (UFG) of Austria, regulates funding for measures in water management, environmental protection, and climate initiatives.",1,0,['6927535991c09031efd0df39ec21591dd3bb460da14c01bc36d343f0078b726ed44d06a0c6bb518236ea61ed8c8b15365630cf185b8012e963898f2e117f7d8a'],,,,,
276,INTEGRIERTER NATIONALER ENERGIE- UND KLIMAPLAN FÜR ÖSTERREICH,EVENT,"The Integrated National Energy and Climate Plan of Austria for 2021-2030, outlines national strategies and targets for climate and energy policies.",1,1,['6927535991c09031efd0df39ec21591dd3bb460da14c01bc36d343f0078b726ed44d06a0c6bb518236ea61ed8c8b15365630cf185b8012e963898f2e117f7d8a'],,,,,
277,INTEGRIERTER ÖSTERREICHISCHER NETZINFRASTRUKTURPLAN,EVENT,"The Integrated Austrian Network Infrastructure Plan, developed by BMK, for grid enhancement and expansion to integrate renewables.",1,1,['6927535991c09031efd0df39ec21591dd3bb460da14c01bc36d343f0078b726ed44d06a0c6bb518236ea61ed8c8b15365630cf185b8012e963898f2e117f7d8a'],,,,,
278,JUST TRANSITION,EVENT,"Just Transition, a policy and action plan by Austrian ministry (BMK) focusing on workforce transformation and the social dimensions of energy transition.",1,1,['6927535991c09031efd0df39ec21591dd3bb460da14c01bc36d343f0078b726ed44d06a0c6bb518236ea61ed8c8b15365630cf185b8012e963898f2e117f7d8a'],,,,,
279,ÖSTERREICHISCHE GESELLSCHAFT FÜR UMWELT UND TECHNIK,ORGANIZATION,"The Austrian Society for Environment and Technology (ÖGUT), which works on methods to promote social innovation in the energy transition.",1,2,['6927535991c09031efd0df39ec21591dd3bb460da14c01bc36d343f0078b726ed44d06a0c6bb518236ea61ed8c8b15365630cf185b8012e963898f2e117f7d8a'],,,,,
280,SINNERGYTRANS,ORGANIZATION,Project or initiative focused on methods for social innovation in the context of the energy transition in Austria.,1,1,['6927535991c09031efd0df39ec21591dd3bb460da14c01bc36d343f0078b726ed44d06a0c6bb518236ea61ed8c8b15365630cf185b8012e963898f2e117f7d8a'],,,,,
281,BERLIN,GEO,"Berlin, capital city of Germany and location of Bundesverband Neue Energiewirtschaft (bne) e.V.",1,1,['6927535991c09031efd0df39ec21591dd3bb460da14c01bc36d343f0078b726ed44d06a0c6bb518236ea61ed8c8b15365630cf185b8012e963898f2e117f7d8a'],,,,,
282,BRUSSELS,GEO,"Brussels, the de facto capital of the European Union, a key site for EU decisions related to energy and climate policy.",1,2,['6927535991c09031efd0df39ec21591dd3bb460da14c01bc36d343f0078b726ed44d06a0c6bb518236ea61ed8c8b15365630cf185b8012e963898f2e117f7d8a'],,,,,
283,BUNDESMINISTERIUM FÜR UMWELT,ORGANIZATION,"The Austrian Federal Ministry for Environment, involved in environmental protection policy at the national level and involved in funding and administrative oversight.",1,0,['6927535991c09031efd0df39ec21591dd3bb460da14c01bc36d343f0078b726ed44d06a0c6bb518236ea61ed8c8b15365630cf185b8012e963898f2e117f7d8a'],,,,,
284,BUNDESMINISTERIUM FÜR ENERGIE,ORGANIZATION,"A division within the Austrian federal ministries dealing with energy policy, overseeing strategies for the electricity and renewables sectors.",1,0,['6927535991c09031efd0df39ec21591dd3bb460da14c01bc36d343f0078b726ed44d06a0c6bb518236ea61ed8c8b15365630cf185b8012e963898f2e117f7d8a'],,,,,
285,BUNDESMINISTERIUM FÜR MOBILITÄT,ORGANIZATION,"Division within the Austrian federal ministry, responsible for mobility and transport policy, as part of the umbrella BMK.",1,0,['6927535991c09031efd0df39ec21591dd3bb460da14c01bc36d343f0078b726ed44d06a0c6bb518236ea61ed8c8b15365630cf185b8012e963898f2e117f7d8a'],,,,,
286,BUNDESMINISTERIUM FÜR INNOVATION UND TECHNOLOGIE,ORGANIZATION,"Division of the Austrian federal ministry responsible for fostering innovation and technology in energy, mobility, and environmental transitions.",1,0,['6927535991c09031efd0df39ec21591dd3bb460da14c01bc36d343f0078b726ed44d06a0c6bb518236ea61ed8c8b15365630cf185b8012e963898f2e117f7d8a'],,,,,
287,EUROPÄISCHER WIRTSCHAFTS- UND SOZIALAUSSCHUSS,ORGANIZATION,"The European Economic and Social Committee, an EU advisory body representing civil society, advising on energy and climate policy.",1,1,['6927535991c09031efd0df39ec21591dd3bb460da14c01bc36d343f0078b726ed44d06a0c6bb518236ea61ed8c8b15365630cf185b8012e963898f2e117f7d8a'],,,,,
288,AUSSCHUSS DER REGIONEN,ORGANIZATION,"The Committee of the Regions, a consultative body representing regional and local authorities within the EU, providing input on energy and environmental policy.",1,1,['6927535991c09031efd0df39ec21591dd3bb460da14c01bc36d343f0078b726ed44d06a0c6bb518236ea61ed8c8b15365630cf185b8012e963898f2e117f7d8a'],,,,,
289,MARKTENTWICKLUNG 2023,EVENT,"Market Development 2023, referring to recent trends and changes in the Austrian market for innovative energy technologies, as analyzed in studies referenced in the document.",1,1,['6927535991c09031efd0df39ec21591dd3bb460da14c01bc36d343f0078b726ed44d06a0c6bb518236ea61ed8c8b15365630cf185b8012e963898f2e117f7d8a'],,,,,
290,RICHTLINIE (EU) 2018/1999,EVENT,"EU Governance Regulation 2018/1999, setting out the governance mechanisms for the Energy Union and climate action.",1,1,['6927535991c09031efd0df39ec21591dd3bb460da14c01bc36d343f0078b726ed44d06a0c6bb518236ea61ed8c8b15365630cf185b8012e963898f2e117f7d8a'],,,,,
291,VERORDNUNG (EU) 2022/2577,EVENT,"EU Regulation (EU) 2022/2577, provides a framework for accelerating the deployment and permitting of renewable energy projects within EU member states.",1,0,['6927535991c09031efd0df39ec21591dd3bb460da14c01bc36d343f0078b726ed44d06a0c6bb518236ea61ed8c8b15365630cf185b8012e963898f2e117f7d8a'],,,,,
292,RICHTLINIE 98/70/EG,EVENT,"EU Directive 98/70/EC, regulates the quality of petrol and diesel fuels in connection with renewable energy legislation.",1,1,['6927535991c09031efd0df39ec21591dd3bb460da14c01bc36d343f0078b726ed44d06a0c6bb518236ea61ed8c8b15365630cf185b8012e963898f2e117f7d8a'],,,,,
293,RICHTLINIE (EU) 2015/652,EVENT,"EU Directive 2015/652, concerns calculation and reporting methods regarding fuel quality under the Renewable Energy Directive.",1,1,['6927535991c09031efd0df39ec21591dd3bb460da14c01bc36d343f0078b726ed44d06a0c6bb518236ea61ed8c8b15365630cf185b8012e963898f2e117f7d8a'],,,,,
294,RICHTLINIE (EU) 2012/27/EU,EVENT,"EU Directive 2012/27/EU, the Energy Efficiency Directive, requiring member states to implement measures to improve energy efficiency.",1,1,['6927535991c09031efd0df39ec21591dd3bb460da14c01bc36d343f0078b726ed44d06a0c6bb518236ea61ed8c8b15365630cf185b8012e963898f2e117f7d8a'],,,,,
295,HANDLUNGSANLEITUNG FÜR DIE ERRICHTUNG VON PV-ANLAGEN,EVENT,"A guideline or instructional event for building PV systems, produced by Austrian stakeholders for standardizing and facilitating PV installation.",1,2,['6927535991c09031efd0df39ec21591dd3bb460da14c01bc36d343f0078b726ed44d06a0c6bb518236ea61ed8c8b15365630cf185b8012e963898f2e117f7d8a'],,,,,
296,ANALYSE VON HEMMNISSEN FÜR DEN ANSCHLUSS UND BETRIEB VON STROMERZEUGUNGSANLAGEN,EVENT,"A research event described as an analysis focused on identifying and solving barriers to grid connection and operation of electricity generating facilities, especially renewables.",1,2,['6927535991c09031efd0df39ec21591dd3bb460da14c01bc36d343f0078b726ed44d06a0c6bb518236ea61ed8c8b15365630cf185b8012e963898f2e117f7d8a'],,,,,
297,STIMMUNGSBAROMETER DER ÖSTERREICHISCHEN BEVÖLKERUNG ZU ERNEUERBAREN ENERGIEN,EVENT,"The annual barometer surveying the Austrian population’s mood regarding renewable energies, tracking acceptance and attitudes.",1,0,['6927535991c09031efd0df39ec21591dd3bb460da14c01bc36d343f0078b726ed44d06a0c6bb518236ea61ed8c8b15365630cf185b8012e963898f2e117f7d8a'],,,,,
298,INTERNATIONALE ENERGIEAGENTUR,ORGANIZATION,"The International Energy Agency (IEA), mentioned as a global organization analyzing and supporting the energy transition.",1,1,['6927535991c09031efd0df39ec21591dd3bb460da14c01bc36d343f0078b726ed44d06a0c6bb518236ea61ed8c8b15365630cf185b8012e963898f2e117f7d8a'],,,,,
299,"BUNDESGESETZ ÜBER DIE FÖRDERUNG VON MASSNAHMEN IN DEN BEREICHEN DER WASSERWIRTSCHAFT, DER UMWELT...",ORGANIZATION,"The Austrian Federal Law for the Promotion of Measures in Water Management, Environment, Site Remediation, and Climate Protection, often referred to as Umweltförderungsgesetz.",1,0,['6927535991c09031efd0df39ec21591dd3bb460da14c01bc36d343f0078b726ed44d06a0c6bb518236ea61ed8c8b15365630cf185b8012e963898f2e117f7d8a'],,,,,
300,ÖGUT,ORGANIZATION,"Österreichische Gesellschaft für Umwelt und Technik (Austrian Society for Environment and Technology), a non-profit for advancing environmental technology.",1,2,['6927535991c09031efd0df39ec21591dd3bb460da14c01bc36d343f0078b726ed44d06a0c6bb518236ea61ed8c8b15365630cf185b8012e963898f2e117f7d8a'],,,,,
301,"KOMMUNIKATION DER KOMMISSION AN DAS EUROPÄISCHE PARLAMENT, DEN EUROPÄISCHEN RAT, DEN RAT, DEN EUROPÄISCHEN WIRTSCHAFTS- UND SOZIALAUSSCHUSS UND DEN AUSSCHUSS DER REGIONEN",EVENT,Official EU Commission communication regarding the REPowerEU Plan and other packages.,1,0,['6927535991c09031efd0df39ec21591dd3bb460da14c01bc36d343f0078b726ed44d06a0c6bb518236ea61ed8c8b15365630cf185b8012e963898f2e117f7d8a'],,,,,
302,ENTWURF ZUR ÖFFENTLICHEN KONSULTATION,EVENT,"Draft for public consultation, refers to the release of a major policy plan (e.g., Integrated National Energy and Climate Plan) for public comment.",1,0,['6927535991c09031efd0df39ec21591dd3bb460da14c01bc36d343f0078b726ed44d06a0c6bb518236ea61ed8c8b15365630cf185b8012e963898f2e117f7d8a'],,,,,
303,STELLUNGNAHME,EVENT,Public commentary phase—an event where stakeholders and citizens provide feedback on draft policies such as the network infrastructure plan.,1,0,['6927535991c09031efd0df39ec21591dd3bb460da14c01bc36d343f0078b726ed44d06a0c6bb518236ea61ed8c8b15365630cf185b8012e963898f2e117f7d8a'],,,,,
304,AKTIONSPLAN AUS- UND WEITERBILDUNG,EVENT,"Action Plan for Education and Training, referenced as part of Austria's Just Transition policies.",1,0,['6927535991c09031efd0df39ec21591dd3bb460da14c01bc36d343f0078b726ed44d06a0c6bb518236ea61ed8c8b15365630cf185b8012e963898f2e117f7d8a'],,,,,
305,METHODEN ZUR FÖRDERUNG SOZIALER INNOVATION IM KONTEXT DER ENERGIEWENDE,EVENT,"Methods to foster social innovation in the context of the energy transition, as examined by ÖGUT and SinnEnergytrans.",1,1,['6927535991c09031efd0df39ec21591dd3bb460da14c01bc36d343f0078b726ed44d06a0c6bb518236ea61ed8c8b15365630cf185b8012e963898f2e117f7d8a'],,,,,
306,BUNDESTAG,ORGANIZATION,"German Federal Parliament, mentioned in legislative contexts within the document.",1,0,['6927535991c09031efd0df39ec21591dd3bb460da14c01bc36d343f0078b726ed44d06a0c6bb518236ea61ed8c8b15365630cf185b8012e963898f2e117f7d8a'],,,,,
307,"RADETZKYSTRASSE 2, 1030 WIEN",GEO,"Radetzkystraße 2, 1030 Wien is the physical address of the Federal Ministry for Climate Action, Environment, Energy, Mobility, Innovation and Technology in Vienna, Austria.",1,2,['7ae981575e185e2452d144d541d822b7725e27bc7dda501c9d8495719003ccb89584fe5e1ac83baa67ae4060497ae5e2536fae015a551dc8cdefa9b5aa17289b'],,,,,
308,UMWELTVERTRÄGLICHKEITSPRÜFUNG,EVENT,"The ""Umweltverträglichkeitsprüfung"" (Environmental Impact Assessment) is a regulatory procedure in Austria to evaluate the potential ecological and social effects of large infrastructure projects, potentially referenced with regard to the expansion of photovoltaic installations.",1,1,['7ae981575e185e2452d144d541d822b7725e27bc7dda501c9d8495719003ccb89584fe5e1ac83baa67ae4060497ae5e2536fae015a551dc8cdefa9b5aa17289b'],,,,,
309,TERAWATTSTUNDE,EVENT,"A ""Terawattstunde"" (TWh) is a unit of energy commonly used to measure large-scale electricity production or consumption, likely referred to in the context of the goal or output targets of the photovoltaic strategy.",1,1,['7ae981575e185e2452d144d541d822b7725e27bc7dda501c9d8495719003ccb89584fe5e1ac83baa67ae4060497ae5e2536fae015a551dc8cdefa9b5aa17289b'],,,,,
310,SERVICEBUERO@BMK.GV.AT,ORGANIZATION,"servicebuero@bmk.gv.at is the official email contact point for the service office of the Ministry, acting as an interface for public and institutional communication.",1,2,['7ae981575e185e2452d144d541d822b7725e27bc7dda501c9d8495719003ccb89584fe5e1ac83baa67ae4060497ae5e2536fae015a551dc8cdefa9b5aa17289b'],,,,,
311,BMK.GV.AT,ORGANIZATION,"bmk.gv.at is the official website domain for the Austrian Ministry for Climate Action, Environment, Energy, Mobility, Innovation and Technology, serving as an organizational portal for ministry-related information and services.",1,2,['7ae981575e185e2452d144d541d822b7725e27bc7dda501c9d8495719003ccb89584fe5e1ac83baa67ae4060497ae5e2536fae015a551dc8cdefa9b5aa17289b'],,,,,
