id,human_readable_id,source,target,description,weight,combined_degree,text_unit_ids
ee487943-e36d-4146-8e2e-b7a9a1fd3067,0,"BUNDESMINISTERIUM FÜR KLIMASCHUTZ, UMWELT, ENERGIE, MOBILITÄT, INNOVATION UND TECHNOLOGIE",ÖSTERREICHISCHE PHOTOVOLTAIK-STRATEGIE,"The BUNDESMINISTERIUM FÜR KLIMASCHUTZ, UMWELT, ENERGIE, MOBILITÄT, INNOVATION UND TECHNOLOGIE (Federal Ministry for Climate Action, Environment, Energy, Mobility, Innovation and Technology) plays a central and authoritative role in the development and execution of the ÖSTERREICHISCHE PHOTOVOLTAIK-STRATEGIE (Austrian Photovoltaic Strategy). As the primary government body responsible for climate policy, environmental protection, sustainable energy, and technological innovation in Austria, the Ministry acts as the publisher, owner, and principal driver behind the Photovoltaic Strategy. It is tasked with formulating, publishing, and actively overseeing the rollout of this comprehensive strategy, which aims to advance the use of photovoltaic (solar power) technology across Austria. By spearheading the creation and implementation of the ÖSTERREICHISCHE PHOTOVOLTAIK-STRATEGIE, the Ministry ensures that national policy, regulatory frameworks, research initiatives, and funding mechanisms support the accelerated deployment of solar energy, in alignment with Austria’s climate and renewable energy objectives.",19.0,48,"['d7219f76b31818b7b13bf08dda81003d752e53f7660831d5e201d105d2bc1fc19e8cc49ca6cd21e08570939d7fb3e87b45f0f5feb8575df195e7be8cbd3b6475'
 '7ae981575e185e2452d144d541d822b7725e27bc7dda501c9d8495719003ccb89584fe5e1ac83baa67ae4060497ae5e2536fae015a551dc8cdefa9b5aa17289b']"
e87db637-71f3-4134-8a02-954d1e518207,1,HUBERT FECHNER,ÖSTERREICHISCHE PHOTOVOLTAIK-STRATEGIE,Hubert Fechner is the principal author of the Austrian Photovoltaic Strategy.,8.0,41,['d7219f76b31818b7b13bf08dda81003d752e53f7660831d5e201d105d2bc1fc19e8cc49ca6cd21e08570939d7fb3e87b45f0f5feb8575df195e7be8cbd3b6475']
316e1382-2ca7-477e-9d9f-c5f6bab0b3ba,2,LEONORE GEWESSLER,"BUNDESMINISTERIUM FÜR KLIMASCHUTZ, UMWELT, ENERGIE, MOBILITÄT, INNOVATION UND TECHNOLOGIE",Leonore Gewessler is the Federal Minister leading the Ministry and the political head of the photovoltaic initiative.,10.0,11,['d7219f76b31818b7b13bf08dda81003d752e53f7660831d5e201d105d2bc1fc19e8cc49ca6cd21e08570939d7fb3e87b45f0f5feb8575df195e7be8cbd3b6475']
86b0f8da-0a86-48c8-990d-8fbbe165249b,3,LEONORE GEWESSLER,ÖSTERREICHISCHE PHOTOVOLTAIK-STRATEGIE,"Leonore Gewessler represents, promotes, and oversees the execution of the Austrian Photovoltaic Strategy as the relevant Minister.",9.0,41,['d7219f76b31818b7b13bf08dda81003d752e53f7660831d5e201d105d2bc1fc19e8cc49ca6cd21e08570939d7fb3e87b45f0f5feb8575df195e7be8cbd3b6475']
c2727a60-8f2d-4b7f-9fd0-25cd463e97c7,4,ÖSTERREICH,ÖSTERREICHISCHE PHOTOVOLTAIK-STRATEGIE,"ÖSTERREICH (Austria) is both the creator and primary beneficiary of the ÖSTERREICHISCHE PHOTOVOLTAIK-STRATEGIE (Austrian Photovoltaic Strategy), which serves as the nation’s official plan for the expansion and development of photovoltaic (PV) energy. Austria is responsible for the development, execution, and continuous implementation of this comprehensive strategy, which is central to the country’s broader energy transition efforts. The Austrian Photovoltaic Strategy is designed to guide sectoral growth and foster innovation in the domestic PV sector, positioning Austria as both the geographical focus and beneficiary of the planned solar energy expansion. Through this strategy, Austria aims to achieve greater energy sovereignty and meet its national climate goals by integrating more PV systems and scaling up renewable energy generation across the country. As the central planning document governing Austria’s solar development, the strategy outlines key objectives and measures to expand PV capacity, drive technological progress, and reinforce Austria’s commitment to sustainable energy. In summary, the ÖSTERREICHISCHE PHOTOVOLTAIK-STRATEGIE is the driving force behind Austria’s energy policy for photovoltaics, establishing a framework for growth, innovation, and the successful integration of solar energy into the national grid.",67.0,121,"['d7219f76b31818b7b13bf08dda81003d752e53f7660831d5e201d105d2bc1fc19e8cc49ca6cd21e08570939d7fb3e87b45f0f5feb8575df195e7be8cbd3b6475'
 'e498566a78d36b3ce13304157993b9b4269045840f1d63663ab07328cc5c6a9ebc15f47c9ae340cbebf706bc8faebd35ccc4f11ae0aa4cb9a223345224329757'
 'e498566a78d36b3ce13304157993b9b4269045840f1d63663ab07328cc5c6a9ebc15f47c9ae340cbebf706bc8faebd35ccc4f11ae0aa4cb9a223345224329757'
 'f9e54ba797ff2b80a5f0e5f24e3901236ac4130e4e84d01615e67bc810b290cd5ac7c08f71a782797073050d512eda2695c3659569deba0d4bd5c3ab6195784a'
 '2d9fdebd364caf6ea226dc0ee6624e0c2d54fc65848a9cd18f9b868675333d5be302c20a6cbb1b4f9503e536f5051a60a8783cd3657ab2cf1f9daf65be366c76'
 '9ce049a98570c6bf53cf9e547168db075af2795fa519422bd27a2c9aa5b490c4b26aef25883802c4d8eb6e4dcb09c866e7d31677352f7beb6c4f9fcbbcc75e9b'
 '05802f69e17001a506260c74ca400f6a1368fbf0132720e670d13ffd39c31d615ca94e0ffc071332bd317faa48542bde7970720b9f035d496136fc5d6bbb8ca5']"
48dadaa4-1765-4d04-bab8-87e9047bf629,5,"BUNDESMINISTERIUM FÜR KLIMASCHUTZ, UMWELT, ENERGIE, MOBILITÄT, INNOVATION UND TECHNOLOGIE",HUBERT FECHNER,Hubert Fechner authored the strategy document on behalf of or in cooperation with the Ministry.,6.0,11,['d7219f76b31818b7b13bf08dda81003d752e53f7660831d5e201d105d2bc1fc19e8cc49ca6cd21e08570939d7fb3e87b45f0f5feb8575df195e7be8cbd3b6475']
dbda7288-2916-410f-95d8-54283a4ce66a,6,WIEN,"BUNDESMINISTERIUM FÜR KLIMASCHUTZ, UMWELT, ENERGIE, MOBILITÄT, INNOVATION UND TECHNOLOGIE",Vienna is the seat of the Ministry and the publication location of the strategy.,7.0,17,['d7219f76b31818b7b13bf08dda81003d752e53f7660831d5e201d105d2bc1fc19e8cc49ca6cd21e08570939d7fb3e87b45f0f5feb8575df195e7be8cbd3b6475']
34e20a8c-8899-486c-afa6-f1467d515bfb,7,ERNEUERBAREN-AUSBAU-GESETZ (EAG),ÖSTERREICHISCHE PHOTOVOLTAIK-STRATEGIE,The EAG is a backbone legal act referenced and operationalized by the National Photovoltaic Strategy.,9.0,44,['d7219f76b31818b7b13bf08dda81003d752e53f7660831d5e201d105d2bc1fc19e8cc49ca6cd21e08570939d7fb3e87b45f0f5feb8575df195e7be8cbd3b6475']
3a9025be-b2d8-4591-ba85-1fd25a4a58d2,8,INTEGRIERTER ÖSTERREICHISCHER NETZINFRASTRUKTURPLAN (ÖNIP),ÖSTERREICHISCHE PHOTOVOLTAIK-STRATEGIE,The strategy references and builds upon the PV targets and findings from the ÖNIP infrastructure plan.,8.0,40,['d7219f76b31818b7b13bf08dda81003d752e53f7660831d5e201d105d2bc1fc19e8cc49ca6cd21e08570939d7fb3e87b45f0f5feb8575df195e7be8cbd3b6475']
566248fe-36d9-4a5b-ac41-3e78c624fc7b,9,PHOTOVOLTAIK (PV),ÖSTERREICHISCHE PHOTOVOLTAIK-STRATEGIE,The entire strategy is centered on the expansion and central role of photovoltaics in Austria's energy transition.,10.0,43,['d7219f76b31818b7b13bf08dda81003d752e53f7660831d5e201d105d2bc1fc19e8cc49ca6cd21e08570939d7fb3e87b45f0f5feb8575df195e7be8cbd3b6475']
4b36de6f-cfa8-479e-b021-a0839a3eefae,10,PHOTOVOLTAIK (PV),ERNEUERBAREN-AUSBAU-GESETZ (EAG),The EAG legal framework prioritizes and enables the expansion of photovoltaics.,8.0,9,['d7219f76b31818b7b13bf08dda81003d752e53f7660831d5e201d105d2bc1fc19e8cc49ca6cd21e08570939d7fb3e87b45f0f5feb8575df195e7be8cbd3b6475']
0de6120a-0cee-4a13-9f9d-3b1a09628855,11,PHOTOVOLTAIK (PV),ÖSTERREICH,Austria aims to adopt photovoltaics at a massive scale as part of its climate and energy policy.,1.0,86,['d7219f76b31818b7b13bf08dda81003d752e53f7660831d5e201d105d2bc1fc19e8cc49ca6cd21e08570939d7fb3e87b45f0f5feb8575df195e7be8cbd3b6475']
9bcc28a7-bb93-405d-9481-1a03b46a1c22,12,CAJETAN PERWEIN,ÖSTERREICHISCHE PHOTOVOLTAIK-STRATEGIE,Cajetan Perwein is credited for photography (foreword) in the strategy publication.,2.0,40,['d7219f76b31818b7b13bf08dda81003d752e53f7660831d5e201d105d2bc1fc19e8cc49ca6cd21e08570939d7fb3e87b45f0f5feb8575df195e7be8cbd3b6475']
798e0770-d5e0-4b9e-b0ae-63eb3d158953,13,BMK,"BUNDESMINISTERIUM FÜR KLIMASCHUTZ, UMWELT, ENERGIE, MOBILITÄT, INNOVATION UND TECHNOLOGIE","BMK, which stands for BUNDESMINISTERIUM FÜR KLIMASCHUTZ, UMWELT, ENERGIE, MOBILITÄT, INNOVATION UND TECHNOLOGIE, is the official abbreviation and acronym for the Austrian Federal Ministry responsible for climate protection, the environment, energy, mobility, innovation, and technology. This ministry is the author and publisher of various strategies, underscoring its key role in shaping policies and driving initiatives related to its areas of competence. As the central governmental body for these critical sectors, BMK develops and implements national strategies, regulations, and frameworks to promote sustainable development, environmental protection, innovative technology, and advancements in energy and mobility.",11.0,25,"['d7219f76b31818b7b13bf08dda81003d752e53f7660831d5e201d105d2bc1fc19e8cc49ca6cd21e08570939d7fb3e87b45f0f5feb8575df195e7be8cbd3b6475'
 '7ae981575e185e2452d144d541d822b7725e27bc7dda501c9d8495719003ccb89584fe5e1ac83baa67ae4060497ae5e2536fae015a551dc8cdefa9b5aa17289b']"
0a7b5893-ad12-483f-81b2-a48bcabd624e,14,ÖSTERREICH,PHOTOVOLTAIK (PV),Austria is expanding the role of photovoltaics in its energy system and aims for PV to provide about 20% of its total energy needs by 2040.,9.0,86,['50fb8f6506c2271985ee7ffe42523d2eb06abbd85be8ea5021ae2d36d260f6f63d177e59ca2da764eeaeb4a953c841282dbf214859a753f968cb6e6cb86e0c72']
5fda0a6f-e7bb-4d5e-b264-bb0025e50fec,15,ÖSTERREICH,KLIMANEUTRALITÄT 2040,"Austria (ÖSTERREICH) has established an ambitious target to achieve climate neutrality by the year 2040. This goal drives the country's policies and actions in various sectors, including its photovoltaic (PV) and broader energy strategies. Austria's commitment to climate neutrality by 2040 shapes both its current initiatives and future planning, reflecting the country's dedication to reducing greenhouse gas emissions and transitioning to sustainable energy sources. All efforts, especially in the field of renewable energy such as solar power, are aligned with reaching this milestone, making climate neutrality a central focus of Austria’s national agenda.",19.0,85,"['50fb8f6506c2271985ee7ffe42523d2eb06abbd85be8ea5021ae2d36d260f6f63d177e59ca2da764eeaeb4a953c841282dbf214859a753f968cb6e6cb86e0c72'
 '9ce049a98570c6bf53cf9e547168db075af2795fa519422bd27a2c9aa5b490c4b26aef25883802c4d8eb6e4dcb09c866e7d31677352f7beb6c4f9fcbbcc75e9b']"
ec71f566-452c-4675-a68c-be2e339f5247,16,PHOTOVOLTAIK (PV),PV-STRATEGIE,The PV-Strategie is Austria’s strategy specifically for expanding the role of photovoltaics in the national energy system.,9.0,6,['50fb8f6506c2271985ee7ffe42523d2eb06abbd85be8ea5021ae2d36d260f6f63d177e59ca2da764eeaeb4a953c841282dbf214859a753f968cb6e6cb86e0c72']
2b800bef-6f3e-4358-a1ee-4507a36d8fb9,17,PV-STRATEGIE,ENERGIEWENDE,"The PV-Strategie supports the Energiewende, which is Austria’s broader energy transition towards renewables.",8.0,8,['50fb8f6506c2271985ee7ffe42523d2eb06abbd85be8ea5021ae2d36d260f6f63d177e59ca2da764eeaeb4a953c841282dbf214859a753f968cb6e6cb86e0c72']
8f136cc5-5fab-48df-95e0-d1adde8690fc,18,EU-ERNEUERBAREN-RICHTLINIE (RED III),EUROPA,"RED III is a binding directive that applies to all European Union member states within Europe, including Austria.",10.0,4,['50fb8f6506c2271985ee7ffe42523d2eb06abbd85be8ea5021ae2d36d260f6f63d177e59ca2da764eeaeb4a953c841282dbf214859a753f968cb6e6cb86e0c72']
79a96624-525f-45bc-a5f5-3b4eed51e0a2,19,ÖSTERREICH,EU-ERNEUERBAREN-RICHTLINIE (RED III),Austria is obliged to fulfill the requirements of the EU Renewable Energy Directive (RED III) as an EU member state.,9.0,84,['50fb8f6506c2271985ee7ffe42523d2eb06abbd85be8ea5021ae2d36d260f6f63d177e59ca2da764eeaeb4a953c841282dbf214859a753f968cb6e6cb86e0c72']
afd21bac-f31e-44fe-883f-43e10808292e,20,ERNEUERBAREN-AUSBAU-GESETZ (EAG),ÖSTERREICH,"The EAG is an Austrian law that sets a legal and financial framework to support the country's renewable energy expansion—affecting consumers, producers, and markets.",10.0,87,['50fb8f6506c2271985ee7ffe42523d2eb06abbd85be8ea5021ae2d36d260f6f63d177e59ca2da764eeaeb4a953c841282dbf214859a753f968cb6e6cb86e0c72']
3d188ab4-e4ac-4bb2-a4d3-da1cbae4527c,21,KLIMA- UND ENERGIEFONDS,ÖSTERREICH,The Climate and Energy Fund provides crucial financial support for national renewable energy and PV projects.,8.0,96,['50fb8f6506c2271985ee7ffe42523d2eb06abbd85be8ea5021ae2d36d260f6f63d177e59ca2da764eeaeb4a953c841282dbf214859a753f968cb6e6cb86e0c72']
1135fa09-924a-4fd4-ad10-3895fb2dee28,22,BMK,ÖSTERREICH,"BMK, or the Federal Ministry for Climate Action, Environment, Energy, Mobility, Innovation and Technology, is Austria’s government ministry responsible for comprehensive climate, energy, and technology initiatives. It oversees the development and implementation of policies and funding related to energy, environment, and climate action in Austria. BMK plays a central role in managing and financing the country’s transition to sustainable energy solutions, ensuring that Austria’s national climate and energy transformation goals are met. Through strategic leadership, financial support, and regulatory oversight, BMK drives Austria's efforts toward environmental sustainability and the advancement of innovative technologies critical for the nation’s future.",27.0,98,"['50fb8f6506c2271985ee7ffe42523d2eb06abbd85be8ea5021ae2d36d260f6f63d177e59ca2da764eeaeb4a953c841282dbf214859a753f968cb6e6cb86e0c72'
 '50e06bf07ca2ce3a4e0dc0520305a36334e339dc022e32de2a78b62769102078202b01514330a1c4939e30fdb8f4d3884f790c7814b2e95e9bdb0894b3323a4e'
 '7a01190bcf30936758d004f89d7553c62632e91427f92e6420a9e453f2c5d92ab18ae9e62c46bc28aeb398621b28cfd3af89bf2317c887a5eec276b5b7a51052']"
6d4c7e21-a571-4dd2-93a4-349709ed1664,23,BMK,KLIMA- UND ENERGIEFONDS,BMK provides or allocates financial resources through the Climate and Energy Fund.,7.0,30,['50fb8f6506c2271985ee7ffe42523d2eb06abbd85be8ea5021ae2d36d260f6f63d177e59ca2da764eeaeb4a953c841282dbf214859a753f968cb6e6cb86e0c72']
7f955d99-4df9-40cf-87cc-2c070a88db49,24,ERNEUERBAREN-AUSBAU-GESETZ (EAG),ÖKOSTROMANLAGEN,The EAG supports and incentivizes green electricity plants through a modernized support system.,9.0,6,['50fb8f6506c2271985ee7ffe42523d2eb06abbd85be8ea5021ae2d36d260f6f63d177e59ca2da764eeaeb4a953c841282dbf214859a753f968cb6e6cb86e0c72']
3a9a1d29-c2f0-445c-b9fc-212a1b4c23c9,25,ÖSTERREICH,KLIMABONUS,The Klimabonus is paid to Austrian households as compensation for carbon pricing policies.,1.0,83,['50fb8f6506c2271985ee7ffe42523d2eb06abbd85be8ea5021ae2d36d260f6f63d177e59ca2da764eeaeb4a953c841282dbf214859a753f968cb6e6cb86e0c72']
698c146f-ef83-4e16-85bf-c1ffc812d7d1,26,BUND,ÖSTERREICH,The Bund operates at the federal level within Austria to coordinate and promote national energy policies and the PV strategy.,8.0,96,['50fb8f6506c2271985ee7ffe42523d2eb06abbd85be8ea5021ae2d36d260f6f63d177e59ca2da764eeaeb4a953c841282dbf214859a753f968cb6e6cb86e0c72']
945a5167-4938-440a-bd92-21b12dc32e4f,27,LAND,ÖSTERREICH,Land entities represent the various Austrian states involved in implementing the PV strategy and energy infrastructure development.,8.0,84,['50fb8f6506c2271985ee7ffe42523d2eb06abbd85be8ea5021ae2d36d260f6f63d177e59ca2da764eeaeb4a953c841282dbf214859a753f968cb6e6cb86e0c72']
fc9dc79a-d096-49c9-b8c3-1e14e447409f,28,GEMEINDE,ÖSTERREICH,"In Austria, ""Gemeinden,"" or municipalities, function as local authorities operating under both national and state direction. They play a crucial role in implementing Austria’s renewable energy targets and permitting energy installations. As key administrative units, Gemeinden are directly responsible for enacting local-level measures that support Austria’s overall energy and photovoltaic (PV) strategies. Their duties include facilitating the approval and establishment of renewable energy projects, ensuring the country’s ambitious energy goals are achieved efficiently and in accordance with governmental policies. This local involvement makes Gemeinden vital contributors to Austria’s broader transition to sustainable energy.",16.0,85,"['50fb8f6506c2271985ee7ffe42523d2eb06abbd85be8ea5021ae2d36d260f6f63d177e59ca2da764eeaeb4a953c841282dbf214859a753f968cb6e6cb86e0c72'
 '41bd25afdc1cce74b36dd6db5e44e91354172fda16475ab6a3f6cf99bddc720aa91cb56b5ea1b1c4774c8c97017d6bb03c52ba2676d7cfaab1c73fed8ab82912']"
7cdc3a21-2eca-4a5b-9542-80e5391805ba,29,E-CONTROL,ÖSTERREICH,"E-Control is Austria’s national regulatory authority responsible for overseeing the country’s energy market reforms. Serving as Austria’s official energy regulator, E-Control plays a pivotal role in guiding the nation’s transition toward renewable energy sources, with a particular focus on the adoption and integration of photovoltaics. As a key actor in Austria’s energy sector, E-Control ensures the effective implementation of reforms and supports policy initiatives that drive the shift toward sustainable and renewable energy within the country.",18.0,93,"['50fb8f6506c2271985ee7ffe42523d2eb06abbd85be8ea5021ae2d36d260f6f63d177e59ca2da764eeaeb4a953c841282dbf214859a753f968cb6e6cb86e0c72'
 '05802f69e17001a506260c74ca400f6a1368fbf0132720e670d13ffd39c31d615ca94e0ffc071332bd317faa48542bde7970720b9f035d496136fc5d6bbb8ca5']"
88437e9d-3dc0-4c01-b9de-3302b73a2c30,30,WISSENSCHAFT,ÖSTERREICH,Austria’s scientific institutions contribute research and innovation to support the national photovoltaic and energy transition efforts.,7.0,87,['50fb8f6506c2271985ee7ffe42523d2eb06abbd85be8ea5021ae2d36d260f6f63d177e59ca2da764eeaeb4a953c841282dbf214859a753f968cb6e6cb86e0c72']
71d719f3-f639-4f2c-ac86-17e912830231,31,WIRTSCHAFT,ÖSTERREICH,"WIRTSCHAFT and ÖSTERREICH are closely interconnected in the context of Austria's energy transition, particularly regarding the adoption of photovoltaics (PV) and other renewable energy sources. The economic sector, encompassing businesses and industries in Austria, plays a pivotal role as a driver of investment, innovation, and job creation throughout the country's transition toward sustainable energy. The Wirtschaft, or economy, is deeply impacted by the Energiewende (energy transition) and is actively involved in fostering growth and pioneering new technological developments to support this transformative process. Through their engagement, Austrian businesses contribute significantly to innovation, aiding both the advancement of the PV sector and the broader shift to clean energy. Their commitment to investing in and developing new solutions helps to ensure the success of Austria's energy transition, reinforcing the nation's leadership in sustainability while simultaneously creating economic opportunities and employment.",15.0,87,"['50fb8f6506c2271985ee7ffe42523d2eb06abbd85be8ea5021ae2d36d260f6f63d177e59ca2da764eeaeb4a953c841282dbf214859a753f968cb6e6cb86e0c72'
 '50e06bf07ca2ce3a4e0dc0520305a36334e339dc022e32de2a78b62769102078202b01514330a1c4939e30fdb8f4d3884f790c7814b2e95e9bdb0894b3323a4e']"
4038a6ae-4904-4835-921f-3bff64e46c93,32,INTERESSENSVERTRETUNGEN,ÖSTERREICH,Stakeholder and advocacy groups help shape policy and public acceptance for Austria’s PV and energy transition process.,6.0,86,['50fb8f6506c2271985ee7ffe42523d2eb06abbd85be8ea5021ae2d36d260f6f63d177e59ca2da764eeaeb4a953c841282dbf214859a753f968cb6e6cb86e0c72']
5b129e67-b9de-4a19-8bbf-d5e891500e45,33,BUND,LAND,Cooperation between the federal and state levels is fundamental for effective implementation of Austria’s PV and energy strategy.,7.0,16,['50fb8f6506c2271985ee7ffe42523d2eb06abbd85be8ea5021ae2d36d260f6f63d177e59ca2da764eeaeb4a953c841282dbf214859a753f968cb6e6cb86e0c72']
d8107068-6800-4bb1-b079-0c5b4c466a2d,34,BUND,GEMEINDE,The Bund (federal government) works with municipal (Gemeinde) governments to realize energy and PV strategy at the local level.,7.0,17,['50fb8f6506c2271985ee7ffe42523d2eb06abbd85be8ea5021ae2d36d260f6f63d177e59ca2da764eeaeb4a953c841282dbf214859a753f968cb6e6cb86e0c72']
5c627711-1b66-4558-b181-d8d471cf8c49,35,BUND,E-CONTROL,The federal government (Bund) coordinates with E-Control for regulatory and policy implementation in the energy sector.,7.0,25,['50fb8f6506c2271985ee7ffe42523d2eb06abbd85be8ea5021ae2d36d260f6f63d177e59ca2da764eeaeb4a953c841282dbf214859a753f968cb6e6cb86e0c72']
2e8c95f1-27da-44eb-9a47-68bc643da895,36,BUND,WISSENSCHAFT,The federal level (Bund) works with scientific organizations (Wissenschaft) to support research and innovation.,6.0,19,['50fb8f6506c2271985ee7ffe42523d2eb06abbd85be8ea5021ae2d36d260f6f63d177e59ca2da764eeaeb4a953c841282dbf214859a753f968cb6e6cb86e0c72']
4076207c-44d8-4f8c-a19a-1b2f41fb9a29,37,BUND,WIRTSCHAFT,The federal government supports economic actors and the PV sector in Austria’s transition.,6.0,19,['50fb8f6506c2271985ee7ffe42523d2eb06abbd85be8ea5021ae2d36d260f6f63d177e59ca2da764eeaeb4a953c841282dbf214859a753f968cb6e6cb86e0c72']
8e0cd308-a293-41ea-8566-404d211f23c2,38,BUND,INTERESSENSVERTRETUNGEN,The federal government cooperates with interest groups to facilitate the PV and energy transition.,6.0,18,['50fb8f6506c2271985ee7ffe42523d2eb06abbd85be8ea5021ae2d36d260f6f63d177e59ca2da764eeaeb4a953c841282dbf214859a753f968cb6e6cb86e0c72']
79802433-ef12-4626-bff8-c5a955bdd025,39,E-CONTROL,WISSENSCHAFT,E-Control relies on scientific input for regulation and fostering innovation in the energy sector.,5.0,16,['50fb8f6506c2271985ee7ffe42523d2eb06abbd85be8ea5021ae2d36d260f6f63d177e59ca2da764eeaeb4a953c841282dbf214859a753f968cb6e6cb86e0c72']
edeff329-4182-4b24-b5a3-83d246856d0a,40,WISSENSCHAFT,WIRTSCHAFT,Cooperation between science and industry is encouraged for developing and commercializing PV technologies.,1.0,10,['50fb8f6506c2271985ee7ffe42523d2eb06abbd85be8ea5021ae2d36d260f6f63d177e59ca2da764eeaeb4a953c841282dbf214859a753f968cb6e6cb86e0c72']
24849e4c-2a08-4488-a50b-c615bf791303,41,KLIMABONUS,ÖSTERREICH,Der Klimabonus ist ein nationales Instrument zur Abfederung der CO₂-Bepreisung für österreichische Haushalte.,8.0,83,['50e06bf07ca2ce3a4e0dc0520305a36334e339dc022e32de2a78b62769102078202b01514330a1c4939e30fdb8f4d3884f790c7814b2e95e9bdb0894b3323a4e']
b823f295-60ae-41f3-b469-5b113445ee92,42,PHOTOVOLTAIK-STRATEGIE,ÖSTERREICH,Die Photovoltaik-Strategie bildet den Rahmen für den Ausbau erneuerbarer Energien in Österreich.,10.0,88,['50e06bf07ca2ce3a4e0dc0520305a36334e339dc022e32de2a78b62769102078202b01514330a1c4939e30fdb8f4d3884f790c7814b2e95e9bdb0894b3323a4e']
9820f182-ac6f-4f76-8d44-de00a3bff65d,43,INTEGRIERTER ÖSTERREICHISCHER NETZINFRASTRUKTURPLAN (NIP),PHOTOVOLTAIK-STRATEGIE,Die Strategie basiert auf den Potentialen und Szenarien aus dem Netzinfrastrukturplan NIP.,8.0,12,['50e06bf07ca2ce3a4e0dc0520305a36334e339dc022e32de2a78b62769102078202b01514330a1c4939e30fdb8f4d3884f790c7814b2e95e9bdb0894b3323a4e']
88d26b53-3deb-4a8c-8be9-5ff49428af68,44,E-CONTROL,PHOTOVOLTAIK-STRATEGIE,E-Control ist als wichtige Akteurin bei der Umsetzung der Photovoltaik-Strategie eingebunden.,7.0,17,['50e06bf07ca2ce3a4e0dc0520305a36334e339dc022e32de2a78b62769102078202b01514330a1c4939e30fdb8f4d3884f790c7814b2e95e9bdb0894b3323a4e']
2f526ff3-4e27-4a5d-851d-0f8550b089c8,45,EU-EMISSIONSHANDEL,ÖSTERREICH,Der EU-Emissionshandel betrifft bestimmte Sektoren in Österreich und fungiert als Referenzrahmen für die nationale CO₂-Bepreisung.,6.0,83,['50e06bf07ca2ce3a4e0dc0520305a36334e339dc022e32de2a78b62769102078202b01514330a1c4939e30fdb8f4d3884f790c7814b2e95e9bdb0894b3323a4e']
3ba588af-a743-458d-9c69-44d462e13088,46,ENERGIEWENDE,ÖSTERREICH,"The Energiewende is a major strategic initiative in Austria, serving as the central approach for achieving the country's ambitious climate goals and the complete decarbonization of its energy system by 2040. As a pivotal event within Austria, the Energiewende is designed to transition the nation towards climate neutrality, ensuring a sustainable, environmentally friendly energy supply in the coming decades. This comprehensive transformation involves a fundamental shift from fossil fuels to renewable energy sources and implements wide-ranging measures across various sectors. Through the Energiewende, Austria is committed to leadership in climate protection while supporting economic development and energy security.",19.0,88,"['50e06bf07ca2ce3a4e0dc0520305a36334e339dc022e32de2a78b62769102078202b01514330a1c4939e30fdb8f4d3884f790c7814b2e95e9bdb0894b3323a4e'
 'dafd7f2f39e49c87969ec1360e9fae0af9de6f290655205c8c120dd24dcc85da04f0536237f7f9529d31deed892d5abae3b8f58fb66ae9e497327f23b1e6b750']"
dca80b2c-64c0-420a-9012-e1117bab51a4,47,PHOTOVOLTAIK-STRATEGIE,ENERGIEWENDE,Die Photovoltaik-Strategie ist ein Schlüsselbestandteil für das Gelingen der österreichischen Energiewende.,9.0,12,['50e06bf07ca2ce3a4e0dc0520305a36334e339dc022e32de2a78b62769102078202b01514330a1c4939e30fdb8f4d3884f790c7814b2e95e9bdb0894b3323a4e']
62e72045-e4fe-4f4a-8f55-46b4b9bcbe57,48,BMK,PHOTOVOLTAIK-STRATEGIE,Das BMK verantwortet die Bereitstellung finanzieller Mittel und die Ausarbeitung von Instrumenten für die Umsetzung der Photovoltaik-Strategie.,1.0,22,['50e06bf07ca2ce3a4e0dc0520305a36334e339dc022e32de2a78b62769102078202b01514330a1c4939e30fdb8f4d3884f790c7814b2e95e9bdb0894b3323a4e']
200f6fc0-bd4b-48e2-9704-ec170a6a1995,49,BUNDESREGIERUNG,REGIERUNGSPROGRAMM,Die Bundesregierung ist federführend für die Entwicklung und Umsetzung des Regierungsprogramms.,9.0,4,['50e06bf07ca2ce3a4e0dc0520305a36334e339dc022e32de2a78b62769102078202b01514330a1c4939e30fdb8f4d3884f790c7814b2e95e9bdb0894b3323a4e']
816efe21-4eee-47fc-9b63-942251229307,50,EUROPÄISCHE UNION,ÖSTERREICH,"Austria (ÖSTERREICH) is a member state of the European Union (EUROPÄISCHE UNION) and is therefore required to comply with EU directives and regulations, particularly in areas related to renewable energy and environmental policy. The European Union's legal requirements and programs have a direct impact on Austria's national climate policy, shaping its approach to environmental and energy legislation. Austria's participation in the EU obliges it to align its national strategies with broader European objectives for sustainability, climate protection, and renewable energy development. This relationship ensures that Austrian environmental and climate policies are closely coordinated with, and influenced by, European Union standards and initiatives.",18.0,86,"['50e06bf07ca2ce3a4e0dc0520305a36334e339dc022e32de2a78b62769102078202b01514330a1c4939e30fdb8f4d3884f790c7814b2e95e9bdb0894b3323a4e'
 '41bd25afdc1cce74b36dd6db5e44e91354172fda16475ab6a3f6cf99bddc720aa91cb56b5ea1b1c4774c8c97017d6bb03c52ba2676d7cfaab1c73fed8ab82912']"
418daebe-190b-4235-8cbf-dc72e4353803,51,FORSCHUNGSRAMMENPROGRAMM,EUROPÄISCHE UNION,Das Forschungsrahmenprogramm ist ein Instrument der Europäischen Union zur Förderung von Innovationen und zur Stärkung der Wettbewerbsfähigkeit ihrer Mitgliedsstaaten.,7.0,5,['50e06bf07ca2ce3a4e0dc0520305a36334e339dc022e32de2a78b62769102078202b01514330a1c4939e30fdb8f4d3884f790c7814b2e95e9bdb0894b3323a4e']
63074855-33ed-47d8-a542-ba44bc28a88f,52,LANDESREGIERUNGEN,BUNDESREGIERUNG,Die Landesregierungen setzen Maßnahmen des Bundes auf regionaler Ebene um und sind wichtige Partner der Bundesregierung.,7.0,5,['50e06bf07ca2ce3a4e0dc0520305a36334e339dc022e32de2a78b62769102078202b01514330a1c4939e30fdb8f4d3884f790c7814b2e95e9bdb0894b3323a4e']
1eccd143-266e-469a-8809-fe231f112954,53,GEMEINDEN,LANDESREGIERUNGEN,Gemeinden stehen in direkter Verbindung mit den jeweiligen Landesregierungen und setzen lokale Maßnahmen zur Energiewende um.,7.0,4,['50e06bf07ca2ce3a4e0dc0520305a36334e339dc022e32de2a78b62769102078202b01514330a1c4939e30fdb8f4d3884f790c7814b2e95e9bdb0894b3323a4e']
d8e84858-5b03-4b8b-a0b1-fd9858afdf0c,54,WISSENSCHAFT,BMK,"Der Wissenschaftsbereich arbeitet mit dem BMK zusammen, um Innovationen und neue Technologien für die Energiewende zu entwickeln.",7.0,21,['50e06bf07ca2ce3a4e0dc0520305a36334e339dc022e32de2a78b62769102078202b01514330a1c4939e30fdb8f4d3884f790c7814b2e95e9bdb0894b3323a4e']
6c4ee7ac-61b1-44a9-99dc-8700f339a8ca,55,NETZBETREIBER,E-CONTROL,Netzbetreiber stehen unter der Aufsicht von E-Control und arbeiten bei der Systemzuverlässigkeit und dem Ausbau erneuerbarer Energien zusammen.,8.0,12,['50e06bf07ca2ce3a4e0dc0520305a36334e339dc022e32de2a78b62769102078202b01514330a1c4939e30fdb8f4d3884f790c7814b2e95e9bdb0894b3323a4e']
891d3e60-993c-4aba-a99a-2c9abeee40d2,56,ELEKTROTECHNISCHE NORMUNGSORGANISATION,BMK,Normungsorganisationen wirken über das BMK an der Schaffung sicherer technischer Standards in der Photovoltaik mit.,6.0,17,['50e06bf07ca2ce3a4e0dc0520305a36334e339dc022e32de2a78b62769102078202b01514330a1c4939e30fdb8f4d3884f790c7814b2e95e9bdb0894b3323a4e']
685f5479-026f-4e7b-9a22-76bc93cae728,57,INTERESSENSVERTRETUNGEN,BMK,Interessenvertretungen sind Partner des BMK bei der Ausarbeitung und gesellschaftlichen Umsetzung der Energiewende.,7.0,20,['50e06bf07ca2ce3a4e0dc0520305a36334e339dc022e32de2a78b62769102078202b01514330a1c4939e30fdb8f4d3884f790c7814b2e95e9bdb0894b3323a4e']
d5790650-b670-447c-bf9f-afe81e752fba,58,PHOTOVOLTAIK-STRATEGIE,PHOTOVOLTAIK-AUSBAU,Die Strategie steuert und begleitet den Ausbau der Photovoltaik in Österreich.,10.0,8,['50e06bf07ca2ce3a4e0dc0520305a36334e339dc022e32de2a78b62769102078202b01514330a1c4939e30fdb8f4d3884f790c7814b2e95e9bdb0894b3323a4e']
7cfc2c24-7ec2-427a-8818-481e88b2eb1c,59,PHOTOVOLTAIK-AUSBAU,KLIMANEUTRALITÄT 2040,Der PV-Ausbau ist ein zentrales Mittel zur Erreichung der angestrebten Klimaneutralität bis 2040.,9.0,5,['50e06bf07ca2ce3a4e0dc0520305a36334e339dc022e32de2a78b62769102078202b01514330a1c4939e30fdb8f4d3884f790c7814b2e95e9bdb0894b3323a4e']
7920f880-f746-4a7a-a28b-c27283127784,60,KLIMANEUTRALITÄT 2040,ÖSTERREICH,Klimaneutralität 2040 ist das erklärte Ziel von Österreich und Orientierungspunkt für alle Maßnahmen der Energiewende.,10.0,85,['50e06bf07ca2ce3a4e0dc0520305a36334e339dc022e32de2a78b62769102078202b01514330a1c4939e30fdb8f4d3884f790c7814b2e95e9bdb0894b3323a4e']
b5706773-ccff-408d-ac6e-ae1707648f5b,61,STROMMARKT,BÜRGER:INNEN,Durch die Energiewende werden Bürger:innen zu aktiven Teilnehmer:innen auf dem Strommarkt.,8.0,6,['50e06bf07ca2ce3a4e0dc0520305a36334e339dc022e32de2a78b62769102078202b01514330a1c4939e30fdb8f4d3884f790c7814b2e95e9bdb0894b3323a4e']
a33c1954-e3b8-47c2-b447-a1be85d59321,62,BÜRGER:INNEN,ÖSTERREICH,Die österreichischen Bürger:innen profitieren von nachhaltigen Arbeitsplätzen und sind gestaltende Akteure des Wandels.,8.0,87,['50e06bf07ca2ce3a4e0dc0520305a36334e339dc022e32de2a78b62769102078202b01514330a1c4939e30fdb8f4d3884f790c7814b2e95e9bdb0894b3323a4e']
e05bc5ad-a377-428a-84d4-a68b4bca8992,63,GEMEINDEN,INTERESSENSVERTRETUNGEN,Gemeinden und Interessenvertretungen kooperieren auf lokaler Ebene bei gesellschaftlichen Transformationsprozessen.,1.0,6,['50e06bf07ca2ce3a4e0dc0520305a36334e339dc022e32de2a78b62769102078202b01514330a1c4939e30fdb8f4d3884f790c7814b2e95e9bdb0894b3323a4e']
78386c17-ce06-4ac9-9b9a-fffa45df213e,64,ÖSTERREICH,BUNDESLÄNDER,"ÖSTERREICH, also known as Austria, is divided into regional entities called Bundesländer, or federal states. These Bundesländer function as Austria's primary regional divisions, each possessing jurisdiction over vital areas such as spatial planning, nature conservation, and building regulation. The federal states play a crucial role in the country's governance structure, particularly concerning the implementation of national policies at the regional level.

One of their significant responsibilities is designating areas and applying national energy strategies within their territories. The Bundesländer are central to advancing Austria's renewable energy objectives, especially in the deployment and expansion of photovoltaic (PV) systems and other renewable resources. Each federal state is not only empowered but also mandated to set and execute ambitious expansion targets for PV and other renewables. These targets form part of Austria's comprehensive renewable energy strategy and highlight a distributed, cooperative framework for implementation across the nation.

In this way, the Bundesländer act as both planners and executors of regional and national development, ensuring the effective integration of policy and practice in areas crucial to Austria’s environmental and sustainability goals. Their autonomy and active role ensure that Austria’s renewable energy ambitions, particularly regarding PV deployment, are tailored to local conditions while contributing to the overall national strategy.",33.0,93,"['e498566a78d36b3ce13304157993b9b4269045840f1d63663ab07328cc5c6a9ebc15f47c9ae340cbebf706bc8faebd35ccc4f11ae0aa4cb9a223345224329757'
 'e498566a78d36b3ce13304157993b9b4269045840f1d63663ab07328cc5c6a9ebc15f47c9ae340cbebf706bc8faebd35ccc4f11ae0aa4cb9a223345224329757'
 '23663988970639bea940978ccbd9150fd292856f2f31a1d587392606a64713d5dfeade66f1beea67d1cc0b0e93012337685e0eca3267f98c1695a466657a8b24'
 '41bd25afdc1cce74b36dd6db5e44e91354172fda16475ab6a3f6cf99bddc720aa91cb56b5ea1b1c4774c8c97017d6bb03c52ba2676d7cfaab1c73fed8ab82912']"
6e84aad7-7e0e-4d25-8546-2ca8a26a1c71,65,BUNDESLÄNDER,PV-ANLAGE,"The BUNDESLÄNDER, which are the federal states in Austria, play a significant role in supporting and advancing the adoption of PV-ANLAGE, or photovoltaic installations, within their regions. Each federal state deploys PV installations based on its own specific targets and development plans, which are designed to align with both regional needs and broader national goals for renewable energy expansion. To this end, the Bundesländer actively support and facilitate the widespread adoption and installation of PV-Anlagen, making photovoltaic technology a key component of their strategies to increase the share of renewables in their overall energy mix. These combined efforts by the Austrian Bundesländer demonstrate a strong commitment to accelerating the transition to sustainable energy and achieving ambitious renewable energy targets across the country.",16.0,31,"['e498566a78d36b3ce13304157993b9b4269045840f1d63663ab07328cc5c6a9ebc15f47c9ae340cbebf706bc8faebd35ccc4f11ae0aa4cb9a223345224329757'
 'e498566a78d36b3ce13304157993b9b4269045840f1d63663ab07328cc5c6a9ebc15f47c9ae340cbebf706bc8faebd35ccc4f11ae0aa4cb9a223345224329757']"
0d7a344b-6dc5-4522-9064-f96f0957e7ff,66,PV-ANLAGE,ENERGIEGEMEINSCHAFTEN,"PV-Anlagen are widely used within energy communities (Energiegemeinschaften), where they facilitate collective electricity production and consumption. These photovoltaic systems enable members of energy communities to jointly generate and consume electricity, promoting efficient and sustainable energy use among participants. By leveraging PV-Anlagen, energy communities can optimize energy self-sufficiency and share the benefits of renewable power generation.",14.0,34,"['e498566a78d36b3ce13304157993b9b4269045840f1d63663ab07328cc5c6a9ebc15f47c9ae340cbebf706bc8faebd35ccc4f11ae0aa4cb9a223345224329757'
 'e498566a78d36b3ce13304157993b9b4269045840f1d63663ab07328cc5c6a9ebc15f47c9ae340cbebf706bc8faebd35ccc4f11ae0aa4cb9a223345224329757']"
9628cda9-7a65-44f6-b51d-7b591dbeb58e,67,PV-ANLAGE,GRÜNER WASSERSTOFF,"PV-ANLAGE and GRÜNER WASSERSTOFF are closely interconnected within renewable energy systems. PV-ANLAGE refers to photovoltaic installations that produce electricity from solar energy. Often, these PV installations generate surplus electricity beyond immediate consumption needs. Rather than letting this excess go to waste, the surplus photovoltaic electricity is typically directed into systems that produce GRÜNER WASSERSTOFF, or green hydrogen. 

The conversion process involves using the surplus solar-generated electricity to perform electrolysis, splitting water into hydrogen and oxygen. The resulting green hydrogen serves multiple purposes—it can be stored and later used to generate electricity when solar output is low, or exported for use in various energy-intensive sectors such as industry and transport. This synergistic relationship maximizes the utilization of renewable energy output, enhances energy storage capabilities, and supports the broader transition to a low-carbon economy by integrating clean hydrogen as a versatile energy vector. Thus, PV-ANLAGE and GRÜNER WASSERSTOFF function together to convert and utilize surplus renewable electricity in a sustainable and efficient manner.",8.0,21,"['e498566a78d36b3ce13304157993b9b4269045840f1d63663ab07328cc5c6a9ebc15f47c9ae340cbebf706bc8faebd35ccc4f11ae0aa4cb9a223345224329757'
 'e498566a78d36b3ce13304157993b9b4269045840f1d63663ab07328cc5c6a9ebc15f47c9ae340cbebf706bc8faebd35ccc4f11ae0aa4cb9a223345224329757']"
ed2f86cd-c6ea-40a4-a408-468ad0f59cab,68,PV-ANLAGE,FREIFLÄCHEN-BIODIVERSITÄTSANLAGEN,"PV-ANLAGE refers to photovoltaic installations, commonly known as PV systems, which are designed to generate solar energy. Within this sector, Freiflächen-Biodiversitätsanlagen represent a specific application of PV-Anlagen that focuses on both energy production and ecological enhancement. These large-scale photovoltaic installations are a significant part of Austria’s PV-Anlage landscape. Freiflächen-Biodiversitätsanlagen are particularly designed to not only produce renewable energy from solar power but also to promote and support local biodiversity, integrating ecological goals with energy objectives. Thus, in Austria, Freiflächen-Biodiversitätsanlagen play a dual role as major contributors to the country’s solar energy capacity and as innovators in advancing biodiversity on open land used for PV-Anlagen.",14.0,22,"['e498566a78d36b3ce13304157993b9b4269045840f1d63663ab07328cc5c6a9ebc15f47c9ae340cbebf706bc8faebd35ccc4f11ae0aa4cb9a223345224329757'
 'e498566a78d36b3ce13304157993b9b4269045840f1d63663ab07328cc5c6a9ebc15f47c9ae340cbebf706bc8faebd35ccc4f11ae0aa4cb9a223345224329757']"
aa89739c-666e-45bd-a31c-e1ca73352316,69,PV-ANLAGE,AGRI-PV-ANLAGEN,"PV-ANLAGE refers to photovoltaic systems, commonly known as solar power installations, that are used to generate electricity from sunlight. Within this broader category, AGRI-PV-ANLAGEN represents a specialized sub-type. Agri-PV-Anlagen, or agricultural photovoltaic systems, are specifically designed to facilitate the combined use of land for both agricultural activities and photovoltaic electricity generation. This approach, also known as ""dual use,"" allows the same parcel of land to be utilized simultaneously for farming and for harnessing solar energy, thereby optimizing land efficiency and productivity. By integrating solar panels with agricultural operations, Agri-PV-Anlagen enable farmers to maintain crop or livestock production while also benefiting from renewable energy generation. This type of system supports sustainable land management by promoting both food and energy security, and helps increase the overall value and utility of agricultural areas. In summary, PV-ANLAGE encompasses a wide range of photovoltaic installations, of which Agri-PV-Anlagen is a distinct subset focused on dual land use for agriculture and solar electricity generation.",15.0,25,"['e498566a78d36b3ce13304157993b9b4269045840f1d63663ab07328cc5c6a9ebc15f47c9ae340cbebf706bc8faebd35ccc4f11ae0aa4cb9a223345224329757'
 'e498566a78d36b3ce13304157993b9b4269045840f1d63663ab07328cc5c6a9ebc15f47c9ae340cbebf706bc8faebd35ccc4f11ae0aa4cb9a223345224329757'
 '41bd25afdc1cce74b36dd6db5e44e91354172fda16475ab6a3f6cf99bddc720aa91cb56b5ea1b1c4774c8c97017d6bb03c52ba2676d7cfaab1c73fed8ab82912']"
34bd900f-ab47-461c-b35c-19e7337c4541,70,PV-ANLAGE,SOLARINDUSTRIE,"The Austrian solar industry, also referred to as the Solarindustrie, specializes in the manufacturing of photovoltaic (PV) components and systems designed for PV-Anlagen (photovoltaic systems). This sector not only produces the essential components required for PV-Anlagen but also actively supports the large-scale implementation of these solar energy systems. The Austrian solar industry’s activities cater to both domestic and international markets, highlighting its dual role in fostering the adoption of solar technology within Austria and contributing to the global solar sector. Through innovation, manufacturing excellence, and broad market support, the Austrian Solarindustrie plays a significant part in the advancement and distribution of PV-Anlagen solutions.",14.0,22,"['e498566a78d36b3ce13304157993b9b4269045840f1d63663ab07328cc5c6a9ebc15f47c9ae340cbebf706bc8faebd35ccc4f11ae0aa4cb9a223345224329757'
 'e498566a78d36b3ce13304157993b9b4269045840f1d63663ab07328cc5c6a9ebc15f47c9ae340cbebf706bc8faebd35ccc4f11ae0aa4cb9a223345224329757']"
55ae061b-29bc-4047-84eb-8f8bb23a9145,71,SOLARINDUSTRIE,PV-WERTSCHÖPFUNGSKETTE,"The Solarindustry encompasses all stages of the photovoltaic value chain, from innovation and production to application.",9.0,4,['e498566a78d36b3ce13304157993b9b4269045840f1d63663ab07328cc5c6a9ebc15f47c9ae340cbebf706bc8faebd35ccc4f11ae0aa4cb9a223345224329757']
0915d977-7c3a-4602-a1b3-e524e099b557,72,PV-ANLAGE,BIODIVERSITÄTS-SOLARPARKS,"PV-ANLAGE refers to photovoltaic systems designed to produce electricity from solar energy. Among these, Biodiversitäts-Solarparks stand out as a leading type, uniquely combining the goal of electricity production with the promotion of biodiversity. Biodiversitäts-Solarparks are specifically designed as PV-Anlagen that not only generate renewable energy but also foster biodiversity by creating habitats and supporting local ecosystems. These solar parks integrate features and management practices that encourage the presence of diverse plant and animal species, making them an innovative approach that aligns renewable energy generation with ecological enhancement.",14.0,22,"['e498566a78d36b3ce13304157993b9b4269045840f1d63663ab07328cc5c6a9ebc15f47c9ae340cbebf706bc8faebd35ccc4f11ae0aa4cb9a223345224329757'
 'e498566a78d36b3ce13304157993b9b4269045840f1d63663ab07328cc5c6a9ebc15f47c9ae340cbebf706bc8faebd35ccc4f11ae0aa4cb9a223345224329757']"
0b435199-cc9e-4b42-8ecf-ffc20fc4922d,73,BIODIVERSITÄTS-SOLARPARKS,FREIFLÄCHEN-BIODIVERSITÄTSANLAGEN,"Biodiversitäts-Solarparks and Freiflächen-Biodiversitätsanlagen are large-scale solar installations that emphasize both energy production and the promotion of biodiversity. Both entities are designed with dual energy-ecological functions, meaning they not only generate renewable energy via solar technologies but also are purposefully developed or managed to improve or maintain biodiversity within their respective sites. In practice, Biodiversitäts-Solarparks and Freiflächen-Biodiversitätsanlagen often overlap, as they are frequently implemented together with the shared goal of harmonizing ecological value with effective solar energy output. Their integrated approach contributes both to the transition toward sustainable energy and to the conservation of local ecosystems.",16.0,4,"['e498566a78d36b3ce13304157993b9b4269045840f1d63663ab07328cc5c6a9ebc15f47c9ae340cbebf706bc8faebd35ccc4f11ae0aa4cb9a223345224329757'
 'e498566a78d36b3ce13304157993b9b4269045840f1d63663ab07328cc5c6a9ebc15f47c9ae340cbebf706bc8faebd35ccc4f11ae0aa4cb9a223345224329757']"
415b3c5e-1871-4fd0-b0c0-f3ec79cf2e99,74,PV-ANLAGE,HANDWERKSBETRIEBE,"PV-Anlagen (photovoltaic systems) require skilled craft and artisan enterprises (Handwerksbetriebe) for both their installation and ongoing service. These Handwerksbetriebe play a crucial role in ensuring that PV-Anlagen are properly set up and maintained, highlighting the essential partnership between the photovoltaic industry and the craft sector. Without the expertise and services provided by these craft businesses, the successful implementation and sustained performance of PV-Anlagen would not be possible.",15.0,21,"['e498566a78d36b3ce13304157993b9b4269045840f1d63663ab07328cc5c6a9ebc15f47c9ae340cbebf706bc8faebd35ccc4f11ae0aa4cb9a223345224329757'
 'e498566a78d36b3ce13304157993b9b4269045840f1d63663ab07328cc5c6a9ebc15f47c9ae340cbebf706bc8faebd35ccc4f11ae0aa4cb9a223345224329757']"
52e7af28-d7f1-4bca-b377-0e0378da4cbf,75,PV-ANLAGE,FACHKRÄFTE,"PV-ANLAGE (photovoltaic systems) are installed and maintained by skilled professionals known as Fachkräfte. The widespread adoption and installation of PV-Anlagen, particularly in Austria, necessitate a substantial number of these skilled workers. Fachkräfte play a crucial role, ensuring the proper setup and ongoing maintenance of photovoltaic systems and supporting the country's transition to renewable energy. Their expertise is essential for scaling up the deployment of PV-Anlagen to meet increasing energy demands and sustainability goals.",15.0,22,"['e498566a78d36b3ce13304157993b9b4269045840f1d63663ab07328cc5c6a9ebc15f47c9ae340cbebf706bc8faebd35ccc4f11ae0aa4cb9a223345224329757'
 'e498566a78d36b3ce13304157993b9b4269045840f1d63663ab07328cc5c6a9ebc15f47c9ae340cbebf706bc8faebd35ccc4f11ae0aa4cb9a223345224329757']"
4d6d2ba9-da70-4272-b985-9a4109e29f78,76,AKTIVER KUNDE,PV-ANLAGE,"AKTIVER KUNDE refers to active customers who are individual users or residents primarily utilizing PV-ANLAGE, which are photovoltaic systems, for self-supply of electricity. These active customers may use either their own PV-Anlage or share communal PV-Anlagen to maximize their self-sufficiency in energy consumption. By doing so, they participate directly in the energy system, not only producing electricity for their own needs but also supporting sustainable energy practices. Through their engagement with PV-Anlagen, Aktiver Kunde plays a crucial role in decentralized energy production and consumption.",16.0,23,"['e498566a78d36b3ce13304157993b9b4269045840f1d63663ab07328cc5c6a9ebc15f47c9ae340cbebf706bc8faebd35ccc4f11ae0aa4cb9a223345224329757'
 'e498566a78d36b3ce13304157993b9b4269045840f1d63663ab07328cc5c6a9ebc15f47c9ae340cbebf706bc8faebd35ccc4f11ae0aa4cb9a223345224329757']"
eb30d910-2051-4d3a-b381-eb9c535afb03,77,BIOENERGIE,WINDENERGIE,"BIOENERGIE and WINDENERGIE are both vital renewable energy sources that play complementary roles in Austria's transition to cleaner energy. As key components of Austria’s diverse renewable energy mix, bioenergy and wind energy support each other in contributing to the country’s efforts to reduce reliance on fossil fuels and promote sustainability. Their combined strengths help to ensure a stable, resilient, and environmentally friendly energy supply as Austria advances its commitment to renewable energy development.",11.0,4,"['e498566a78d36b3ce13304157993b9b4269045840f1d63663ab07328cc5c6a9ebc15f47c9ae340cbebf706bc8faebd35ccc4f11ae0aa4cb9a223345224329757'
 'e498566a78d36b3ce13304157993b9b4269045840f1d63663ab07328cc5c6a9ebc15f47c9ae340cbebf706bc8faebd35ccc4f11ae0aa4cb9a223345224329757']"
2e2917f2-1537-404e-94c5-98095f5be787,78,BIOENERGIE,WASSERKRAFT,"BIOENERGIE and WASSERKRAFT, known respectively as bioenergy and hydropower, are both integral renewable energy sources that contribute significantly to Austria’s energy system. As key components of Austria’s renewable energy portfolio, they represent distinct sectors, each playing a critical role in the country’s transition towards sustainable energy. Bioenergy harnesses organic materials for fuel, while hydropower utilizes water resources to generate electricity. Together, they exemplify Austria’s commitment to diversifying its energy mix and reducing reliance on fossil fuels through the development and utilization of sustainable, renewable resources.",11.0,4,"['e498566a78d36b3ce13304157993b9b4269045840f1d63663ab07328cc5c6a9ebc15f47c9ae340cbebf706bc8faebd35ccc4f11ae0aa4cb9a223345224329757'
 'e498566a78d36b3ce13304157993b9b4269045840f1d63663ab07328cc5c6a9ebc15f47c9ae340cbebf706bc8faebd35ccc4f11ae0aa4cb9a223345224329757']"
1292568f-c2b9-4488-a5ed-e7ee0c1f8412,79,WASSERKRAFT,WINDENERGIE,"WASSERKRAFT (hydropower) and WINDENERGIE (wind energy) are both central to Austria’s renewable electricity production. They are emphasized as vital contributors to the country’s renewable energy system, playing key roles in advancing Austria’s transition to sustainable energy sources. Together, hydropower and wind energy form the backbone of Austria’s efforts to expand and strengthen its renewable electricity sector.",7.0,4,"['e498566a78d36b3ce13304157993b9b4269045840f1d63663ab07328cc5c6a9ebc15f47c9ae340cbebf706bc8faebd35ccc4f11ae0aa4cb9a223345224329757'
 'e498566a78d36b3ce13304157993b9b4269045840f1d63663ab07328cc5c6a9ebc15f47c9ae340cbebf706bc8faebd35ccc4f11ae0aa4cb9a223345224329757']"
e19bcd0c-85bf-45d4-b522-9dfe54a4e2d5,80,ÖSTERREICH,PV-ANLAGE,"Broad adoption of PV-Anlagen in Austria is a direct result of the national strategy and incentives, positioning Austria as an active partner in the European PV industry.",8.0,102,['e498566a78d36b3ce13304157993b9b4269045840f1d63663ab07328cc5c6a9ebc15f47c9ae340cbebf706bc8faebd35ccc4f11ae0aa4cb9a223345224329757']
8f00a61d-6e57-41b6-b61e-03daedd03b05,81,PV-ANLAGE,GEBÄUDEAUSSENTEILE,"Building exteriors increasingly act as standard locations for PV installation, integrating energy generation into building structures.",7.0,21,['e498566a78d36b3ce13304157993b9b4269045840f1d63663ab07328cc5c6a9ebc15f47c9ae340cbebf706bc8faebd35ccc4f11ae0aa4cb9a223345224329757']
f68ad46f-6ff2-4cf2-8b7e-fb70eecf6d9d,82,PV-ANLAGE,PV-WERTSCHÖPFUNGSKETTE,"PV-Anlagen are the endpoint of the PV value chain, which starts with innovation and manufacturing in Austria.",8.0,22,['e498566a78d36b3ce13304157993b9b4269045840f1d63663ab07328cc5c6a9ebc15f47c9ae340cbebf706bc8faebd35ccc4f11ae0aa4cb9a223345224329757']
177d91fd-6942-4a93-8188-feb23ad8d885,83,AKTIVER KUNDE,ENERGIEGEMEINSCHAFTEN,Active customers also participate in collective energy communities to generate and use local renewable electricity.,7.0,17,['e498566a78d36b3ce13304157993b9b4269045840f1d63663ab07328cc5c6a9ebc15f47c9ae340cbebf706bc8faebd35ccc4f11ae0aa4cb9a223345224329757']
e301ce37-fdf0-4c36-aa0c-503a609848be,84,ÖSTERREICHISCHE PHOTOVOLTAIK-STRATEGIE,INTEGRIERTER ÖSTERREICHISCHER NETZINFRASTRUKTURPLAN (NIP),The Photovoltaic Strategy relies on estimates and targets derived from the Integrated Austrian Network Infrastructure Plan for expansion potential.,8.0,45,['f9e54ba797ff2b80a5f0e5f24e3901236ac4130e4e84d01615e67bc810b290cd5ac7c08f71a782797073050d512eda2695c3659569deba0d4bd5c3ab6195784a']
622d2619-15a3-4c1f-94ba-714b10ac8004,85,INTEGRIERTER ÖSTERREICHISCHER NETZINFRASTRUKTURPLAN (NIP),UMWELTBUNDESAMT,The NIP uses projections and scenario analyses from Umweltbundesamt (Transition 2040) for energy and emissions planning.,9.0,8,['f9e54ba797ff2b80a5f0e5f24e3901236ac4130e4e84d01615e67bc810b290cd5ac7c08f71a782797073050d512eda2695c3659569deba0d4bd5c3ab6195784a']
ebc26e96-410e-4502-a368-33e1a2b78ec1,86,UMWELTBUNDESAMT,TRANSITION 2040,Umweltbundesamt is responsible for the creation and publication of the Transition 2040 scenario.,10.0,3,['f9e54ba797ff2b80a5f0e5f24e3901236ac4130e4e84d01615e67bc810b290cd5ac7c08f71a782797073050d512eda2695c3659569deba0d4bd5c3ab6195784a']
aa4a8c35-ffc8-48fa-b27d-77ef5e571f99,87,BMK,P. BIERMAYR,"BMK is recognized as the publisher of a market development report authored by P. Biermayr. The report was either monitored or published under the guidance or auspices of BMK, indicating BMK’s involvement in overseeing the publication process or providing institutional support. P. Biermayr is specifically credited as the author of this report, highlighting his authorship and contribution to its content. This relationship establishes BMK as the responsible publishing entity and P. Biermayr as the primary author, with BMK ensuring the report’s publication and possibly its quality or adherence to organizational standards.",14.0,17,"['f9e54ba797ff2b80a5f0e5f24e3901236ac4130e4e84d01615e67bc810b290cd5ac7c08f71a782797073050d512eda2695c3659569deba0d4bd5c3ab6195784a'
 '06c273ec9919eb4693462fdacebd50536ccdcf47bacc47b2b30c8a69005636b654b4919dc579696a4a7abbde4a00511a66f0c0be040f4ffc907fc316bee009dc']"
96081e7c-0fde-495b-a3b3-0ca8c27b4e95,88,PHOTOVOLTAIKANLAGEN,ÖSTERREICH,Photovoltaic installations contribute significantly to the Austrian energy mix and are a focus of national expansion policy.,10.0,95,['f9e54ba797ff2b80a5f0e5f24e3901236ac4130e4e84d01615e67bc810b290cd5ac7c08f71a782797073050d512eda2695c3659569deba0d4bd5c3ab6195784a']
d9f403be-cc3e-4573-acd6-5f74c1ea4f9c,89,AGRI-PV-ANLAGEN,ERNEUERBAREN-AUSBAU-GESETZ,Agri-PV installations are promoted and subsidized according to provisions in the Renewable Expansion Act.,9.0,10,['f9e54ba797ff2b80a5f0e5f24e3901236ac4130e4e84d01615e67bc810b290cd5ac7c08f71a782797073050d512eda2695c3659569deba0d4bd5c3ab6195784a']
5d0d9171-5395-4d4d-82b4-c0d8672390ef,90,ENERGIEGEMEINSCHAFTEN,ÖSTERREICH,Energy communities are established across Austria to facilitate citizen participation in the energy transition.,8.0,96,['f9e54ba797ff2b80a5f0e5f24e3901236ac4130e4e84d01615e67bc810b290cd5ac7c08f71a782797073050d512eda2695c3659569deba0d4bd5c3ab6195784a']
9aa1e3a4-cf24-47c8-b435-5811f65c283b,91,MEHRFAMILIENHÄUSER,ENERGIEGEMEINSCHAFTEN,Residents in multi-family buildings participate in energy communities for shared renewable generation.,7.0,15,['f9e54ba797ff2b80a5f0e5f24e3901236ac4130e4e84d01615e67bc810b290cd5ac7c08f71a782797073050d512eda2695c3659569deba0d4bd5c3ab6195784a']
4192936f-5c3a-490f-aa71-0acba1a582fc,92,AKTIVER KUNDE,EUROPÄISCHES PARLAMENT UND RAT,"The definition and rights of ""Aktiver Kunde"" are established by an EU directive from the European Parliament and Council.",1.0,4,['f9e54ba797ff2b80a5f0e5f24e3901236ac4130e4e84d01615e67bc810b290cd5ac7c08f71a782797073050d512eda2695c3659569deba0d4bd5c3ab6195784a']
ccaec5fd-2d4e-4889-b6b9-fcfa94b00363,93,STROMNETZ,PHOTOVOLTAIKANLAGEN,"PV installations must be connected to the public grid for electricity distribution, representing a key infrastructure challenge in expanding renewable generation.",9.0,19,['f9e54ba797ff2b80a5f0e5f24e3901236ac4130e4e84d01615e67bc810b290cd5ac7c08f71a782797073050d512eda2695c3659569deba0d4bd5c3ab6195784a']
4424c836-8456-40b2-b635-80be84904010,94,TEILNEHMER:INNEN MEHRFAMILIENHÄUSER,ENERGIEGEMEINSCHAFTEN,Residents of multi-family houses participate in local energy communities to benefit from shared PV energy.,8.0,15,['f9e54ba797ff2b80a5f0e5f24e3901236ac4130e4e84d01615e67bc810b290cd5ac7c08f71a782797073050d512eda2695c3659569deba0d4bd5c3ab6195784a']
1bcc1910-b8ca-49ac-834e-d067b647b265,95,BETREIBER:INNEN DER PV-ANLAGEN,PHOTOVOLTAIKANLAGEN,PV operators manage and optimize the output and participation of photovoltaic installations in energy markets.,9.0,14,['f9e54ba797ff2b80a5f0e5f24e3901236ac4130e4e84d01615e67bc810b290cd5ac7c08f71a782797073050d512eda2695c3659569deba0d4bd5c3ab6195784a']
40d9861e-8e6e-4170-a2e3-272761708c0a,96,BÜRGER:INNEN,ENERGIEGEMEINSCHAFTEN,"BÜRGER:INNEN, or citizens, are central participants and primary beneficiaries in ENERGIEGEMEINSCHAFTEN, also known as energy communities. They play a crucial role in driving and benefiting from the local decentralized use of renewable energy sources. Citizens are empowered and encouraged to join or even form these energy communities, which enables broader engagement and participation in the ongoing energy transition. Through their involvement, citizens not only support the generation and consumption of clean energy at the local level but also help foster community ownership and responsibility for the sustainable energy landscape of the future. As the main actors within energy communities, BÜRGER:INNEN exemplify the shift towards a more decentralized, inclusive, and participatory approach to renewable energy development.",17.0,19,"['f9e54ba797ff2b80a5f0e5f24e3901236ac4130e4e84d01615e67bc810b290cd5ac7c08f71a782797073050d512eda2695c3659569deba0d4bd5c3ab6195784a'
 'dafd7f2f39e49c87969ec1360e9fae0af9de6f290655205c8c120dd24dcc85da04f0536237f7f9529d31deed892d5abae3b8f58fb66ae9e497327f23b1e6b750']"
36b65fcd-747a-4e74-aafb-f26a3b78bf56,97,UNTERNEHMEN,PHOTOVOLTAIKANLAGEN,Companies invest in and utilize PV installations for sustainable energy use and efficient energy management.,8.0,16,['f9e54ba797ff2b80a5f0e5f24e3901236ac4130e4e84d01615e67bc810b290cd5ac7c08f71a782797073050d512eda2695c3659569deba0d4bd5c3ab6195784a']
9a4486fd-e7cf-4ded-aef7-79d0a37d2eb4,98,FORSCHUNGSEINRICHTUNGEN,ÖSTERREICH,"Research institutions in Austria (FORSCHUNGSEINRICHTUNGEN, ÖSTERREICH) play a crucial role in establishing and maintaining the country’s reputation as a leading hub for photovoltaic (PV) and renewable energy innovation. These institutions support and drive Austria’s position as a prominent site for PV research, promoting technological advancements and fostering innovation in the renewable energy sector. Through their efforts, Austria continues to strengthen its leadership in developing sustainable energy solutions, contributing significantly to the global renewable energy landscape.",14.0,85,"['f9e54ba797ff2b80a5f0e5f24e3901236ac4130e4e84d01615e67bc810b290cd5ac7c08f71a782797073050d512eda2695c3659569deba0d4bd5c3ab6195784a'
 '06c273ec9919eb4693462fdacebd50536ccdcf47bacc47b2b30c8a69005636b654b4919dc579696a4a7abbde4a00511a66f0c0be040f4ffc907fc316bee009dc']"
651c7570-5d01-47ce-811d-04af194130ea,99,FORSCHUNGSEINRICHTUNGEN,PHOTOVOLTAIKANLAGEN,Research institutions contribute to advancements and improvements in PV technology and deployment.,7.0,16,['f9e54ba797ff2b80a5f0e5f24e3901236ac4130e4e84d01615e67bc810b290cd5ac7c08f71a782797073050d512eda2695c3659569deba0d4bd5c3ab6195784a']
b7c58015-b733-4374-8fe2-51e8820c189e,100,UNTERNEHMEN,FORSCHUNGSEINRICHTUNGEN,Companies collaborate with research institutions on innovative PV and energy management solutions.,1.0,6,['f9e54ba797ff2b80a5f0e5f24e3901236ac4130e4e84d01615e67bc810b290cd5ac7c08f71a782797073050d512eda2695c3659569deba0d4bd5c3ab6195784a']
0369af84-01bf-4ff5-bf9f-edd6fa8c1fdb,101,ÖSTERREICHISCHE PHOTOVOLTAIK-STRATEGIE,ÖSTERREICH,"The ÖSTERREICHISCHE PHOTOVOLTAIK-STRATEGIE, also known as the Austrian Photovoltaic Strategy, is a comprehensive national policy and strategic plan developed and implemented in Austria. Its primary goal is to guide and advance the photovoltaic (PV) sector throughout the country. This strategy seeks to increase both the adoption and efficiency of photovoltaic systems, promoting the use of solar energy as a key renewable resource. Additionally, the Austrian Photovoltaic Strategy integrates environmental considerations, aiming to achieve objectives related to both solar energy development and biodiversity preservation. By providing a coordinated approach for stakeholders, the strategy serves as a policy initiative to support Austria’s transition to sustainable energy and enhance its contribution to renewable energy targets at a national level.",34.0,121,"['06c273ec9919eb4693462fdacebd50536ccdcf47bacc47b2b30c8a69005636b654b4919dc579696a4a7abbde4a00511a66f0c0be040f4ffc907fc316bee009dc'
 '4d221520fe7090409cfa9cda598db30683356c340ab3584a063ffe92486f2fe7225fc056f8b997f085ff0c0f7475828879fa678b7b1709148cb03584b292dab0'
 'dafd7f2f39e49c87969ec1360e9fae0af9de6f290655205c8c120dd24dcc85da04f0536237f7f9529d31deed892d5abae3b8f58fb66ae9e497327f23b1e6b750'
 '7ae981575e185e2452d144d541d822b7725e27bc7dda501c9d8495719003ccb89584fe5e1ac83baa67ae4060497ae5e2536fae015a551dc8cdefa9b5aa17289b']"
89e9900f-1662-4d6c-b804-bec1bf004d66,102,ERNEUERBAREN-AUSBAU-GESETZ,ÖSTERREICH,The Renewable Energy Expansion Act is Austrian legislation designed to support energy transition efforts in Austria,8.0,87,['06c273ec9919eb4693462fdacebd50536ccdcf47bacc47b2b30c8a69005636b654b4919dc579696a4a7abbde4a00511a66f0c0be040f4ffc907fc316bee009dc']
592df978-803d-4f9d-9ddd-72b7dbae9890,103,WOHNUNGSEIGENTUMSGESETZ,ÖSTERREICH,The Housing Property Act is Austrian law affecting the ease of constructing photovoltaic systems in the country,7.0,87,['06c273ec9919eb4693462fdacebd50536ccdcf47bacc47b2b30c8a69005636b654b4919dc579696a4a7abbde4a00511a66f0c0be040f4ffc907fc316bee009dc']
26c23a4b-47be-47df-88e3-4756953b2332,104,ELEKTRIZITÄTSWIRTSCHAFTSGESETZ,ÖSTERREICH,The Electricity Management Act is a central legislative framework for energy sector operations and photovoltaic development in Austria,8.0,83,['06c273ec9919eb4693462fdacebd50536ccdcf47bacc47b2b30c8a69005636b654b4919dc579696a4a7abbde4a00511a66f0c0be040f4ffc907fc316bee009dc']
e5698cca-3a9f-4918-bb09-0279c1a13004,105,PHOTOVOLTAIK,ÖSTERREICH,"The expansion and use of photovoltaic systems is a major national project in Austria, central to the country's energy sovereignty and transition",10.0,87,['06c273ec9919eb4693462fdacebd50536ccdcf47bacc47b2b30c8a69005636b654b4919dc579696a4a7abbde4a00511a66f0c0be040f4ffc907fc316bee009dc']
9161e5c6-06c9-4583-a43d-cf6177594b5d,106,ERNEUERBAREN-AUSBAU-GESETZ,ÖSTERREICHISCHE PHOTOVOLTAIK-STRATEGIE,The Renewable Energy Expansion Act provides the legal and financial framework for Austria's Photovoltaic Strategy,7.0,44,['06c273ec9919eb4693462fdacebd50536ccdcf47bacc47b2b30c8a69005636b654b4919dc579696a4a7abbde4a00511a66f0c0be040f4ffc907fc316bee009dc']
e7f7b5dc-8e55-4dbc-b0c5-d89837d8931e,107,WOHNUNGSEIGENTUMSGESETZ,PHOTOVOLTAIK,"Changes to the Housing Property Act have made it easier to build PV installations, impacting the prospects for photovoltaic expansion",6.0,10,['06c273ec9919eb4693462fdacebd50536ccdcf47bacc47b2b30c8a69005636b654b4919dc579696a4a7abbde4a00511a66f0c0be040f4ffc907fc316bee009dc']
0de9d03d-8409-4eb9-a12c-e8125cdfc42d,108,BMK,ÖSTERREICHISCHE PHOTOVOLTAIK-STRATEGIE,"BMK is likely responsible for drafting, implementing, or monitoring Austria’s Photovoltaic Strategy as the relevant federal ministry",1.0,55,['06c273ec9919eb4693462fdacebd50536ccdcf47bacc47b2b30c8a69005636b654b4919dc579696a4a7abbde4a00511a66f0c0be040f4ffc907fc316bee009dc']
7e9083a0-5e07-49a1-96e6-032da03c6d29,109,INNOVATIVE UNTERNEHMEN,ÖSTERREICH,Innovative companies help position Austria as a center for top photovoltaic companies,8.0,83,['06c273ec9919eb4693462fdacebd50536ccdcf47bacc47b2b30c8a69005636b654b4919dc579696a4a7abbde4a00511a66f0c0be040f4ffc907fc316bee009dc']
38180cbb-d994-4339-acf2-273d4f79c966,110,ÖSTERREICHISCHE WIRTSCHAFT,ÖSTERREICH,The Austrian economy is directly impacted and supported by the expansion of photovoltaic systems in the country,9.0,83,['06c273ec9919eb4693462fdacebd50536ccdcf47bacc47b2b30c8a69005636b654b4919dc579696a4a7abbde4a00511a66f0c0be040f4ffc907fc316bee009dc']
49141888-932b-4f98-9fdc-6ac0bf179c8d,111,BEVÖLKERUNG,ÖSTERREICH,The population of Austria is a principal beneficiary and participant in national energy sovereignty efforts,9.0,83,['06c273ec9919eb4693462fdacebd50536ccdcf47bacc47b2b30c8a69005636b654b4919dc579696a4a7abbde4a00511a66f0c0be040f4ffc907fc316bee009dc']
36c0de3c-c235-4668-a022-77f6d21281b4,112,PV-INDUSTRIE,ÖSTERREICH,The photovoltaic industry is a significant sector of Austria’s economy in the context of energy transition policies,8.0,87,['06c273ec9919eb4693462fdacebd50536ccdcf47bacc47b2b30c8a69005636b654b4919dc579696a4a7abbde4a00511a66f0c0be040f4ffc907fc316bee009dc']
f9cbab86-fccc-4e50-8da7-18b7660edf89,113,GEWERBE,ÖSTERREICH,Trades and businesses are key contributors to Austria's photovoltaic sector and related employment,7.0,83,['06c273ec9919eb4693462fdacebd50536ccdcf47bacc47b2b30c8a69005636b654b4919dc579696a4a7abbde4a00511a66f0c0be040f4ffc907fc316bee009dc']
5b8d1806-e2a4-43b3-8a2b-96d9e2977a57,114,PRODUZENT:INNEN,PV-INDUSTRIE,Producers are key employers and technology drivers within Austria’s PV industry,8.0,6,['06c273ec9919eb4693462fdacebd50536ccdcf47bacc47b2b30c8a69005636b654b4919dc579696a4a7abbde4a00511a66f0c0be040f4ffc907fc316bee009dc']
105689c4-0269-4b72-a2a4-b53fa1b81cd8,115,BÜRGER:INNEN,PHOTOVOLTAIK,Citizens’ participation is a strategic goal in Austria's photovoltaic expansion strategy,6.0,10,['06c273ec9919eb4693462fdacebd50536ccdcf47bacc47b2b30c8a69005636b654b4919dc579696a4a7abbde4a00511a66f0c0be040f4ffc907fc316bee009dc']
d8f42ee5-0a7c-42e2-8d54-db566c5e8a47,116,PRIVATPERSONEN,PHOTOVOLTAIK,Private individuals are incentivized to erect photovoltaic installations as part of the national strategy,1.0,6,['06c273ec9919eb4693462fdacebd50536ccdcf47bacc47b2b30c8a69005636b654b4919dc579696a4a7abbde4a00511a66f0c0be040f4ffc907fc316bee009dc']
b4673e4d-d1ff-4873-86f3-2f0323a18524,117,BUND,BUNDESLÄNDER,The Bund (federal government) and the Bundesländer (states) collaborate to reach national and regional renewable energy targets and bridge implementation gaps.,9.0,25,['23663988970639bea940978ccbd9150fd292856f2f31a1d587392606a64713d5dfeade66f1beea67d1cc0b0e93012337685e0eca3267f98c1695a466657a8b24']
1ae10c01-d556-4217-9de6-02a3cd5851fc,118,BUND-LÄNDER-DIALOG ERNEUERBARE ENERGIE,BUND,Bund-Länder-Dialog was established by the joint decision of federal and state representatives to foster cooperation and policy harmonization.,8.0,17,['23663988970639bea940978ccbd9150fd292856f2f31a1d587392606a64713d5dfeade66f1beea67d1cc0b0e93012337685e0eca3267f98c1695a466657a8b24']
270b2efe-6e52-44d5-80a8-6fc5af512727,119,BUND-LÄNDER-DIALOG ERNEUERBARE ENERGIE,BUNDESLÄNDER,The committee works through active participation by both the federal government and all Austrian states.,8.0,14,['23663988970639bea940978ccbd9150fd292856f2f31a1d587392606a64713d5dfeade66f1beea67d1cc0b0e93012337685e0eca3267f98c1695a466657a8b24']
584c0efe-59c9-4277-be13-b8e295a188ee,120,LANDESENERGIEREFERENT:INNEN,BUND-LÄNDER-DIALOG ERNEUERBARE ENERGIE,The Landesenergiereferent:innen (regional energy ministers) were involved in the decision and continuous work of the Bund-Länder-Dialog.,7.0,4,['23663988970639bea940978ccbd9150fd292856f2f31a1d587392606a64713d5dfeade66f1beea67d1cc0b0e93012337685e0eca3267f98c1695a466657a8b24']
fa143321-4ecd-4b7c-888b-2ac5d97bc3bb,121,EU,ENERGY PERFORMANCE OF BUILDINGS DIRECTIVE,"The EU issues the Energy Performance of Buildings Directive, which impacts national obligations for PV on new and renovated buildings.",10.0,9,['23663988970639bea940978ccbd9150fd292856f2f31a1d587392606a64713d5dfeade66f1beea67d1cc0b0e93012337685e0eca3267f98c1695a466657a8b24']
c7a59c8b-fbcc-4524-999b-9f8c5c435d1f,122,ENERGIEWENDE,BUND,The Bund is responsible for realizing the national aspect of the Energiewende (energy transition).,8.0,20,['23663988970639bea940978ccbd9150fd292856f2f31a1d587392606a64713d5dfeade66f1beea67d1cc0b0e93012337685e0eca3267f98c1695a466657a8b24']
2e76f27b-061f-4d18-8dee-fc74a06469fd,123,ENERGIEWENDE,BUNDESLÄNDER,The Bundesländer are responsible for implementing major regulatory areas crucial to the Energiewende.,8.0,17,['23663988970639bea940978ccbd9150fd292856f2f31a1d587392606a64713d5dfeade66f1beea67d1cc0b0e93012337685e0eca3267f98c1695a466657a8b24']
32890d89-8462-4704-9b80-8c5cb61cff28,124,ERNEUERBAREN-AUSBAU-GESETZ (EAG),BUND,The EAG was enacted as a federal law to stimulate expansion in renewable energy sources.,8.0,19,['23663988970639bea940978ccbd9150fd292856f2f31a1d587392606a64713d5dfeade66f1beea67d1cc0b0e93012337685e0eca3267f98c1695a466657a8b24']
8335f9e1-724f-4f6c-a2ed-924200c906e3,125,WOHNUNGSEIGENTUMSGESETZ,BUND,The amendment of the Wohnungseigentumsgesetz is a federal legislative event.,6.0,19,['23663988970639bea940978ccbd9150fd292856f2f31a1d587392606a64713d5dfeade66f1beea67d1cc0b0e93012337685e0eca3267f98c1695a466657a8b24']
9bd42034-12e7-4afe-ad6f-af6aae270074,126,KLIMAMODELLREGIONEN,ÖSTERREICHISCHE PHOTOVOLTAIK-STRATEGIE,Climate model regions are emphasized as key demonstration zones within the Austrian PV strategy.,7.0,41,['23663988970639bea940978ccbd9150fd292856f2f31a1d587392606a64713d5dfeade66f1beea67d1cc0b0e93012337685e0eca3267f98c1695a466657a8b24']
19072728-40af-44c0-b252-e5a77905721f,127,LANDWIRTSCHAFT,AGRI-PV-ANLAGEN,The agricultural sector stands to benefit from Agri-PV installations through dual land use and improved revenues.,9.0,6,['23663988970639bea940978ccbd9150fd292856f2f31a1d587392606a64713d5dfeade66f1beea67d1cc0b0e93012337685e0eca3267f98c1695a466657a8b24']
d471595c-1279-4076-a4c1-75422957932e,128,ELEKTRIZITÄTSWIRTSCHAFTSGESETZ (ELWG),BUND,The ElWG is an electricity regulation act proposed at the federal level to modernize the electricity market.,7.0,19,['23663988970639bea940978ccbd9150fd292856f2f31a1d587392606a64713d5dfeade66f1beea67d1cc0b0e93012337685e0eca3267f98c1695a466657a8b24']
0022a143-9f61-43ed-9593-28cc1c8cda8b,129,ERNEUERBAREN-AUSBAU-BESCHLEUNIGUNGSGESETZ (E-ABG),BUND,The E-ABG is proposed federal legislation aimed at expediting renewable energy infrastructure deployment.,7.0,16,['23663988970639bea940978ccbd9150fd292856f2f31a1d587392606a64713d5dfeade66f1beea67d1cc0b0e93012337685e0eca3267f98c1695a466657a8b24']
12e9dee3-24f5-48b1-9dde-373350d81baf,130,EU,ERNEUERBAREN-AUSBAU-BESCHLEUNIGUNGSGESETZ (E-ABG),The E-ABG responds to EU targets and guidelines for accelerating renewable energy deployment.,6.0,10,['23663988970639bea940978ccbd9150fd292856f2f31a1d587392606a64713d5dfeade66f1beea67d1cc0b0e93012337685e0eca3267f98c1695a466657a8b24']
a93f45c0-14cf-4a57-812d-5267efa02628,131,KLIMAMODELLREGIONEN,BUNDESLÄNDER,Model regions are established within the territories of the Austrian states and rely on their policy support.,1.0,13,['23663988970639bea940978ccbd9150fd292856f2f31a1d587392606a64713d5dfeade66f1beea67d1cc0b0e93012337685e0eca3267f98c1695a466657a8b24']
64672b7a-9184-4898-8506-194ce7bd9879,132,ÖSTERREICH,BUND,"The Bund serves as the federal government of Austria, establishing laws and regulations for the entire country.",10.0,96,['23663988970639bea940978ccbd9150fd292856f2f31a1d587392606a64713d5dfeade66f1beea67d1cc0b0e93012337685e0eca3267f98c1695a466657a8b24']
d538668c-61ef-401a-a9f0-afbca8d81536,133,PV-ANLAGEN,ÖSTERREICH,PV-Anlagen are being built throughout Austria as a core measure supporting the national renewable energy strategy.,10.0,89,['23663988970639bea940978ccbd9150fd292856f2f31a1d587392606a64713d5dfeade66f1beea67d1cc0b0e93012337685e0eca3267f98c1695a466657a8b24']
d3eb504c-7881-42e1-9c6e-2b63ac0a07b6,134,PV-FREIFLÄCHENANLAGEN,PV-ANLAGEN,PV-Freiflächenanlagen are a subtype of PV installations requiring specific regulatory and incentive frameworks.,8.0,8,['23663988970639bea940978ccbd9150fd292856f2f31a1d587392606a64713d5dfeade66f1beea67d1cc0b0e93012337685e0eca3267f98c1695a466657a8b24']
36a67961-a84d-4a62-9a5e-e88f101882ce,135,PV-DACHGÄRTEN,PV-ANLAGEN,"PV-Dachgärten are a specialized form of rooftop PV installations, combining solar with urban greening.",8.0,9,['23663988970639bea940978ccbd9150fd292856f2f31a1d587392606a64713d5dfeade66f1beea67d1cc0b0e93012337685e0eca3267f98c1695a466657a8b24']
6f4beaaf-936e-4bd9-b323-2f8160a7443a,136,GRÜNDACH,PV-DACHGÄRTEN,Green roofs (Gründach) can be combined with rooftop PV (PV-Dachgärten) for enhanced ecological and energy benefits.,7.0,3,['23663988970639bea940978ccbd9150fd292856f2f31a1d587392606a64713d5dfeade66f1beea67d1cc0b0e93012337685e0eca3267f98c1695a466657a8b24']
14a21026-b09b-43ae-b167-3e8f06481c21,137,NATUR,BUNDESLÄNDER,Nature conservation is the jurisdiction of the Austrian states and integral to planning renewable projects.,7.0,12,['23663988970639bea940978ccbd9150fd292856f2f31a1d587392606a64713d5dfeade66f1beea67d1cc0b0e93012337685e0eca3267f98c1695a466657a8b24']
cacfd893-4a33-4c45-81e5-8794435f9da8,138,RAUM,BUNDESLÄNDER,Spatial planning (Raum) is handled at the state (Bundesländer) level in Austria.,7.0,12,['23663988970639bea940978ccbd9150fd292856f2f31a1d587392606a64713d5dfeade66f1beea67d1cc0b0e93012337685e0eca3267f98c1695a466657a8b24']
b57ec71c-b644-48fc-8de8-849273055635,139,GEBÄUDE,NEUBAU,New buildings (Neubau) are subject to new energy and PV requirements.,6.0,4,['23663988970639bea940978ccbd9150fd292856f2f31a1d587392606a64713d5dfeade66f1beea67d1cc0b0e93012337685e0eca3267f98c1695a466657a8b24']
125c8991-9e5d-4262-8f54-4563ac2cd955,140,GEBÄUDE,SANIERUNG,Building renovations (Sanierung) often trigger requirements for PV installation.,6.0,4,['23663988970639bea940978ccbd9150fd292856f2f31a1d587392606a64713d5dfeade66f1beea67d1cc0b0e93012337685e0eca3267f98c1695a466657a8b24']
dabc099b-69c4-4252-b7cf-798175f3ae2d,141,PARKPLÄTZE,VERSIEGELTE FLÄCHEN,Parking surfaces are a primary example of sealed surfaces being targeted for PV deployment.,7.0,3,['23663988970639bea940978ccbd9150fd292856f2f31a1d587392606a64713d5dfeade66f1beea67d1cc0b0e93012337685e0eca3267f98c1695a466657a8b24']
08740bab-4968-421c-a605-ed19c383fbc1,142,NETZENTWICKLUNGSPLÄNE,VERTEILERNETZ,Grid development plans (Netzentwicklungspläne) are published for the distribution network (Verteilernetz) to guide expansion and transparency.,7.0,2,['23663988970639bea940978ccbd9150fd292856f2f31a1d587392606a64713d5dfeade66f1beea67d1cc0b0e93012337685e0eca3267f98c1695a466657a8b24']
e7bb780d-82ac-47ad-aa9c-b566bdfd830f,143,REIHENHÄUSER,WOHNUNGSEIGENTUMSGESETZ,Recent amendments to the Wohnungseigentumsgesetz have simplified PV installation in terraced houses.,7.0,6,['23663988970639bea940978ccbd9150fd292856f2f31a1d587392606a64713d5dfeade66f1beea67d1cc0b0e93012337685e0eca3267f98c1695a466657a8b24']
337b5316-0cc2-45bc-9e77-d80989e5c0a6,144,EINZELGEBÄUDE,WOHNUNGSEIGENTUMSGESETZ,Individual buildings are also beneficiaries of the new regulations for PV expansion.,7.0,6,['23663988970639bea940978ccbd9150fd292856f2f31a1d587392606a64713d5dfeade66f1beea67d1cc0b0e93012337685e0eca3267f98c1695a466657a8b24']
54cb9da4-ed0e-40df-bbf5-9ce054422bdd,145,BIODIVERSITÄT,RENATURIERUNGSZIELE,The enhancement of biodiversity through PV and land use aligns with Austria’s and the EU’s renaturation targets.,8.0,2,['23663988970639bea940978ccbd9150fd292856f2f31a1d587392606a64713d5dfeade66f1beea67d1cc0b0e93012337685e0eca3267f98c1695a466657a8b24']
042f5191-40c6-43f5-b37f-e24f7effada6,146,FÖRDERMITTEL,PV-ANLAGEN,Funding and subsidies (Fördermittel) are provided to stimulate the deployment of PV installations.,1.0,8,['23663988970639bea940978ccbd9150fd292856f2f31a1d587392606a64713d5dfeade66f1beea67d1cc0b0e93012337685e0eca3267f98c1695a466657a8b24']
2c799b2c-c271-4f4b-824b-9f3c8f7735aa,147,EUROPÄISCHE UNION,EUROPAPARLAMENT,"The European Parliament is a legislative body within the European Union responsible for passing laws and supporting policies including energy, nature protection, and efficiency initiatives.",9.0,6,['41bd25afdc1cce74b36dd6db5e44e91354172fda16475ab6a3f6cf99bddc720aa91cb56b5ea1b1c4774c8c97017d6bb03c52ba2676d7cfaab1c73fed8ab82912']
15562353-e4ea-483e-af2b-2b6790c3c853,148,EUROPÄISCHE UNION,RED III,"RED III is an EU directive mandating member state action on renewable energy acceleration, impacting Austria and its legislative planning.",9.0,9,['41bd25afdc1cce74b36dd6db5e44e91354172fda16475ab6a3f6cf99bddc720aa91cb56b5ea1b1c4774c8c97017d6bb03c52ba2676d7cfaab1c73fed8ab82912']
4b51c17a-2330-46bf-9a16-0a72d7645594,149,EUROPAPARLAMENT,NATURE RESTORATION LAW,The European Parliament supported and debated the Nature Restoration Law to protect nature and biodiversity within the EU.,9.0,3,['41bd25afdc1cce74b36dd6db5e44e91354172fda16475ab6a3f6cf99bddc720aa91cb56b5ea1b1c4774c8c97017d6bb03c52ba2676d7cfaab1c73fed8ab82912']
ac4fbefa-961f-4d8d-8047-14a5d0249b84,150,ÖSTERREICH,INTEGRIERTER ÖSTERREICHISCHER NETZINFRASTRUKTURPLAN (NIP),"The NIP is Austria's integrated plan for network infrastructure, aligning national infrastructure and renewable expansion efforts.",7.0,88,['41bd25afdc1cce74b36dd6db5e44e91354172fda16475ab6a3f6cf99bddc720aa91cb56b5ea1b1c4774c8c97017d6bb03c52ba2676d7cfaab1c73fed8ab82912']
a29f9ef9-08a7-4547-9b3f-3bfd1be6cc32,151,ÖSTERREICH,BMK,BMK is Austria's federal ministry responsible for coordinating renewable energy policies and stakeholder involvement.,8.0,98,['41bd25afdc1cce74b36dd6db5e44e91354172fda16475ab6a3f6cf99bddc720aa91cb56b5ea1b1c4774c8c97017d6bb03c52ba2676d7cfaab1c73fed8ab82912']
c7a37000-0d1f-4c38-9f52-0c2a3b5ff976,152,BMK,STAKEHOLDERRUNDEN DES BMK,BMK organized rounds of discussions (stakeholder rounds) as part of its stakeholder engagement to analyze challenges in the connection of renewable energy facilities to the grid.,10.0,17,['41bd25afdc1cce74b36dd6db5e44e91354172fda16475ab6a3f6cf99bddc720aa91cb56b5ea1b1c4774c8c97017d6bb03c52ba2676d7cfaab1c73fed8ab82912']
71b25942-0159-4b0d-9e0f-1f6986a38ee5,153,BMK,"HACKNER, JOHANNES",Johannes Hackner contributed to a study commissioned or supported by BMK regarding grid connection of renewable generators.,7.0,21,['41bd25afdc1cce74b36dd6db5e44e91354172fda16475ab6a3f6cf99bddc720aa91cb56b5ea1b1c4774c8c97017d6bb03c52ba2676d7cfaab1c73fed8ab82912']
1e324e3e-b26e-46b3-af25-d367b3da7822,154,BMK,E-CONTROL,"BMK and E-Control work together on the regulatory and implementation aspects of grid integration for renewables, including stakeholder input and action plans.",8.0,27,['41bd25afdc1cce74b36dd6db5e44e91354172fda16475ab6a3f6cf99bddc720aa91cb56b5ea1b1c4774c8c97017d6bb03c52ba2676d7cfaab1c73fed8ab82912']
33fba5e3-0c5e-44e4-b0c6-0533fb07dde8,155,BUNDESLÄNDER,INTEGRIERTER ÖSTERREICHISCHER NETZINFRASTRUKTURPLAN (NIP),"The Bundesländer utilize and adapt the NIP to match local planning, site designation, and regular updates for renewable projects.",7.0,17,['41bd25afdc1cce74b36dd6db5e44e91354172fda16475ab6a3f6cf99bddc720aa91cb56b5ea1b1c4774c8c97017d6bb03c52ba2676d7cfaab1c73fed8ab82912']
62d1565a-607f-48c9-90d7-d69b5696ed79,156,INTEGRIERTER ÖSTERREICHISCHER NETZINFRASTRUKTURPLAN (NIP),PV-ANLAGE,"NIP identifies, considers, and adapts potential sites and infrastructure for existing and new PV installations in Austria.",7.0,26,['41bd25afdc1cce74b36dd6db5e44e91354172fda16475ab6a3f6cf99bddc720aa91cb56b5ea1b1c4774c8c97017d6bb03c52ba2676d7cfaab1c73fed8ab82912']
1397425d-84c5-431d-b2e2-03c05181172f,157,"HACKNER, JOHANNES",EPOOL,Johannes Hackner is an author of a study on renewable grid connections co-authored with EPOOL.,7.0,10,['41bd25afdc1cce74b36dd6db5e44e91354172fda16475ab6a3f6cf99bddc720aa91cb56b5ea1b1c4774c8c97017d6bb03c52ba2676d7cfaab1c73fed8ab82912']
5b5603aa-b8ec-47f1-9b5e-2b3607c08679,158,"HACKNER, JOHANNES",PV AUSTRIA,"Johannes Hackner is a co-author of a study on grid connection of renewables, along with PV Austria.",7.0,10,['41bd25afdc1cce74b36dd6db5e44e91354172fda16475ab6a3f6cf99bddc720aa91cb56b5ea1b1c4774c8c97017d6bb03c52ba2676d7cfaab1c73fed8ab82912']
b45ce5a6-e552-4510-a31c-6bad6a3a93c0,159,EPOOL,PV AUSTRIA,"EPOOL and PV Austria are both recognized as co-authors of a study focused on renewable energy grid connection. These two entities collaborate or are frequently mentioned together in research efforts and studies that advocate for the increased adoption of renewable energy. Their partnership highlights their joint commitment to advancing the integration of renewable energy into energy grids, emphasizing the importance of cooperative work in promoting sustainable energy solutions. Together, EPOOL and PV Austria contribute expertise and advocacy to the field, making them key players in discussions and initiatives surrounding renewable energy grid connectivity.",12.0,10,"['41bd25afdc1cce74b36dd6db5e44e91354172fda16475ab6a3f6cf99bddc720aa91cb56b5ea1b1c4774c8c97017d6bb03c52ba2676d7cfaab1c73fed8ab82912'
 '6a1a5132f360531b1174e0eac2b2c5b6ece3b0771a8037231306baf0af8e8ca23de435f581fc62d6794cab81a5dadf3235b66eda56c331a0043621c688fbe302']"
1c6f7378-27e1-4c83-b155-a6c78499788e,160,BMK,PV AUSTRIA,PV Austria worked with the BMK in producing the cited renewable energy grid connection study.,6.0,21,['41bd25afdc1cce74b36dd6db5e44e91354172fda16475ab6a3f6cf99bddc720aa91cb56b5ea1b1c4774c8c97017d6bb03c52ba2676d7cfaab1c73fed8ab82912']
163bb867-6a6e-4756-94c7-387f4b7f52dd,161,E-CONTROL,ELEKTRIZITÄTSWIRTSCHAFTSGESETZ (ELWG),E-Control references the Electricity Industry Act (ElWG) as a regulatory framework for the integration of renewables into the Austrian grid.,7.0,16,['41bd25afdc1cce74b36dd6db5e44e91354172fda16475ab6a3f6cf99bddc720aa91cb56b5ea1b1c4774c8c97017d6bb03c52ba2676d7cfaab1c73fed8ab82912']
2fac2dab-81d6-442f-b1e2-129bc4edb430,162,ELEKTRIZITÄTSWIRTSCHAFTSGESETZ (ELWG),PV-ANLAGE,ElWG regulates certain key points for the connection and operation of PV installations in Austria.,6.0,25,['41bd25afdc1cce74b36dd6db5e44e91354172fda16475ab6a3f6cf99bddc720aa91cb56b5ea1b1c4774c8c97017d6bb03c52ba2676d7cfaab1c73fed8ab82912']
c9d77fe2-3a36-45b7-9547-a71d185de199,163,ÖKODESIGN-RICHTLINIE,PV-ANLAGE,"The Ecodesign Directive is being broadened to apply to the photovoltaic sector, including products, installation, service, repair, and recycling of PV installations.",7.0,21,['41bd25afdc1cce74b36dd6db5e44e91354172fda16475ab6a3f6cf99bddc720aa91cb56b5ea1b1c4774c8c97017d6bb03c52ba2676d7cfaab1c73fed8ab82912']
769f3b7f-dde6-420f-8b2a-58ef60349aa7,164,AGRI-PV-ANLAGEN,ÖSTERREICH,Austria promotes Agri-PV-Anlagen to foster agricultural dual use and boost farm incomes and land-use efficiency.,6.0,87,['41bd25afdc1cce74b36dd6db5e44e91354172fda16475ab6a3f6cf99bddc720aa91cb56b5ea1b1c4774c8c97017d6bb03c52ba2676d7cfaab1c73fed8ab82912']
95b10471-5bd7-405c-852e-453da34f52e9,165,GEMEINDE,BUNDESLÄNDER,Gemeinden are administrative units within Bundesländer and are responsible for implementing regional energy and infrastructure targets at the local level.,8.0,14,['41bd25afdc1cce74b36dd6db5e44e91354172fda16475ab6a3f6cf99bddc720aa91cb56b5ea1b1c4774c8c97017d6bb03c52ba2676d7cfaab1c73fed8ab82912']
0df9ad2f-3d1b-4de6-a325-b6fe5cbeb60b,166,GEBÄUDE,ÖSTERREICH,Buildings across Austria are evaluated for their potential to host PV or other renewable systems as part of the national strategy.,7.0,85,['41bd25afdc1cce74b36dd6db5e44e91354172fda16475ab6a3f6cf99bddc720aa91cb56b5ea1b1c4774c8c97017d6bb03c52ba2676d7cfaab1c73fed8ab82912']
ac4c8c59-2994-4d9e-b89c-9f9fd9b5be22,167,INFRASTRUKTUREINRICHTUNGEN,ÖSTERREICH,Infrastructure facilities throughout Austria are part of the national plan for renewable site development.,7.0,83,['41bd25afdc1cce74b36dd6db5e44e91354172fda16475ab6a3f6cf99bddc720aa91cb56b5ea1b1c4774c8c97017d6bb03c52ba2676d7cfaab1c73fed8ab82912']
f4a7079a-3212-477b-b7d3-a3f9788d1c1c,168,FREIFLÄCHEN,ÖSTERREICH,Open land across Austria is considered for renewable energy installations as per the national infrastructure plan.,7.0,83,['41bd25afdc1cce74b36dd6db5e44e91354172fda16475ab6a3f6cf99bddc720aa91cb56b5ea1b1c4774c8c97017d6bb03c52ba2676d7cfaab1c73fed8ab82912']
12ca7f32-eba2-4f5e-999a-90480c45550c,169,ERNNEUERBAREN-BESCHLEUNIGUNGSGEBIETE (RENEWABLES ACCELERATION AREAS),ÖSTERREICH,Austria is required by the EU to designate Renewables Acceleration Areas for expedited deployment of renewable energy sources.,9.0,84,['41bd25afdc1cce74b36dd6db5e44e91354172fda16475ab6a3f6cf99bddc720aa91cb56b5ea1b1c4774c8c97017d6bb03c52ba2676d7cfaab1c73fed8ab82912']
d189b350-371a-4eb9-92db-36018a7d25b6,170,ERNNEUERBAREN-BESCHLEUNIGUNGSGEBIETE (RENEWABLES ACCELERATION AREAS),RED III,"Renewables Acceleration Areas are mandated under the RED III directive for all EU member states, including Austria.",10.0,7,['41bd25afdc1cce74b36dd6db5e44e91354172fda16475ab6a3f6cf99bddc720aa91cb56b5ea1b1c4774c8c97017d6bb03c52ba2676d7cfaab1c73fed8ab82912']
d83746d9-f673-4b14-95b9-ba6fef0fd6b6,171,PRODUKTQUALITÄT,PV-ANLAGE,Product quality is emphasized as critical to the widespread acceptance and standardization of PV installations.,7.0,21,['41bd25afdc1cce74b36dd6db5e44e91354172fda16475ab6a3f6cf99bddc720aa91cb56b5ea1b1c4774c8c97017d6bb03c52ba2676d7cfaab1c73fed8ab82912']
244746e4-8815-4ecf-b4db-31e50b29da1c,172,SERVICE,PV-ANLAGE,Service providers are responsible for ongoing operation and maintenance of PV installations.,6.0,21,['41bd25afdc1cce74b36dd6db5e44e91354172fda16475ab6a3f6cf99bddc720aa91cb56b5ea1b1c4774c8c97017d6bb03c52ba2676d7cfaab1c73fed8ab82912']
0c27b0c7-952d-41ee-b07f-d5e0a41280cf,173,REPARATUR,PV-ANLAGE,Repair organizations support PV system functionality through maintenance and repair.,6.0,21,['41bd25afdc1cce74b36dd6db5e44e91354172fda16475ab6a3f6cf99bddc720aa91cb56b5ea1b1c4774c8c97017d6bb03c52ba2676d7cfaab1c73fed8ab82912']
8e78f0b1-7026-4455-97ea-369099fc026c,174,ENTSORGUNG,PV-ANLAGE,"Proper waste management is required for PV installations at the end of their lifecycle, supporting sustainability.",1.0,21,['41bd25afdc1cce74b36dd6db5e44e91354172fda16475ab6a3f6cf99bddc720aa91cb56b5ea1b1c4774c8c97017d6bb03c52ba2676d7cfaab1c73fed8ab82912']
a21a63ca-1f84-4089-845e-c383ee052d43,175,JOHANNES HACKNER,EPOOL,Johannes Hackner is associated with EPOOL in the context of renewable energy research.,6.0,8,['6a1a5132f360531b1174e0eac2b2c5b6ece3b0771a8037231306baf0af8e8ca23de435f581fc62d6794cab81a5dadf3235b66eda56c331a0043621c688fbe302']
2913f2bd-9348-4928-a39d-2a2d41058c5b,176,JOHANNES HACKNER,PV AUSTRIA,Johannes Hackner is associated with PV Austria through his contribution to renewable energy studies.,6.0,8,['6a1a5132f360531b1174e0eac2b2c5b6ece3b0771a8037231306baf0af8e8ca23de435f581fc62d6794cab81a5dadf3235b66eda56c331a0043621c688fbe302']
aab7a354-26fa-4864-9a1a-1d6efb4da1e7,177,JOHANNES HACKNER,ÖSTERREICHISCHE PHOTOVOLTAIK-STRATEGIE,Johannes Hackner's work and studies contribute to the national PV strategy in Austria.,5.0,42,['6a1a5132f360531b1174e0eac2b2c5b6ece3b0771a8037231306baf0af8e8ca23de435f581fc62d6794cab81a5dadf3235b66eda56c331a0043621c688fbe302']
ccdf2ec6-b3f0-4985-8953-2be1e0d6c9c3,178,PV AUSTRIA,ÖSTERREICHISCHE PHOTOVOLTAIK-STRATEGIE,PV Austria is actively involved in implementing and promoting the Austrian photovoltaic strategy.,7.0,44,['6a1a5132f360531b1174e0eac2b2c5b6ece3b0771a8037231306baf0af8e8ca23de435f581fc62d6794cab81a5dadf3235b66eda56c331a0043621c688fbe302']
fbd1a90e-d502-4f62-a5e0-54068251944e,179,KLIMA- UND ENERGIEFONDS,MUSTER- & LEUCHTTURMPROJEKTE PHOTOVOLTAIK,The Klima- und Energiefonds administers and funds the Muster- & Leuchtturmprojekte Photovoltaik funding program.,9.0,15,['6a1a5132f360531b1174e0eac2b2c5b6ece3b0771a8037231306baf0af8e8ca23de435f581fc62d6794cab81a5dadf3235b66eda56c331a0043621c688fbe302']
119df67d-e914-489c-809b-8371603d4259,180,KLIMA- UND ENERGIEFONDS,ÖSTERREICHISCHE PHOTOVOLTAIK-STRATEGIE,"The Klima- und Energiefonds (Climate and Energy Fund) plays a pivotal role in advancing Austria’s energy transition, particularly through significant support of the Österreichische Photovoltaik-Strategie (Austrian PV Strategy). As the main supporter of the national photovoltaic strategy, the Klima- und Energiefonds provides essential funding and develops strategic programs aimed at expanding the use of solar energy across Austria. The Fund is responsible for implementing and supporting various measures outlined in the Austrian PV Strategy, thereby helping to accelerate the adoption of photovoltaic technologies and integrate renewable energy sources into the country’s power grid. Through these efforts, the Klima- und Energiefonds contributes decisively to Austria’s broader climate protection and sustainable energy goals.",15.0,53,"['6a1a5132f360531b1174e0eac2b2c5b6ece3b0771a8037231306baf0af8e8ca23de435f581fc62d6794cab81a5dadf3235b66eda56c331a0043621c688fbe302'
 '2d9fdebd364caf6ea226dc0ee6624e0c2d54fc65848a9cd18f9b868675333d5be302c20a6cbb1b4f9503e536f5051a60a8783cd3657ab2cf1f9daf65be366c76']"
83223f62-f916-4dd1-a974-b19635ea4aab,181,E-CONTROL,ÖSTERREICHISCHE PHOTOVOLTAIK-STRATEGIE,"E-CONTROL plays a significant role in the implementation of the ÖSTERREICHISCHE PHOTOVOLTAIK-STRATEGIE (Austrian Photovoltaic Strategy). As part of Austria’s national PV strategy, E-CONTROL provides essential grid flexibility studies and regulatory support. Their contributions include the development of action plans and regulatory documents that are vital for the strategic expansion of photovoltaic capacity in the country. Through these efforts, E-CONTROL ensures that the integration of new photovoltaic installations is done in a manner that maintains grid stability and efficiency, thus supporting Austria’s transition towards more sustainable energy sources.",13.0,50,"['6a1a5132f360531b1174e0eac2b2c5b6ece3b0771a8037231306baf0af8e8ca23de435f581fc62d6794cab81a5dadf3235b66eda56c331a0043621c688fbe302'
 '2d9fdebd364caf6ea226dc0ee6624e0c2d54fc65848a9cd18f9b868675333d5be302c20a6cbb1b4f9503e536f5051a60a8783cd3657ab2cf1f9daf65be366c76']"
d1e18a65-61ed-4fdc-9455-41f488365ce2,182,E-CONTROL,AKTIONSPLAN NETZANSCHLUSS,E-Control is the creator or responsible body for the Aktionsplan Netzanschluss.,9.0,13,['6a1a5132f360531b1174e0eac2b2c5b6ece3b0771a8037231306baf0af8e8ca23de435f581fc62d6794cab81a5dadf3235b66eda56c331a0043621c688fbe302']
180ee07c-82cc-49f1-8e4f-6bb4f65de80f,183,INTEGRIERTER ÖSTERREICHISCHER NETZINFRASTRUKTURPLAN (NIP),ÖSTERREICH,The NIP is Austria's strategic plan for energy infrastructure improvement.,9.0,88,['6a1a5132f360531b1174e0eac2b2c5b6ece3b0771a8037231306baf0af8e8ca23de435f581fc62d6794cab81a5dadf3235b66eda56c331a0043621c688fbe302']
d4c6b186-38ab-42be-9048-48edc8ebbccd,184,ELEKTRIZITÄTSWIRTSCHAFTSGESETZ (ELWG),ÖSTERREICH,The ElWG is Austria's law governing the electricity industry.,9.0,87,['6a1a5132f360531b1174e0eac2b2c5b6ece3b0771a8037231306baf0af8e8ca23de435f581fc62d6794cab81a5dadf3235b66eda56c331a0043621c688fbe302']
1d62e9ca-92eb-4e54-ae0a-4bb6b0685525,185,ÖSTERREICH,EUROPA,Austria’s PV efforts are connected to European norms and the European energy market.,1.0,84,['6a1a5132f360531b1174e0eac2b2c5b6ece3b0771a8037231306baf0af8e8ca23de435f581fc62d6794cab81a5dadf3235b66eda56c331a0043621c688fbe302']
6ce28a6f-02fb-46f9-b509-c1543e2a1bdb,186,ÖSTERREICH,STROMNETZ,Austria's electricity grid is central to the national strategy for integrating increased renewable and photovoltaic generation.,9.0,88,['6a1a5132f360531b1174e0eac2b2c5b6ece3b0771a8037231306baf0af8e8ca23de435f581fc62d6794cab81a5dadf3235b66eda56c331a0043621c688fbe302']
d15e4b93-1db0-4b1b-bf59-51024d568521,187,VERTEILNETZ,STROMNETZ,The Verteilnetz is a critical component or level within the overarching Stromnetz for distributed electricity management.,9.0,7,['6a1a5132f360531b1174e0eac2b2c5b6ece3b0771a8037231306baf0af8e8ca23de435f581fc62d6794cab81a5dadf3235b66eda56c331a0043621c688fbe302']
04ca87e5-b5e6-47ba-8d87-db6216f0d7bd,188,ÖSTERREICH,EUROPÄISCHER STROMMARKT,Austria participates in the European electricity market and coordinates renewable energy flow with other European states and markets.,8.0,83,['6a1a5132f360531b1174e0eac2b2c5b6ece3b0771a8037231306baf0af8e8ca23de435f581fc62d6794cab81a5dadf3235b66eda56c331a0043621c688fbe302']
4d6ca2cb-eae2-4c56-aed5-4be3bad41e86,189,BAU- UND LANDWIRTSCHAFT,ÖSTERREICH,The construction and agricultural sectors in Austria are focus areas for applying innovative PV solutions.,7.0,83,['6a1a5132f360531b1174e0eac2b2c5b6ece3b0771a8037231306baf0af8e8ca23de435f581fc62d6794cab81a5dadf3235b66eda56c331a0043621c688fbe302']
22f158c4-1a6c-4e64-bf1a-786c4219b141,190,VERKEHRSSEKTOR,ÖSTERREICH,The Austrian transportation sector is targeted for PV and renewable integration for sustainability and decarbonization.,7.0,84,['6a1a5132f360531b1174e0eac2b2c5b6ece3b0771a8037231306baf0af8e8ca23de435f581fc62d6794cab81a5dadf3235b66eda56c331a0043621c688fbe302']
f6346de3-c9cb-4ec9-bbbe-5bbe065d778a,191,SMARTES LOKALES ENERGIEMANAGEMENT,STROMNETZ,Smart local energy management systems interact with the centralized electricity grid to balance generation and consumption locally.,7.0,8,['6a1a5132f360531b1174e0eac2b2c5b6ece3b0771a8037231306baf0af8e8ca23de435f581fc62d6794cab81a5dadf3235b66eda56c331a0043621c688fbe302']
f2d8f4f0-fe78-4faf-8491-8d869b72daf5,192,WÄRMEPUMPE,ERNEUERBARE ENERGIEN,Heat pumps are an enabling technology for using renewable energy sources more effectively.,6.0,5,['6a1a5132f360531b1174e0eac2b2c5b6ece3b0771a8037231306baf0af8e8ca23de435f581fc62d6794cab81a5dadf3235b66eda56c331a0043621c688fbe302']
a1df905d-f4ef-494a-a6c4-76a91ca6c06f,193,WASSERSTOFF,ERNEUERBARE ENERGIEN,The hydrogen sector is closely tied to the development of renewable energy infrastructure for storage and sector coupling.,6.0,5,['6a1a5132f360531b1174e0eac2b2c5b6ece3b0771a8037231306baf0af8e8ca23de435f581fc62d6794cab81a5dadf3235b66eda56c331a0043621c688fbe302']
74086892-95ba-41ef-af67-7f4a10bfadf2,194,E-MOBILITÄT,VERKEHRSSEKTOR,E-mobility is a subfield of the transportation sector and a major endpoint for renewable energy deployment in Austria.,7.0,3,['6a1a5132f360531b1174e0eac2b2c5b6ece3b0771a8037231306baf0af8e8ca23de435f581fc62d6794cab81a5dadf3235b66eda56c331a0043621c688fbe302']
5f813836-7edf-47db-90b1-5d85d44272f0,195,ELEKTRIZITÄTSWIRTSCHAFTSGESETZ (ELWG),STROMNETZ,The new ElWG provides the legal framework for managing and developing the electricity grid.,8.0,11,['6a1a5132f360531b1174e0eac2b2c5b6ece3b0771a8037231306baf0af8e8ca23de435f581fc62d6794cab81a5dadf3235b66eda56c331a0043621c688fbe302']
ce8e866b-e807-4721-b81d-d10d7faa33ae,196,KUND:INNENANLAGEN,AKTIONSPLAN NETZANSCHLUSS,The Network Connection Action Plan addresses streamlined connection for customer installations like rooftop PV systems.,8.0,4,['6a1a5132f360531b1174e0eac2b2c5b6ece3b0771a8037231306baf0af8e8ca23de435f581fc62d6794cab81a5dadf3235b66eda56c331a0043621c688fbe302']
a12a1a79-64ce-4bfb-94c2-081ba13de810,197,INDUSTRIELLE UND GEWERBLICHE PROZESSE,STROMNETZ,Industrial and commercial processes interact with the grid as large-scale users and beneficiaries of smart load and generation management.,7.0,7,['6a1a5132f360531b1174e0eac2b2c5b6ece3b0771a8037231306baf0af8e8ca23de435f581fc62d6794cab81a5dadf3235b66eda56c331a0043621c688fbe302']
3deb7694-d899-437c-a2bd-3679c3949604,198,SMARTES LOKALES ENERGIEMANAGEMENT,KUND:INNENANLAGEN,Smart local energy management is implemented at the customer installation level to optimize PV use.,1.0,4,['6a1a5132f360531b1174e0eac2b2c5b6ece3b0771a8037231306baf0af8e8ca23de435f581fc62d6794cab81a5dadf3235b66eda56c331a0043621c688fbe302']
e2cba04a-544e-44ef-b716-3d19c4f82ca2,199,ÖSTERREICH,PHOTOVOLTAIKANLAGEN,"Austria is the host country supporting the creation, operation, and expansion of PV systems.",9.0,95,['2d9fdebd364caf6ea226dc0ee6624e0c2d54fc65848a9cd18f9b868675333d5be302c20a6cbb1b4f9503e536f5051a60a8783cd3657ab2cf1f9daf65be366c76']
8bf7e5ea-6ce2-4584-b1e6-321a5f1ec544,200,ÖSTERREICH,KLIMA- UND ENERGIEFONDS,The Climate and Energy Fund is a national Austrian organization responsible for funding PV projects and energy storage initiatives in Austria.,8.0,96,['2d9fdebd364caf6ea226dc0ee6624e0c2d54fc65848a9cd18f9b868675333d5be302c20a6cbb1b4f9503e536f5051a60a8783cd3657ab2cf1f9daf65be366c76']
7a5b99d8-c771-455f-bbcd-4292a2f5e347,201,ÖSTERREICH,E-CONTROL,E-Control is Austria’s regulatory authority guiding energy market and grid integration policies including those relevant to PV.,8.0,93,['2d9fdebd364caf6ea226dc0ee6624e0c2d54fc65848a9cd18f9b868675333d5be302c20a6cbb1b4f9503e536f5051a60a8783cd3657ab2cf1f9daf65be366c76']
2e005ab9-24aa-4c73-8920-61aae091935b,202,PHOTOVOLTAIKANLAGEN,ANLAGENBETREIBER:INNEN,PV plant operators are the people and businesses that run and manage the photovoltaic systems.,9.0,16,['2d9fdebd364caf6ea226dc0ee6624e0c2d54fc65848a9cd18f9b868675333d5be302c20a6cbb1b4f9503e536f5051a60a8783cd3657ab2cf1f9daf65be366c76']
7ecf6145-9c63-4ffb-b88d-aadfca8dd034,203,KLIMA- UND ENERGIEFONDS,GROSSSPEICHER,The Climate and Energy Fund started nationwide funding in 2023 for the deployment and expansion of large-scale energy storage systems.,8.0,17,['2d9fdebd364caf6ea226dc0ee6624e0c2d54fc65848a9cd18f9b868675333d5be302c20a6cbb1b4f9503e536f5051a60a8783cd3657ab2cf1f9daf65be366c76']
58233b1e-04ab-4b43-9a6d-ff68ee74a254,204,ERGEBNISAUSBAU-GESETZ (EAG),ÖSTERREICHISCHE PHOTOVOLTAIK-STRATEGIE,The EAG (Renewable Expansion Act) is a key legislative element in the implementation of Austria’s photovoltaic strategy.,7.0,42,['2d9fdebd364caf6ea226dc0ee6624e0c2d54fc65848a9cd18f9b868675333d5be302c20a6cbb1b4f9503e536f5051a60a8783cd3657ab2cf1f9daf65be366c76']
e4eac875-8056-4e8c-a8b9-52d24bd06b02,205,ERGEBNISAUSBAU-GESETZ (EAG),ANREIZE UND FÖRDERUNGEN,The Renewable Expansion Act introduced market premiums that are an essential component of the national incentive programs.,8.0,8,['2d9fdebd364caf6ea226dc0ee6624e0c2d54fc65848a9cd18f9b868675333d5be302c20a6cbb1b4f9503e536f5051a60a8783cd3657ab2cf1f9daf65be366c76']
1cf21b13-0af5-4a15-a11e-affb5b14ad91,206,STROMNETZE,ÖSTERREICH,Austrian grid operators manage the electricity network needed for integrating PV and other renewables.,7.0,85,['2d9fdebd364caf6ea226dc0ee6624e0c2d54fc65848a9cd18f9b868675333d5be302c20a6cbb1b4f9503e536f5051a60a8783cd3657ab2cf1f9daf65be366c76']
1125e5ad-a45d-4564-8692-6311fce3c43b,207,STROMNETZE,GROSSSPEICHER,The integration of bulk storage into the grid is necessary for handling increased PV generation.,8.0,6,['2d9fdebd364caf6ea226dc0ee6624e0c2d54fc65848a9cd18f9b868675333d5be302c20a6cbb1b4f9503e536f5051a60a8783cd3657ab2cf1f9daf65be366c76']
ac9bf5ce-4b7b-46e6-9988-c00ee758efd5,208,STROMNETZE,WASSERSTOFF-ELEKTROLYSEURE,Grid operators will integrate hydrogen electrolyzer facilities for long-term energy storage from renewables.,7.0,4,['2d9fdebd364caf6ea226dc0ee6624e0c2d54fc65848a9cd18f9b868675333d5be302c20a6cbb1b4f9503e536f5051a60a8783cd3657ab2cf1f9daf65be366c76']
c33b9fe3-4681-4b25-bade-d5cfb0bfe056,209,ENERGIEGEMEINSCHAFTEN,PHOTOVOLTAIKANLAGEN,Energy communities collectively own and operate PV and shared battery storage.,7.0,27,['2d9fdebd364caf6ea226dc0ee6624e0c2d54fc65848a9cd18f9b868675333d5be302c20a6cbb1b4f9503e536f5051a60a8783cd3657ab2cf1f9daf65be366c76']
32c8b025-f169-4e15-9a8d-36c9c29d7eac,210,ENERGIEGEMEINSCHAFTEN,GROSSSPEICHER,"Communities utilize shared, local, or district-level large storage systems for balancing their solar production.",6.0,17,['2d9fdebd364caf6ea226dc0ee6624e0c2d54fc65848a9cd18f9b868675333d5be302c20a6cbb1b4f9503e536f5051a60a8783cd3657ab2cf1f9daf65be366c76']
dfd4d9ee-b5fb-44a5-b015-ae4d0b6f7266,211,ANREIZE UND FÖRDERUNGEN,ANLAGENBETREIBER:INNEN,Plant operators rely on national and regional incentives for financing and ensuring the profitability of PV investments.,9.0,8,['2d9fdebd364caf6ea226dc0ee6624e0c2d54fc65848a9cd18f9b868675333d5be302c20a6cbb1b4f9503e536f5051a60a8783cd3657ab2cf1f9daf65be366c76']
027093fc-fae1-4088-8a83-8514fb613c35,212,ÖSTERREICH,ANREIZE UND FÖRDERUNGEN,Austria maintains and adapts national incentive schemes to support renewable expansion.,7.0,87,['2d9fdebd364caf6ea226dc0ee6624e0c2d54fc65848a9cd18f9b868675333d5be302c20a6cbb1b4f9503e536f5051a60a8783cd3657ab2cf1f9daf65be366c76']
750d95eb-b7c4-443a-830b-db8099a35135,213,PHOTOVOLTAIKANLAGEN,PV-RAHMENBEDINGUNGEN,PV installations are subject to regulatory and economic frameworks that set out how they can be operated in Austria.,8.0,15,['2d9fdebd364caf6ea226dc0ee6624e0c2d54fc65848a9cd18f9b868675333d5be302c20a6cbb1b4f9503e536f5051a60a8783cd3657ab2cf1f9daf65be366c76']
c76d372e-bf5b-4002-a2b9-29eee9424075,214,ÖSTERREICH,PV-RAHMENBEDINGUNGEN,Austria defines and updates PV framework conditions to guide expansion and sustainable operation.,7.0,84,['2d9fdebd364caf6ea226dc0ee6624e0c2d54fc65848a9cd18f9b868675333d5be302c20a6cbb1b4f9503e536f5051a60a8783cd3657ab2cf1f9daf65be366c76']
c6cc31b0-0eb3-4c91-b77c-f655bd4fd4c2,215,PHOTOVOLTAIKANLAGEN,EUROPÄISCHER MARKT,"Austrian PV production impacts the broader European electricity market, influencing supply/demand and price patterns.",6.0,15,['2d9fdebd364caf6ea226dc0ee6624e0c2d54fc65848a9cd18f9b868675333d5be302c20a6cbb1b4f9503e536f5051a60a8783cd3657ab2cf1f9daf65be366c76']
19873b94-ca8d-40d9-a96e-af1c5b4f14e7,216,EMOBILITÄT,PHOTOVOLTAIKANLAGEN,E-mobility and PV installations are synergistically integrated through incentives for bidirectional EV charging and local energy use.,6.0,16,['2d9fdebd364caf6ea226dc0ee6624e0c2d54fc65848a9cd18f9b868675333d5be302c20a6cbb1b4f9503e536f5051a60a8783cd3657ab2cf1f9daf65be366c76']
c5320848-caba-4894-8f56-d3e262f20b91,217,ANREIZE UND FÖRDERUNGEN,EMOBILITÄT,Incentive programs encourage synergy and uptake of both PV and electric mobility systems.,1.0,8,['2d9fdebd364caf6ea226dc0ee6624e0c2d54fc65848a9cd18f9b868675333d5be302c20a6cbb1b4f9503e536f5051a60a8783cd3657ab2cf1f9daf65be366c76']
c0580fe2-4938-4812-accf-c6524c152034,218,E-CONTROL,13 AKTIONSPLAN NETZANSCHLUSS,E-Control issued the 13th Grid Connection Action Plan in July 2023 guiding PV integration.,9.0,13,['2d9fdebd364caf6ea226dc0ee6624e0c2d54fc65848a9cd18f9b868675333d5be302c20a6cbb1b4f9503e536f5051a60a8783cd3657ab2cf1f9daf65be366c76']
d9336733-17d9-44a2-8cc8-b37159ca0f7d,219,AKTIONSPLAN NETZANSCHLUSS 2023,13 AKTIONSPLAN NETZANSCHLUSS,The 2023 Grid Connection Action Plan is the specific 13th action plan described.,10.0,4,['2d9fdebd364caf6ea226dc0ee6624e0c2d54fc65848a9cd18f9b868675333d5be302c20a6cbb1b4f9503e536f5051a60a8783cd3657ab2cf1f9daf65be366c76']
d4f51e7d-5ffd-47e1-b728-d5d396e58a11,220,MARKTPRÄMIE,ERGEBNISAUSBAU-GESETZ (EAG),The market premium was established as part of the Renewable Expansion Act (EAG) for PV in Austria.,9.0,4,['2d9fdebd364caf6ea226dc0ee6624e0c2d54fc65848a9cd18f9b868675333d5be302c20a6cbb1b4f9503e536f5051a60a8783cd3657ab2cf1f9daf65be366c76']
5aac92d8-146a-44a9-938d-03b094147549,221,UMSATZSTEUER-BEFRREIUNG 2024/2025,UMSATZSTEUER,The VAT exemption for PV (up to 35 kWp) is a fiscal event for 2024 and 2025 specifically targeting value-added tax.,10.0,3,['2d9fdebd364caf6ea226dc0ee6624e0c2d54fc65848a9cd18f9b868675333d5be302c20a6cbb1b4f9503e536f5051a60a8783cd3657ab2cf1f9daf65be366c76']
9808ff1b-637e-4ec7-9f31-1867f5928e6d,222,UMSATZSTEUER-BEFRREIUNG 2024/2025,ANLAGENBETREIBER:INNEN,PV plant operators benefit directly from the VAT exemption in 2024 and 2025.,7.0,5,['2d9fdebd364caf6ea226dc0ee6624e0c2d54fc65848a9cd18f9b868675333d5be302c20a6cbb1b4f9503e536f5051a60a8783cd3657ab2cf1f9daf65be366c76']
d9237ddc-4543-4514-9246-f0c2371eba4e,223,NOTSTROMSYSTEME,ERSATZSTROMSYSTEME,Both systems are compared as technical solutions for supplying power during outages.,8.0,3,['2d9fdebd364caf6ea226dc0ee6624e0c2d54fc65848a9cd18f9b868675333d5be302c20a6cbb1b4f9503e536f5051a60a8783cd3657ab2cf1f9daf65be366c76']
70f9a492-6b8d-4608-9c29-66878b674631,224,ERSATZSTROMSYSTEME,ENERGIEGEMEINSCHAFTEN,Backup power systems are planned for energy communities for local resilience.,7.0,16,['2d9fdebd364caf6ea226dc0ee6624e0c2d54fc65848a9cd18f9b868675333d5be302c20a6cbb1b4f9503e536f5051a60a8783cd3657ab2cf1f9daf65be366c76']
2adc07ad-c112-4b79-ab19-785d4239a6ef,225,VERORDNUNGEN,ANREIZE UND FÖRDERUNGEN,Regulatory decrees set and adjust the size and terms of PV-related subsidies in Austria.,8.0,6,['2d9fdebd364caf6ea226dc0ee6624e0c2d54fc65848a9cd18f9b868675333d5be302c20a6cbb1b4f9503e536f5051a60a8783cd3657ab2cf1f9daf65be366c76']
4134987e-aeb5-493f-b7a8-c0f6c4c5ef40,226,RANDZEITEN,PHOTOVOLTAIKANLAGEN,PV installations optimized for fringe times enhance overall solar yields.,7.0,14,['2d9fdebd364caf6ea226dc0ee6624e0c2d54fc65848a9cd18f9b868675333d5be302c20a6cbb1b4f9503e536f5051a60a8783cd3657ab2cf1f9daf65be366c76']
0c8cf181-cbde-4143-b52a-aa05624b0afd,227,WINTERZEITEN,PHOTOVOLTAIKANLAGEN,Winter-oriented PV installations are promoted for more balanced production.,7.0,14,['2d9fdebd364caf6ea226dc0ee6624e0c2d54fc65848a9cd18f9b868675333d5be302c20a6cbb1b4f9503e536f5051a60a8783cd3657ab2cf1f9daf65be366c76']
da384349-3c76-4ed4-8274-499d271754f7,228,STROMMARKTPREISE,EUROPÄISCHER MARKT,Electricity market prices are determined by the European market's supply and demand context.,7.0,4,['2d9fdebd364caf6ea226dc0ee6624e0c2d54fc65848a9cd18f9b868675333d5be302c20a6cbb1b4f9503e536f5051a60a8783cd3657ab2cf1f9daf65be366c76']
cb910013-65c6-4aa0-b1bf-dc877d50cb1e,229,PHOTOVOLTAIKANLAGEN,STROMMARKTPREISE,High photovoltaic production depresses electricity market prices during peak hours.,8.0,15,['2d9fdebd364caf6ea226dc0ee6624e0c2d54fc65848a9cd18f9b868675333d5be302c20a6cbb1b4f9503e536f5051a60a8783cd3657ab2cf1f9daf65be366c76']
e9ba34b6-9936-49f3-a10a-7f960625c9fd,230,BI-DIREKTIONALES LADEN,EMOBILITÄT,Bidirectional charging is an advanced component and business model within Austria’s electric mobility policy.,1.0,4,['2d9fdebd364caf6ea226dc0ee6624e0c2d54fc65848a9cd18f9b868675333d5be302c20a6cbb1b4f9503e536f5051a60a8783cd3657ab2cf1f9daf65be366c76']
02990fc8-a1a7-4ec9-9d12-ea19e65ee6ef,231,EABG,ÖSTERREICHISCHE PHOTOVOLTAIK-STRATEGIE,The EABG is cited as instrumental in promoting large-scale infrastructural PV deployments within the framework of the Austrian Photovoltaics Strategy.,7.0,40,['4d221520fe7090409cfa9cda598db30683356c340ab3584a063ffe92486f2fe7225fc056f8b997f085ff0c0f7475828879fa678b7b1709148cb03584b292dab0']
aa0aa693-56a7-45f7-ba9d-da4989adb0d1,232,BUNDESVERBAND NEUE ENERGIEWIRTSCHAFT (BNE) E.V.,PV-BIODIVERSITÄTSANLAGEN,"BNE has carried out studies and published guidelines on how PV sites can contribute to biodiversity, directly shaping best practice for biodiversity-friendly PV installations.",8.0,7,['4d221520fe7090409cfa9cda598db30683356c340ab3584a063ffe92486f2fe7225fc056f8b997f085ff0c0f7475828879fa678b7b1709148cb03584b292dab0']
7bc480be-4ced-4ff1-b1cd-3963f972c131,233,UNI KLAGENFURT,PHOTOVOLTAIK-PROJEKTE,Uni Klagenfurt has conducted public opinion research on the acceptance and impact of PV projects in Austria.,7.0,9,['4d221520fe7090409cfa9cda598db30683356c340ab3584a063ffe92486f2fe7225fc056f8b997f085ff0c0f7475828879fa678b7b1709148cb03584b292dab0']
019059ec-b98f-4eb6-b9c0-1553ffa9ae88,234,WU WIEN,PHOTOVOLTAIK-PROJEKTE,WU Wien has produced studies about the social acceptance of photovoltaic projects in Austria.,7.0,9,['4d221520fe7090409cfa9cda598db30683356c340ab3584a063ffe92486f2fe7225fc056f8b997f085ff0c0f7475828879fa678b7b1709148cb03584b292dab0']
5a7fff4b-d183-4c43-a344-d1db6c281a26,235,OEGUT,ÖSTERREICHISCHE PHOTOVOLTAIK-STRATEGIE,"OEGUT provides methods and documentation to foster social innovation, which are recommended as part of the Austrian Photovoltaics Strategy’s approach to public engagement.",7.0,41,['4d221520fe7090409cfa9cda598db30683356c340ab3584a063ffe92486f2fe7225fc056f8b997f085ff0c0f7475828879fa678b7b1709148cb03584b292dab0']
6d7e9cc8-dd98-4a03-a45e-4ebb19c768ab,236,"AUSTRIAN FEDERAL GOVERNMENT (""BUND"")",ÖSTERREICHISCHE PHOTOVOLTAIK-STRATEGIE,The federal government is tasked within the Austrian Photovoltaics Strategy to install PV systems on all suitable federal buildings nationwide.,9.0,41,['4d221520fe7090409cfa9cda598db30683356c340ab3584a063ffe92486f2fe7225fc056f8b997f085ff0c0f7475828879fa678b7b1709148cb03584b292dab0']
ea650c69-3ce1-4fc8-a075-eb191ac2791f,237,PV-BIODIVERSITÄTSANLAGEN,ÖSTERREICHISCHE PHOTOVOLTAIK-STRATEGIE,Promotion of PV-biodiversity installations is highlighted as a key technical and ecological priority in achieving Austria’s PV expansion goals.,9.0,42,['4d221520fe7090409cfa9cda598db30683356c340ab3584a063ffe92486f2fe7225fc056f8b997f085ff0c0f7475828879fa678b7b1709148cb03584b292dab0']
bbec8acd-fac5-43a5-a55f-01dc228515b3,238,AGRI-PV-ANLAGEN,ÖSTERREICHISCHE PHOTOVOLTAIK-STRATEGIE,Agri-PV deployment is specifically encouraged as part of the strategy to promote double land use and support agriculture and energy generation.,8.0,44,['4d221520fe7090409cfa9cda598db30683356c340ab3584a063ffe92486f2fe7225fc056f8b997f085ff0c0f7475828879fa678b7b1709148cb03584b292dab0']
f1ef8307-9599-4658-81af-7dd1afa06489,239,PHOTOVOLTAIK-PROJEKTE,ÖSTERREICH,"Austria is the national context for photovoltaic projects, which have high levels of societal acceptance and are supported via multiple technical, social, and policy initiatives.",1.0,86,['4d221520fe7090409cfa9cda598db30683356c340ab3584a063ffe92486f2fe7225fc056f8b997f085ff0c0f7475828879fa678b7b1709148cb03584b292dab0']
46affd44-7f96-4b15-8f53-f1c625306d75,240,PARKPLÄTZE,ÖSTERREICHISCHE PHOTOVOLTAIK-STRATEGIE,Parking lots are designated as priority existing surfaces for the expansion of photovoltaic infrastructure within the strategic guidelines.,7.0,41,['4d221520fe7090409cfa9cda598db30683356c340ab3584a063ffe92486f2fe7225fc056f8b997f085ff0c0f7475828879fa678b7b1709148cb03584b292dab0']
4cff1547-4255-4b10-b8ec-2c5d43271cdc,241,LÄRMSCHUTZWÄNDE,ÖSTERREICHISCHE PHOTOVOLTAIK-STRATEGIE,"Noise barriers, especially in the transport sector, are emphasized as opportunities for expanding PV installations in the Austrian strategy.",7.0,41,['4d221520fe7090409cfa9cda598db30683356c340ab3584a063ffe92486f2fe7225fc056f8b997f085ff0c0f7475828879fa678b7b1709148cb03584b292dab0']
39231b35-6ad1-4014-8d4e-d1381b07ce8c,242,BETRIEBSANLAGEN,ÖSTERREICHISCHE PHOTOVOLTAIK-STRATEGIE,"Commercial facilities are cited as existing infrastructure to be utilized for photovoltaics, integrating clean energy into industrial/commercial contexts.",7.0,40,['4d221520fe7090409cfa9cda598db30683356c340ab3584a063ffe92486f2fe7225fc056f8b997f085ff0c0f7475828879fa678b7b1709148cb03584b292dab0']
85406008-f1ce-4d43-b47a-a8bc9b4265f2,243,GEBÄUDEINTEGRIERTE LEUCHTTURMPROJEKTE,ÖSTERREICHISCHE PHOTOVOLTAIK-STRATEGIE,"Showcase projects, especially those integrating PV directly into buildings, are promoted nationally as demonstration and innovation sites.",8.0,40,['4d221520fe7090409cfa9cda598db30683356c340ab3584a063ffe92486f2fe7225fc056f8b997f085ff0c0f7475828879fa678b7b1709148cb03584b292dab0']
3d321738-27c1-4653-be84-05ee7ffbcb8a,244,FREIFLÄCHENANLAGEN,ÖSTERREICHISCHE PHOTOVOLTAIK-STRATEGIE,Ground-mounted solar parks are a key aspect of both technical and social acceptance emphases in the strategy.,8.0,40,['4d221520fe7090409cfa9cda598db30683356c340ab3584a063ffe92486f2fe7225fc056f8b997f085ff0c0f7475828879fa678b7b1709148cb03584b292dab0']
2a14aa98-ff2b-4d0c-9a76-c8ac5448c5e0,245,GEBÄUDE DES BUNDES,"AUSTRIAN FEDERAL GOVERNMENT (""BUND"")",All suitable federal government buildings are mandated to receive PV installations by the federal government as part of strategy execution.,9.0,4,['4d221520fe7090409cfa9cda598db30683356c340ab3584a063ffe92486f2fe7225fc056f8b997f085ff0c0f7475828879fa678b7b1709148cb03584b292dab0']
9d01822f-37f0-45ad-be1f-9c25aa34566b,246,GEBÄUDE DES BUNDES,ÖSTERREICHISCHE PHOTOVOLTAIK-STRATEGIE,Federal buildings are explicitly named as coverage targets within the national PV strategy for comprehensive solar deployment.,8.0,41,['4d221520fe7090409cfa9cda598db30683356c340ab3584a063ffe92486f2fe7225fc056f8b997f085ff0c0f7475828879fa678b7b1709148cb03584b292dab0']
47c46e2f-9e03-4a7a-9f14-90b3f2ee7b5e,247,STRASSEN- UND BAHNBEREICH,LÄRMSCHUTZWÄNDE,Noise barriers within the road and rail sectors are specifically targeted for PV expansion and regulatory review.,8.0,3,['4d221520fe7090409cfa9cda598db30683356c340ab3584a063ffe92486f2fe7225fc056f8b997f085ff0c0f7475828879fa678b7b1709148cb03584b292dab0']
feb493a8-f3c9-495b-960c-c991f2bb2d19,248,PLANTEN UND TIERE,PV-BIODIVERSITÄTSANLAGEN,Biodiversity PV installations are credited with creating new habitats for plants and animals as demonstrated by cited ecological studies.,7.0,4,['4d221520fe7090409cfa9cda598db30683356c340ab3584a063ffe92486f2fe7225fc056f8b997f085ff0c0f7475828879fa678b7b1709148cb03584b292dab0']
d60205c4-275e-4fa4-874c-699615cba59e,249,NINA HAMPL,UNI KLAGENFURT,Nina Hampl is a researcher at Uni Klagenfurt and contributed to opinion studies on renewable energies.,6.0,8,['4d221520fe7090409cfa9cda598db30683356c340ab3584a063ffe92486f2fe7225fc056f8b997f085ff0c0f7475828879fa678b7b1709148cb03584b292dab0']
cf7c074e-35f4-4a94-a67a-926b09cd8c28,250,NINA HAMPL,WU WIEN,Nina Hampl is a study co-author with affiliation to WU Wien.,6.0,8,['4d221520fe7090409cfa9cda598db30683356c340ab3584a063ffe92486f2fe7225fc056f8b997f085ff0c0f7475828879fa678b7b1709148cb03584b292dab0']
ff307182-5dbe-4740-bca6-c24614d48e58,251,NINA HAMPL,PHOTOVOLTAIK-PROJEKTE,Nina Hampl's research directly addresses public acceptance of photovoltaic projects in Austria.,7.0,7,['4d221520fe7090409cfa9cda598db30683356c340ab3584a063ffe92486f2fe7225fc056f8b997f085ff0c0f7475828879fa678b7b1709148cb03584b292dab0']
e6369fde-1f68-40ab-b32d-8fbb9d254057,252,METHODEN ZUR FÖRDERUNG SOZIALER INNOVATION,OEGUT,OEGUT authored and maintains documentation for social innovation methods referenced in the PV strategy.,8.0,4,['4d221520fe7090409cfa9cda598db30683356c340ab3584a063ffe92486f2fe7225fc056f8b997f085ff0c0f7475828879fa678b7b1709148cb03584b292dab0']
81ddbba5-486f-40df-b693-d1e6e46cfad5,253,METHODEN ZUR FÖRDERUNG SOZIALER INNOVATION,ÖSTERREICHISCHE PHOTOVOLTAIK-STRATEGIE,These methods are specifically cited as recommended resources for fostering public engagement in Austrian photovoltaic project development.,1.0,41,['4d221520fe7090409cfa9cda598db30683356c340ab3584a063ffe92486f2fe7225fc056f8b997f085ff0c0f7475828879fa678b7b1709148cb03584b292dab0']
741280ac-39b2-4b23-bcf6-35a83224e9ca,254,ÖSTERREICH,EU,"ÖSTERREICH, or Austria, is a member state of the European Union (EU) and actively participates in a range of EU initiatives. Austria implements and benefits from EU policies and legislation focused on clean technology and green finance, including legislation such as the Net Zero Industry Act. By aligning itself with such EU directives, Austria enhances its commitment to sustainability and supports the broader EU objectives of environmental responsibility and energy transition.

Additionally, Austria is engaged in EU efforts to bolster European photovoltaic (PV) production and value chains. Austria’s alignment with these initiatives ensures it contributes to and benefits from the efforts aimed at strengthening the EU’s domestic capacity for renewable energy technologies, particularly solar PV, thereby promoting self-reliance and competitiveness within the EU energy market.

Overall, Austria’s cooperation with the EU encompasses the adoption of legislative measures for climate action, active participation in initiatives to advance clean technologies, and targeted involvement in projects that reinforce the European renewable energy industry and value chains. This collaboration underscores Austria’s role as both a beneficiary and a contributor to the EU’s green transition and industrial resilience strategies.",17.0,90,"['7a01190bcf30936758d004f89d7553c62632e91427f92e6420a9e453f2c5d92ab18ae9e62c46bc28aeb398621b28cfd3af89bf2317c887a5eec276b5b7a51052'
 '9ce049a98570c6bf53cf9e547168db075af2795fa519422bd27a2c9aa5b490c4b26aef25883802c4d8eb6e4dcb09c866e7d31677352f7beb6c4f9fcbbcc75e9b']"
c9b7a098-089d-4873-91ac-30ffe0729c8c,255,NET ZERO INDUSTRY ACT,EU,The Net Zero Industry Act is an EU policy designed by the European Union to support clean technology production.,10.0,9,['7a01190bcf30936758d004f89d7553c62632e91427f92e6420a9e453f2c5d92ab18ae9e62c46bc28aeb398621b28cfd3af89bf2317c887a5eec276b5b7a51052']
fe254eb7-b11d-4780-87af-e9c44ea59dcf,256,EU-TAXONOMY,EU,The EU-Taxonomy is a regulatory tool from the EU to guide sustainable investments.,10.0,11,['7a01190bcf30936758d004f89d7553c62632e91427f92e6420a9e453f2c5d92ab18ae9e62c46bc28aeb398621b28cfd3af89bf2317c887a5eec276b5b7a51052']
c4229b90-32b6-4b2e-956e-df3dda7cbb2b,257,AUSTRIAN GREEN FINANCE AGENDA,AUSTRIAN RECOVERY AND RESILIENCE PLAN,The Austrian Green Finance Agenda is part of Austria’s Recovery and Resilience Plan as a reform project aligned with EU funding and directives.,9.0,2,['7a01190bcf30936758d004f89d7553c62632e91427f92e6420a9e453f2c5d92ab18ae9e62c46bc28aeb398621b28cfd3af89bf2317c887a5eec276b5b7a51052']
f3278739-baae-4168-aa63-2f80d757fdf1,258,GREEN FINANCE ALLIANCE,ÖSTERREICH,Green Finance Alliance aligns the portfolios of Austrian financial organizations with Austria's climate targets and green activities.,8.0,83,['7a01190bcf30936758d004f89d7553c62632e91427f92e6420a9e453f2c5d92ab18ae9e62c46bc28aeb398621b28cfd3af89bf2317c887a5eec276b5b7a51052']
67d3d853-b7a0-4389-8d24-aa7233c8abf8,259,AUSTRIAN GREEN INVESTMENT PIONEERS PROGRAM,KLIMA- UND ENERGIEFONDS,"The Austrian Green Investment Pioneers Program is implemented as part of the Klima- und Energiefonds, which finances climate projects.",7.0,15,['7a01190bcf30936758d004f89d7553c62632e91427f92e6420a9e453f2c5d92ab18ae9e62c46bc28aeb398621b28cfd3af89bf2317c887a5eec276b5b7a51052']
30007bd3-b9df-4bf6-9714-1c3ab3d59093,260,GREEN FINANCE SUPPORT PROGRAM,KLIMA- UND ENERGIEFONDS,The Green Finance Support Program is delivered by the Klima- und Energiefonds.,9.0,15,['7a01190bcf30936758d004f89d7553c62632e91427f92e6420a9e453f2c5d92ab18ae9e62c46bc28aeb398621b28cfd3af89bf2317c887a5eec276b5b7a51052']
ddab4818-a6d8-4bb0-ae2d-901b48e252d6,261,BMK-AUSBILDUNGSINITIATIVE “JUST TRANSITION”,BMK,"The BMK-Ausbildungsinitiative “Just Transition” is operated by Austria’s Climate Ministry, BMK.",10.0,19,['7a01190bcf30936758d004f89d7553c62632e91427f92e6420a9e453f2c5d92ab18ae9e62c46bc28aeb398621b28cfd3af89bf2317c887a5eec276b5b7a51052']
19a7fde2-6889-419e-b224-bab32f97768e,262,EU SOLAR PV INDUSTRY ALLIANCE,SOLAR-CHARTA,The EU Solar PV Industry Alliance and the Solar-Charta are both initiatives to strengthen the European PV production value chain.,7.0,4,['7a01190bcf30936758d004f89d7553c62632e91427f92e6420a9e453f2c5d92ab18ae9e62c46bc28aeb398621b28cfd3af89bf2317c887a5eec276b5b7a51052']
458e2d5b-316c-4895-91c7-618708ebf7af,263,ÖSTERREICH,EU SOLAR PV INDUSTRY ALLIANCE,Austria participates in the EU Solar PV Industry Alliance to support European PV manufacturing.,7.0,84,['7a01190bcf30936758d004f89d7553c62632e91427f92e6420a9e453f2c5d92ab18ae9e62c46bc28aeb398621b28cfd3af89bf2317c887a5eec276b5b7a51052']
1777a556-16a2-4c57-bddb-56d643ba6e40,264,ÖSTERREICH,SOLAR-CHARTA,Austria signed the Solar-Charta in April 2024.,7.0,84,['7a01190bcf30936758d004f89d7553c62632e91427f92e6420a9e453f2c5d92ab18ae9e62c46bc28aeb398621b28cfd3af89bf2317c887a5eec276b5b7a51052']
9d5e28c6-4181-4654-bc05-38c74663ffad,265,ÖSTERREICH,IPCEI-PV,Austria joined the IPCEI-PV initiative in May 2022 to support European photovoltaic value chains.,8.0,83,['7a01190bcf30936758d004f89d7553c62632e91427f92e6420a9e453f2c5d92ab18ae9e62c46bc28aeb398621b28cfd3af89bf2317c887a5eec276b5b7a51052']
0aa2721d-8355-4e44-8d25-a8c03cd69154,266,PV-SYSTEM,EUROPE,"Many components of PV-Systems are currently not produced in Europe, signifying the motivation for these EU initiatives.",7.0,3,['7a01190bcf30936758d004f89d7553c62632e91427f92e6420a9e453f2c5d92ab18ae9e62c46bc28aeb398621b28cfd3af89bf2317c887a5eec276b5b7a51052']
582f6674-1bc0-4a3a-ae6d-09db9f37b032,267,EU,EUROPE,"The EU is a union of European countries, developing policies for the continent’s energy and sustainability goals.",1.0,10,['7a01190bcf30936758d004f89d7553c62632e91427f92e6420a9e453f2c5d92ab18ae9e62c46bc28aeb398621b28cfd3af89bf2317c887a5eec276b5b7a51052']
e21710d0-5396-41be-a724-48b523f16803,268,HALBLEITERTECHNOLOGIE-UNTERNEHMEN,ÖSTERREICH,Austrian semiconductor companies are vital for the country's tech and energy markets.,7.0,83,['7a01190bcf30936758d004f89d7553c62632e91427f92e6420a9e453f2c5d92ab18ae9e62c46bc28aeb398621b28cfd3af89bf2317c887a5eec276b5b7a51052']
0c794d4d-bbba-40b4-b52f-0a3c2e6e050e,269,GLAS- UND METALLVERARBEITENDE INDUSTRIEUNTERNEHMEN,ÖSTERREICH,A major industrial sector within Austria with growing importance in renewable energy supply chains.,7.0,83,['7a01190bcf30936758d004f89d7553c62632e91427f92e6420a9e453f2c5d92ab18ae9e62c46bc28aeb398621b28cfd3af89bf2317c887a5eec276b5b7a51052']
95fd100a-777b-4916-bae5-031910262e93,270,UNTERNEHMEN IM BEREICH DIGITALISIERUNG,ÖSTERREICH,Digitalization companies in Austria help modernize its energy and industrial landscape.,6.0,83,['7a01190bcf30936758d004f89d7553c62632e91427f92e6420a9e453f2c5d92ab18ae9e62c46bc28aeb398621b28cfd3af89bf2317c887a5eec276b5b7a51052']
994bf7e5-d990-4ff2-9848-2eddb20a3239,271,SOFTWAREUNTERNEHMEN,ÖSTERREICH,Austrian software companies are transforming the PV and energy sectors through digital innovation.,6.0,83,['7a01190bcf30936758d004f89d7553c62632e91427f92e6420a9e453f2c5d92ab18ae9e62c46bc28aeb398621b28cfd3af89bf2317c887a5eec276b5b7a51052']
72457246-e7b8-4f76-b87c-ce6fbcd28005,272,INSTITUTIONELLE INVESTOREN,ÖSTERREICH,Institutional investors are a key source of funding for Austria's sustainable energy transition.,7.0,83,['7a01190bcf30936758d004f89d7553c62632e91427f92e6420a9e453f2c5d92ab18ae9e62c46bc28aeb398621b28cfd3af89bf2317c887a5eec276b5b7a51052']
53497b19-28bc-446b-8f55-3dc6708beee5,273,PRIVATE INVESTOREN,ÖSTERREICH,Private investors are needed for Austria to reach its renewable energy goals.,7.0,83,['7a01190bcf30936758d004f89d7553c62632e91427f92e6420a9e453f2c5d92ab18ae9e62c46bc28aeb398621b28cfd3af89bf2317c887a5eec276b5b7a51052']
e7dcf7af-b1bb-4919-b723-8d04d5e9f9aa,274,ANLEGER:INNEN,EU-TAXONOMY,Investors use the EU-Taxonomy to assess the sustainability of their investments.,9.0,4,['7a01190bcf30936758d004f89d7553c62632e91427f92e6420a9e453f2c5d92ab18ae9e62c46bc28aeb398621b28cfd3af89bf2317c887a5eec276b5b7a51052']
077dc73a-13dd-4054-b2f1-5a225ae155d7,275,UNTERNEHMEN,EU-TAXONOMY,Companies look to the EU-Taxonomy as a single reference for defining ecological sustainability.,8.0,6,['7a01190bcf30936758d004f89d7553c62632e91427f92e6420a9e453f2c5d92ab18ae9e62c46bc28aeb398621b28cfd3af89bf2317c887a5eec276b5b7a51052']
78ae91a7-8fac-49fa-a52b-61e5cf27c86e,276,MITGLIEDSTAATEN,EU,EU member states are responsible for implementing EU policies and regulations.,10.0,9,['7a01190bcf30936758d004f89d7553c62632e91427f92e6420a9e453f2c5d92ab18ae9e62c46bc28aeb398621b28cfd3af89bf2317c887a5eec276b5b7a51052']
375c857a-5a66-4532-9277-d8a7d6c4183d,277,QUALIFIZIERUNGSVERBÜNDE,ÖSTERREICH,Qualification alliances are education consortia within Austria supporting the training of energy workforce.,7.0,83,['7a01190bcf30936758d004f89d7553c62632e91427f92e6420a9e453f2c5d92ab18ae9e62c46bc28aeb398621b28cfd3af89bf2317c887a5eec276b5b7a51052']
25de4550-50ba-43c7-8f6e-c15c61626309,278,LEHRBERUFE,ÖSTERREICH,Specific vocational professions are being prioritized in Austria for energy sector workforce expansion.,7.0,83,['7a01190bcf30936758d004f89d7553c62632e91427f92e6420a9e453f2c5d92ab18ae9e62c46bc28aeb398621b28cfd3af89bf2317c887a5eec276b5b7a51052']
8d5121a8-ca9d-45c6-a0a8-fed9eea6aed8,279,DACHDECKER:INNEN,BMK-AUSBILDUNGSINITIATIVE “JUST TRANSITION”,Roofers receive targeted upskilling under Austria's Just Transition training initiative.,7.0,4,['7a01190bcf30936758d004f89d7553c62632e91427f92e6420a9e453f2c5d92ab18ae9e62c46bc28aeb398621b28cfd3af89bf2317c887a5eec276b5b7a51052']
8858d0af-634e-4602-9563-057451f1481c,280,ELEKTROTECHNIK/ELEKTROINSTALLATION,BMK-AUSBILDUNGSINITIATIVE “JUST TRANSITION”,Education in electrical engineering/installation is a focus of Austria’s training initiative.,1.0,4,['7a01190bcf30936758d004f89d7553c62632e91427f92e6420a9e453f2c5d92ab18ae9e62c46bc28aeb398621b28cfd3af89bf2317c887a5eec276b5b7a51052']
a62fb7db-1817-4ddb-b3cc-82aec393a907,281,ÖSTERREICH,IPCEI-PV23,Austria joined the IPCEI-PV23 initiative in May 2022 to support European PV production.,8.0,83,['9ce049a98570c6bf53cf9e547168db075af2795fa519422bd27a2c9aa5b490c4b26aef25883802c4d8eb6e4dcb09c866e7d31677352f7beb6c4f9fcbbcc75e9b']
b9128a72-76cb-4490-9a22-de6fa0f1bece,282,ÖSTERREICH,MADE IN EUROPE-BONUS,Austria offers the Made in Europe-Bonus as a national funding policy for PV projects with European components.,9.0,83,['9ce049a98570c6bf53cf9e547168db075af2795fa519422bd27a2c9aa5b490c4b26aef25883802c4d8eb6e4dcb09c866e7d31677352f7beb6c4f9fcbbcc75e9b']
9d43acea-9ff3-488e-beff-043a5093de33,283,EU,NET ZERO INDUSTRY ACT,The Net Zero Industry Act is an EU policy mandating European content in project value chains.,9.0,9,['9ce049a98570c6bf53cf9e547168db075af2795fa519422bd27a2c9aa5b490c4b26aef25883802c4d8eb6e4dcb09c866e7d31677352f7beb6c4f9fcbbcc75e9b']
1820b578-3999-48e2-842d-8be103e42b37,284,ÖSTERREICH,JUST TRANSITION AKTIONSPLAN,Austria implements the Just Transition Action Plan to train and attract skilled labor for its PV industry.,9.0,83,['9ce049a98570c6bf53cf9e547168db075af2795fa519422bd27a2c9aa5b490c4b26aef25883802c4d8eb6e4dcb09c866e7d31677352f7beb6c4f9fcbbcc75e9b']
d9c1940e-0623-40d0-9083-27010433cfd0,285,ÖSTERREICH,ÖSTERREICHISCHE PV-INDUSTRIE,"Austria’s PV industry is central to its efforts for economic growth, innovation, jobs, and global technological leadership.",10.0,86,['9ce049a98570c6bf53cf9e547168db075af2795fa519422bd27a2c9aa5b490c4b26aef25883802c4d8eb6e4dcb09c866e7d31677352f7beb6c4f9fcbbcc75e9b']
4a54f3f3-5ebf-4b0b-b641-e72e99314d7a,286,ÖSTERREICHISCHE PV-INDUSTRIE,FORSCHUNG UND INNOVATION,The Austrian PV industry collaborates closely with research and innovation organizations to develop new PV technologies.,9.0,8,['9ce049a98570c6bf53cf9e547168db075af2795fa519422bd27a2c9aa5b490c4b26aef25883802c4d8eb6e4dcb09c866e7d31677352f7beb6c4f9fcbbcc75e9b']
647ea0c2-f773-42da-8ef6-623ec876a12b,287,ÖSTERREICHISCHE PV-INDUSTRIE,MADE IN AUSTRIA,"Austrian PV industry promotes and benefits from technology and component production ""Made in Austria"".",8.0,5,['9ce049a98570c6bf53cf9e547168db075af2795fa519422bd27a2c9aa5b490c4b26aef25883802c4d8eb6e4dcb09c866e7d31677352f7beb6c4f9fcbbcc75e9b']
aa2d3856-410d-4c4f-8432-530136b58e0d,288,FORSCHUNG UND INNOVATION,"FTI-SCHWERPUNKT ""ENERGIEWENDE""","Research and innovation organizations participate in the FTI-Schwerpunkt ""Energiewende"" program to advance energy transition technologies.",8.0,5,['9ce049a98570c6bf53cf9e547168db075af2795fa519422bd27a2c9aa5b490c4b26aef25883802c4d8eb6e4dcb09c866e7d31677352f7beb6c4f9fcbbcc75e9b']
b8e6a841-8be7-4fad-95d0-dd3ca5f5a0a4,289,ÖSTERREICH,SCHULEN,Austria’s schools are targeted for improved training and materials to deliver a skilled PV workforce.,7.0,85,['9ce049a98570c6bf53cf9e547168db075af2795fa519422bd27a2c9aa5b490c4b26aef25883802c4d8eb6e4dcb09c866e7d31677352f7beb6c4f9fcbbcc75e9b']
ee08674e-5945-4406-a544-b9f9b448b196,290,WIRTSCHAFT,ARBEITNEHMER:INNENVERTRETUNG,Business and labor organizations collaborate for workforce measures in the PV sector.,6.0,6,['9ce049a98570c6bf53cf9e547168db075af2795fa519422bd27a2c9aa5b490c4b26aef25883802c4d8eb6e4dcb09c866e7d31677352f7beb6c4f9fcbbcc75e9b']
6909bfcf-3982-4e5f-990e-51fbb5a79cb9,291,WIRTSCHAFT,PV-BRANCHENVERTRETUNG,Business and PV industry associations jointly support training and innovation.,6.0,6,['9ce049a98570c6bf53cf9e547168db075af2795fa519422bd27a2c9aa5b490c4b26aef25883802c4d8eb6e4dcb09c866e7d31677352f7beb6c4f9fcbbcc75e9b']
28c08a4e-bb02-4d2c-b6ed-eefed92370de,292,ERNEUERBARE ENERGIEN,EU,"The EU drives the renewable energy transition, including PV sector expansion, through policy and financial instruments.",8.0,12,['9ce049a98570c6bf53cf9e547168db075af2795fa519422bd27a2c9aa5b490c4b26aef25883802c4d8eb6e4dcb09c866e7d31677352f7beb6c4f9fcbbcc75e9b']
021927a6-3697-43d8-897e-008cbe6b06fa,293,ERNEUERBARE ENERGIEN,ÖSTERREICH,Austria contributes to the renewable energy transition with specific national measures and incentives.,1.0,86,['9ce049a98570c6bf53cf9e547168db075af2795fa519422bd27a2c9aa5b490c4b26aef25883802c4d8eb6e4dcb09c866e7d31677352f7beb6c4f9fcbbcc75e9b']
3b6e24f7-5019-44fb-beb1-0135b7bda945,294,ÖSTERREICH,PV-INDUSTRIE,Austria’s national strategy aims to strengthen and position Austria’s domestic PV industry as a European and global leader.,9.0,87,['9ce049a98570c6bf53cf9e547168db075af2795fa519422bd27a2c9aa5b490c4b26aef25883802c4d8eb6e4dcb09c866e7d31677352f7beb6c4f9fcbbcc75e9b']
934f1dd2-e1bd-40b4-ad25-4de503e1c736,295,PV-INDUSTRIE,INNOVATION,Austria’s PV industry depends on innovation to position itself competitively and globally.,8.0,6,['9ce049a98570c6bf53cf9e547168db075af2795fa519422bd27a2c9aa5b490c4b26aef25883802c4d8eb6e4dcb09c866e7d31677352f7beb6c4f9fcbbcc75e9b']
596d7bd2-85bc-4e34-a8df-bc6e2cb06e3c,296,ÖSTERREICH,BEDARFSTRÄGER,Austria integrates public demand stakeholders into the research-to-practice transfer ecosystem for wider PV adoption.,6.0,83,['9ce049a98570c6bf53cf9e547168db075af2795fa519422bd27a2c9aa5b490c4b26aef25883802c4d8eb6e4dcb09c866e7d31677352f7beb6c4f9fcbbcc75e9b']
b0f26733-3837-4a16-8882-1687450462e1,297,FORSCHUNG UND INNOVATION,ENERGIEFORSCHUNG,Research and innovation organizations in Austria are strongly connected to and driving the national energy research agenda.,8.0,5,['9ce049a98570c6bf53cf9e547168db075af2795fa519422bd27a2c9aa5b490c4b26aef25883802c4d8eb6e4dcb09c866e7d31677352f7beb6c4f9fcbbcc75e9b']
1e393200-7fbb-4b23-b681-91cddc0dad2b,298,FORSCHUNG UND INNOVATION,FORSCHUNGSPROGRAMME,Research institutions lead and participate in research programs to enhance PV technologies.,7.0,5,['9ce049a98570c6bf53cf9e547168db075af2795fa519422bd27a2c9aa5b490c4b26aef25883802c4d8eb6e4dcb09c866e7d31677352f7beb6c4f9fcbbcc75e9b']
b5ea36e3-d859-4f66-a541-1079538c7f1f,299,PV-INDUSTRIE,FACHKRÄFTE,"The success of Austria’s PV industry depends on attracting, training, and retaining skilled professionals.",8.0,7,['9ce049a98570c6bf53cf9e547168db075af2795fa519422bd27a2c9aa5b490c4b26aef25883802c4d8eb6e4dcb09c866e7d31677352f7beb6c4f9fcbbcc75e9b']
cb28af2e-d024-41a2-b25f-5143e2ae37f5,300,PV-INDUSTRIE,SCHULUNGSSTANDORTE,Specialized training facilities support the development of a skilled workforce for Austria’s PV industry.,7.0,7,['9ce049a98570c6bf53cf9e547168db075af2795fa519422bd27a2c9aa5b490c4b26aef25883802c4d8eb6e4dcb09c866e7d31677352f7beb6c4f9fcbbcc75e9b']
ab6d613f-fd40-4453-a2f6-cbff48a67aae,301,SCHULEN,AUSILDBNER:INNEN,Schools equip and train trainers to deliver specialized PV education.,7.0,4,['9ce049a98570c6bf53cf9e547168db075af2795fa519422bd27a2c9aa5b490c4b26aef25883802c4d8eb6e4dcb09c866e7d31677352f7beb6c4f9fcbbcc75e9b']
ada038e1-6024-42a0-9ce2-fd798c6394cb,302,PV-BRANCHE,PV-LEHRE,The PV sector is supported by dedicated vocational training and apprenticeship programs.,7.0,2,['9ce049a98570c6bf53cf9e547168db075af2795fa519422bd27a2c9aa5b490c4b26aef25883802c4d8eb6e4dcb09c866e7d31677352f7beb6c4f9fcbbcc75e9b']
3781a22e-8a7d-4cdd-9065-77c24909ca05,303,PV-SYSTEMUMFELD,ÖSTERREICHISCHE PV-INDUSTRIE,"The broader PV system environment in Austria is composed of, and serves, the domestic PV industry.",8.0,5,['9ce049a98570c6bf53cf9e547168db075af2795fa519422bd27a2c9aa5b490c4b26aef25883802c4d8eb6e4dcb09c866e7d31677352f7beb6c4f9fcbbcc75e9b']
d136e5d8-f40f-4d32-b8d6-8063fd1c75be,304,ENERGIEWENDE,FTI-SCHWERPUNKT,The energy transition is a priority area within Austria’s research and innovation agenda.,7.0,7,['9ce049a98570c6bf53cf9e547168db075af2795fa519422bd27a2c9aa5b490c4b26aef25883802c4d8eb6e4dcb09c866e7d31677352f7beb6c4f9fcbbcc75e9b']
54ecb8ad-507c-4aa8-8f2e-912cab880433,305,SCHULEN,SCHULUNGSSTANDORTE,Schools expand support and transition students to PV industry training facilities.,6.0,5,['9ce049a98570c6bf53cf9e547168db075af2795fa519422bd27a2c9aa5b490c4b26aef25883802c4d8eb6e4dcb09c866e7d31677352f7beb6c4f9fcbbcc75e9b']
7243ca68-9925-4cc7-920c-29fdabf4e206,306,ÖSTERREICHISCHE PHOTOVOLTAIK-STRATEGIE,KLIMANEUTRALITÄT 2040,The Austrian Photovoltaic Strategy is part of the country's plan to reach its 2040 climate neutrality target.,1.0,42,['9ce049a98570c6bf53cf9e547168db075af2795fa519422bd27a2c9aa5b490c4b26aef25883802c4d8eb6e4dcb09c866e7d31677352f7beb6c4f9fcbbcc75e9b']
b8918772-e2fb-4dc7-b197-488fcd33a4e9,307,ÖSTERREICHISCHE UNTERNEHMEN,ÖSTERREICHISCHE PHOTOVOLTAIK-STRATEGIE,"Austrian companies are key actors and intended beneficiaries of the Austrian Photovoltaic Strategy, especially regarding solar PV value chains.",7.0,43,['dafd7f2f39e49c87969ec1360e9fae0af9de6f290655205c8c120dd24dcc85da04f0536237f7f9529d31deed892d5abae3b8f58fb66ae9e497327f23b1e6b750']
674c3ed4-3143-4727-a2fc-fb96eb2cd1cb,308,IEA PHOTOVOLTAIC POWER SYSTEMS PROGRAMME (PVPS),INTERNATIONALE ENERGIEAGENTUR (IEA),The PVPS is a specific collaborative project operated under the umbrella of the International Energy Agency.,10.0,4,['dafd7f2f39e49c87969ec1360e9fae0af9de6f290655205c8c120dd24dcc85da04f0536237f7f9529d31deed892d5abae3b8f58fb66ae9e497327f23b1e6b750']
8706ecbe-26bb-4a99-9c60-697fdf18ca7e,309,ÖSTERREICHISCHE UNTERNEHMEN,IEA PHOTOVOLTAIC POWER SYSTEMS PROGRAMME (PVPS),Austrian companies and experts participate in international cooperation through the IEA PVPS program.,6.0,6,['dafd7f2f39e49c87969ec1360e9fae0af9de6f290655205c8c120dd24dcc85da04f0536237f7f9529d31deed892d5abae3b8f58fb66ae9e497327f23b1e6b750']
866b428d-2528-40e3-b384-f9405c676aa5,310,ÖSTERREICH,INTERNATIONALE ENERGIEAGENTUR (IEA),"Austria participates in international energy technology cooperation through the IEA, leveraging global knowledge and practices.",7.0,84,['dafd7f2f39e49c87969ec1360e9fae0af9de6f290655205c8c120dd24dcc85da04f0536237f7f9529d31deed892d5abae3b8f58fb66ae9e497327f23b1e6b750']
62e0c53a-82dc-4120-9eb0-84c71a3f152e,311,STRATEGIEPLAN FÜR ENERGIETECHNOLOGIE (SET-PLAN),EU-RAHMENPROGRAMM,"Both the SET-Plan and the EU Framework Programme provide resources and structure for transnational energy research, often working in complementary ways.",7.0,3,['dafd7f2f39e49c87969ec1360e9fae0af9de6f290655205c8c120dd24dcc85da04f0536237f7f9529d31deed892d5abae3b8f58fb66ae9e497327f23b1e6b750']
13669b07-78b6-4a4c-8b22-63240f788d7d,312,CLEAN ENERGY TRANSITION (CET) PARTNERSHIP,EU-RAHMENPROGRAMM,The CET Partnership operates as a multilateral partnership within the EU Framework Programme.,8.0,4,['dafd7f2f39e49c87969ec1360e9fae0af9de6f290655205c8c120dd24dcc85da04f0536237f7f9529d31deed892d5abae3b8f58fb66ae9e497327f23b1e6b750']
4d7bdaea-dc58-4849-876c-d67db1a64c06,313,CLEAN ENERGY TRANSITION (CET) PARTNERSHIP,"FORSCHUNGS-, ENTWICKLUNGS- UND INNOVATIONSPROGRAMME (FEI)",The CET Partnership coordinates and participates in European RD&I programmes (FEI) to drive energy transition.,8.0,3,['dafd7f2f39e49c87969ec1360e9fae0af9de6f290655205c8c120dd24dcc85da04f0536237f7f9529d31deed892d5abae3b8f58fb66ae9e497327f23b1e6b750']
ee22e4f0-6ebc-4a93-932e-ea9c637908b0,314,ÖSTERREICH,ENERGIEGEMEINSCHAFTEN,"ÖSTERREICH (Austria) has implemented the concept of ENERGIEGEMEINSCHAFTEN (energy communities) as an innovative model for collaborative photovoltaic (PV) expansion and decentralized energy management. Energy communities are emerging as a new market model gaining traction throughout Austria, actively involving local citizens in the decentralized generation of energy. This approach not only supports the broader adoption of renewable energy sources, particularly solar power through PV systems, but also empowers individuals and communities to participate directly in energy production and management. Through the establishment of these energy communities, Austria is fostering local cooperation, enhancing energy independence, and contributing to a more sustainable and resilient energy system.",15.0,96,"['dafd7f2f39e49c87969ec1360e9fae0af9de6f290655205c8c120dd24dcc85da04f0536237f7f9529d31deed892d5abae3b8f58fb66ae9e497327f23b1e6b750'
 '05802f69e17001a506260c74ca400f6a1368fbf0132720e670d13ffd39c31d615ca94e0ffc071332bd317faa48542bde7970720b9f035d496136fc5d6bbb8ca5']"
c6e2ad35-bfe3-4f00-ab4e-56c7325ccd15,315,ÖSTERREICHISCHE KOORDINATIONSSTELLE FÜR ENERGIEGEMEINSCHAFTEN,ENERGIEGEMEINSCHAFTEN,"The coordination office was created specifically to support the development, information-sharing, and implementation of energy communities in Austria.",9.0,16,['dafd7f2f39e49c87969ec1360e9fae0af9de6f290655205c8c120dd24dcc85da04f0536237f7f9529d31deed892d5abae3b8f58fb66ae9e497327f23b1e6b750']
cb3147e8-c6d2-4b2f-ada4-5113f734abdc,316,ÖSTERREICHISCHE KOORDINATIONSSTELLE FÜR ENERGIEGEMEINSCHAFTEN,ENERGIEBERATUNGSSTELLEN DER BUNDESLÄNDER,The two cooperate to support the rollout and information dissemination for energy communities.,8.0,4,['dafd7f2f39e49c87969ec1360e9fae0af9de6f290655205c8c120dd24dcc85da04f0536237f7f9529d31deed892d5abae3b8f58fb66ae9e497327f23b1e6b750']
122df052-6a7a-4802-9765-8f9e00fb1eb2,317,KLIMA- UND ENERGIEFONDS,ENERGIEGEMEINSCHAFTEN,The Climate and Energy Fund provides the main financial support for the stepwise development of energy communities in Austria.,8.0,28,['dafd7f2f39e49c87969ec1360e9fae0af9de6f290655205c8c120dd24dcc85da04f0536237f7f9529d31deed892d5abae3b8f58fb66ae9e497327f23b1e6b750']
8a3513f5-0de5-47de-8e75-5e0ab0e79c39,318,BUNDESREGIERUNG,NATIONALER FTI-PAKT,"The Austrian Federal Government is the issuer and managing body of the National FTI Pact, which defines key national research priorities.",10.0,6,['dafd7f2f39e49c87969ec1360e9fae0af9de6f290655205c8c120dd24dcc85da04f0536237f7f9529d31deed892d5abae3b8f58fb66ae9e497327f23b1e6b750']
dc984c3b-50ee-4890-a16c-6f69c59d5371,319,NATIONALER FTI-PAKT,KLIMANEUTRALE STADT,The National FTI Pact contains the research focus Klima­neutrale Stadt as one of its strategic pillars.,8.0,4,['dafd7f2f39e49c87969ec1360e9fae0af9de6f290655205c8c120dd24dcc85da04f0536237f7f9529d31deed892d5abae3b8f58fb66ae9e497327f23b1e6b750']
af0d2305-9231-43b0-b8ee-b9eee80c3780,320,NATIONALER FTI-PAKT,MOBILITÄTSWENDE,"The National FTI Pact also includes the research focus area Mobilitätswende, for advancing sustainable mobility solutions.",8.0,4,['dafd7f2f39e49c87969ec1360e9fae0af9de6f290655205c8c120dd24dcc85da04f0536237f7f9529d31deed892d5abae3b8f58fb66ae9e497327f23b1e6b750']
76efa658-24ef-4766-b871-4dac64ade2d1,321,NATIONALER ENERGIE- UND KLIMAPLAN,FTI-SCHWERPUNKT ENERGIEWENDE,The NEKP’s goals are specified and advanced by the FTI focus Energiewende.,9.0,3,['dafd7f2f39e49c87969ec1360e9fae0af9de6f290655205c8c120dd24dcc85da04f0536237f7f9529d31deed892d5abae3b8f58fb66ae9e497327f23b1e6b750']
d696f921-e046-4600-8971-180bcc9c99a4,322,ERNEUERBAREN-AUSBAU-GESETZ,ENERGIEGEMEINSCHAFTEN,The Renewable Expansion Act established the legal and promotional framework supporting the creation and rollout of energy communities in Austria.,1.0,19,['dafd7f2f39e49c87969ec1360e9fae0af9de6f290655205c8c120dd24dcc85da04f0536237f7f9529d31deed892d5abae3b8f58fb66ae9e497327f23b1e6b750']
889bfb6b-8039-4854-bc3a-d4d93eda36e8,323,EUROPA,ÖSTERREICH,"Austria (ÖSTERREICH) is a member state of the European Union (EUROPA), with its energy strategies closely aligned with broader European policies. As part of the EU, Austria operates within the wider European regional context for both energy and climate targets, working toward collective goals set by the Union. The country also benefits from European research cooperation, leveraging shared knowledge and innovation to support its national agendas. Through its EU membership, Austria participates actively in shaping and implementing policies that support sustainability, energy transition, and climate action in line with European objectives and frameworks.",8.0,84,"['dafd7f2f39e49c87969ec1360e9fae0af9de6f290655205c8c120dd24dcc85da04f0536237f7f9529d31deed892d5abae3b8f58fb66ae9e497327f23b1e6b750'
 '05802f69e17001a506260c74ca400f6a1368fbf0132720e670d13ffd39c31d615ca94e0ffc071332bd317faa48542bde7970720b9f035d496136fc5d6bbb8ca5']"
2735f0c9-2568-4701-9b1a-c9a268dd82c9,324,FÖRDERKATEGORIEN,ERNEUERBAREN-AUSBAU-GESETZ,The four funding categories were created under the Renewable Expansion Act to support PV system adoption at different scales.,9.0,6,['dafd7f2f39e49c87969ec1360e9fae0af9de6f290655205c8c120dd24dcc85da04f0536237f7f9529d31deed892d5abae3b8f58fb66ae9e497327f23b1e6b750']
ce8654a1-6f1b-4323-a6e8-7550269125db,325,BUNDESLÄNDER,ENERGIEBERATUNGSSTELLEN DER BUNDESLÄNDER,The federal states of Austria provide and coordinate regional energy advisory offices to assist citizens and energy communities.,9.0,13,['dafd7f2f39e49c87969ec1360e9fae0af9de6f290655205c8c120dd24dcc85da04f0536237f7f9529d31deed892d5abae3b8f58fb66ae9e497327f23b1e6b750']
c6aae388-3af1-486f-bf0e-068e60f05734,326,PV-KREISLAUFWIRTSCHAFT & PRODUKTION,ÖSTERREICHISCHE UNTERNEHMEN,"The circular economy & production approach for PV is a strategic area where Austrian companies are engaged and supported by research, development, and innovation funding.",8.0,5,['dafd7f2f39e49c87969ec1360e9fae0af9de6f290655205c8c120dd24dcc85da04f0536237f7f9529d31deed892d5abae3b8f58fb66ae9e497327f23b1e6b750']
9a41cacc-60de-4362-b6e0-ce13801b3714,327,FTI-AKTIVITÄTEN,ÖSTERREICHISCHE UNTERNEHMEN,National and transnational R&D (FTI) activities directly support Austrian companies participating in solar value chains.,8.0,6,['dafd7f2f39e49c87969ec1360e9fae0af9de6f290655205c8c120dd24dcc85da04f0536237f7f9529d31deed892d5abae3b8f58fb66ae9e497327f23b1e6b750']
8b5fc316-07ee-4f35-9c64-62ca2c1b47e7,328,BILDUNG UND AUSBILDUNG,FTI-AKTIVITÄTEN,"Educational and training programs are directly influenced by R&D activities, facilitating the diffusion of innovation into the energy workforce in Austria.",7.0,3,['dafd7f2f39e49c87969ec1360e9fae0af9de6f290655205c8c120dd24dcc85da04f0536237f7f9529d31deed892d5abae3b8f58fb66ae9e497327f23b1e6b750']
810eff60-d841-4112-a051-44dafd4eeede,329,PARTIZIPATION,BÜRGER:INNEN,Citizen participation is a central field of action promoted by Austrian policy to increase local renewable energy generation and autonomy.,9.0,7,['dafd7f2f39e49c87969ec1360e9fae0af9de6f290655205c8c120dd24dcc85da04f0536237f7f9529d31deed892d5abae3b8f58fb66ae9e497327f23b1e6b750']
47848e49-8e84-49a7-b5b3-f2718d74f1ca,330,PV-FORSCHUNG,FTI-SCHWERPUNKT ENERGIEWENDE,"Photovoltaic research is an integral part of the FTI focus on Energiewende, driving technological advances.",9.0,3,['dafd7f2f39e49c87969ec1360e9fae0af9de6f290655205c8c120dd24dcc85da04f0536237f7f9529d31deed892d5abae3b8f58fb66ae9e497327f23b1e6b750']
af665f74-4a5f-450b-a3ee-f7eae8aff9d3,331,ÖFFENTLICHES NETZ,ÜBERSCHUSS-EINSPEISEANLAGEN,The public grid is the recipient and technical backbone for integrating surplus electricity from PV installations in Austria.,8.0,2,['dafd7f2f39e49c87969ec1360e9fae0af9de6f290655205c8c120dd24dcc85da04f0536237f7f9529d31deed892d5abae3b8f58fb66ae9e497327f23b1e6b750']
d01e6c58-f5af-470a-9688-566dea5752f1,332,LOKALES LASTMANAGEMENT,PARTIZIPATION,Local load management is promoted as a tool to deepen citizen participation and efficiency in the decentralized energy transition.,1.0,3,['dafd7f2f39e49c87969ec1360e9fae0af9de6f290655205c8c120dd24dcc85da04f0536237f7f9529d31deed892d5abae3b8f58fb66ae9e497327f23b1e6b750']
1f595244-8780-4b73-ba2a-225252bfb586,333,ÖSTERREICH,GEMEINSCHAFTLICHE ERZEUGUNGSANLAGEN,Austria promotes shared generation plants as part of its strategy for renewable energy transition.,6.0,85,['05802f69e17001a506260c74ca400f6a1368fbf0132720e670d13ffd39c31d615ca94e0ffc071332bd317faa48542bde7970720b9f035d496136fc5d6bbb8ca5']
fff6bef2-37ab-47e0-834b-c5526b5c03b9,334,ÖSTERREICH,PV-ANLAGENBETREIBER:INNEN,PV operators in Austria are encouraged to participate in new energy and flexibility markets.,7.0,84,['05802f69e17001a506260c74ca400f6a1368fbf0132720e670d13ffd39c31d615ca94e0ffc071332bd317faa48542bde7970720b9f035d496136fc5d6bbb8ca5']
9b094fd4-442c-4282-a9da-26fc06a8892e,335,ÖSTERREICH,BÜRGER:INNEN,General citizens of Austria are empowered by strategies to become active participants in the energy transition.,7.0,87,['05802f69e17001a506260c74ca400f6a1368fbf0132720e670d13ffd39c31d615ca94e0ffc071332bd317faa48542bde7970720b9f035d496136fc5d6bbb8ca5']
f3d1edaa-065e-4747-9508-3588c9608f27,336,ÖSTERREICH,AKTIVE KUND:INNEN,"Active customers in Austria can now collaborate in energy sharing without establishing a new legal entity, promoting greater engagement in the energy system.",6.0,84,['05802f69e17001a506260c74ca400f6a1368fbf0132720e670d13ffd39c31d615ca94e0ffc071332bd317faa48542bde7970720b9f035d496136fc5d6bbb8ca5']
db2c41d5-dbd7-4a0f-9c74-d60635e25e21,337,ÖSTERREICH,PHOTOVOLTAIK,Austria views photovoltaic technology as key to its energy transition and growing climate neutrality.,8.0,87,['05802f69e17001a506260c74ca400f6a1368fbf0132720e670d13ffd39c31d615ca94e0ffc071332bd317faa48542bde7970720b9f035d496136fc5d6bbb8ca5']
f6cabe1b-f71c-4246-bac3-f2b2c36592fc,338,ÖSTERREICH,ENERGIEWENDE,Austria’s entire policy and strategic focus is centered on the energy transition.,9.0,88,['05802f69e17001a506260c74ca400f6a1368fbf0132720e670d13ffd39c31d615ca94e0ffc071332bd317faa48542bde7970720b9f035d496136fc5d6bbb8ca5']
a1acf518-4c81-4993-83b5-b1e6b3725369,339,ÖSTERREICHISCHE PHOTOVOLTAIK-STRATEGIE,ENERGIEGEMEINSCHAFTEN,The strategy promotes energy communities as a core instrument for the expansion of renewables in Austria.,7.0,53,['05802f69e17001a506260c74ca400f6a1368fbf0132720e670d13ffd39c31d615ca94e0ffc071332bd317faa48542bde7970720b9f035d496136fc5d6bbb8ca5']
66d6093c-0c10-42e2-97b0-c63e36dad63a,340,ÖSTERREICHISCHE PHOTOVOLTAIK-STRATEGIE,GEMEINSCHAFTLICHE ERZEUGUNGSANLAGEN,The strategy sets out policies and frameworks for the further development of shared generation facilities.,6.0,42,['05802f69e17001a506260c74ca400f6a1368fbf0132720e670d13ffd39c31d615ca94e0ffc071332bd317faa48542bde7970720b9f035d496136fc5d6bbb8ca5']
745717c3-04bc-4856-90f0-019943e6cf4e,341,ÖSTERREICHISCHE PHOTOVOLTAIK-STRATEGIE,PHOTOVOLTAIK,The document serves as the guideline for all photovoltaic expansion in Austria.,9.0,44,['05802f69e17001a506260c74ca400f6a1368fbf0132720e670d13ffd39c31d615ca94e0ffc071332bd317faa48542bde7970720b9f035d496136fc5d6bbb8ca5']
dc83daff-aee2-41b0-8434-5ebdb6a6face,342,EUROPÄISCHE KOMMISSION,EUROPÄISCHER GRÜNER DEAL,The European Commission is the author and implementer of the Green Deal.,9.0,11,['05802f69e17001a506260c74ca400f6a1368fbf0132720e670d13ffd39c31d615ca94e0ffc071332bd317faa48542bde7970720b9f035d496136fc5d6bbb8ca5']
2d72f58e-a9d3-4cd4-9bc7-e34d517d45d5,343,EUROPÄISCHE KOMMISSION,FIT FÜR 55,"The European Commission introduced the ""Fit für 55"" legislative package as a central component of the European Green Deal. The ""Fit für 55"" initiative aims to accelerate emission reduction efforts across the European Union, supporting the EU's commitment to substantially cut greenhouse gas emissions. This package reflects the European Commission's strategy to implement ambitious climate policies and steer the EU towards achieving its climate targets by 2030 and beyond.",16.0,13,"['05802f69e17001a506260c74ca400f6a1368fbf0132720e670d13ffd39c31d615ca94e0ffc071332bd317faa48542bde7970720b9f035d496136fc5d6bbb8ca5'
 '6927535991c09031efd0df39ec21591dd3bb460da14c01bc36d343f0078b726ed44d06a0c6bb518236ea61ed8c8b15365630cf185b8012e963898f2e117f7d8a']"
16a91568-83ea-478d-a826-cd9dbdac528e,344,EUROPÄISCHER GRÜNER DEAL,FIT FÜR 55,“Fit für 55” is a key legislative pillar of the European Green Deal.,8.0,6,['05802f69e17001a506260c74ca400f6a1368fbf0132720e670d13ffd39c31d615ca94e0ffc071332bd317faa48542bde7970720b9f035d496136fc5d6bbb8ca5']
c618bc16-f9d2-489c-a04e-cae770590528,345,FIT FÜR 55,ÖSTERREICHISCHE PHOTOVOLTAIK-STRATEGIE,Austria’s photovoltaic policy aligns with the “Fit für 55” EU agenda.,6.0,43,['05802f69e17001a506260c74ca400f6a1368fbf0132720e670d13ffd39c31d615ca94e0ffc071332bd317faa48542bde7970720b9f035d496136fc5d6bbb8ca5']
04ee5f0f-2e1f-4ada-a715-7be714b884b7,346,ENERGIEGEMEINSCHAFTEN,GEMEINSCHAFTLICHE ERZEUGUNGSANLAGEN,"Both organizations facilitate decentralized production and consumption of renewable energy, often collaborating in shared energy projects.",7.0,17,['05802f69e17001a506260c74ca400f6a1368fbf0132720e670d13ffd39c31d615ca94e0ffc071332bd317faa48542bde7970720b9f035d496136fc5d6bbb8ca5']
7d4701f9-0af4-4e03-83d1-dd01f31d49e6,347,PV-ANLAGENBETREIBER:INNEN,STROM- UND FLEXIBILITÄTSMÄRKTE,PV system operators are allowed and supported to directly participate in electricity and flexibility markets.,8.0,3,['05802f69e17001a506260c74ca400f6a1368fbf0132720e670d13ffd39c31d615ca94e0ffc071332bd317faa48542bde7970720b9f035d496136fc5d6bbb8ca5']
d9aa09ec-8cb9-47ff-b433-c9709e766cb0,348,AIT AUSTRIAN INSTITUTE OF TECHNOLOGY GMBH,ÖSTERREICH,AIT is an Austrian institute contributing research and expertise to the country’s energy transition.,8.0,83,['05802f69e17001a506260c74ca400f6a1368fbf0132720e670d13ffd39c31d615ca94e0ffc071332bd317faa48542bde7970720b9f035d496136fc5d6bbb8ca5']
f0f0380d-e951-484a-88ff-d7124719fcde,349,TECHNISCHE UNIVERSITÄT WIEN,ÖSTERREICH,TU Wien is a leading Austrian university involved in renewable energy research.,8.0,83,['05802f69e17001a506260c74ca400f6a1368fbf0132720e670d13ffd39c31d615ca94e0ffc071332bd317faa48542bde7970720b9f035d496136fc5d6bbb8ca5']
ae727950-f47e-40e5-9a94-aeb5698ce6db,350,FORSCHUNGSSTELLE FÜR ENERGIEWIRTSCHAFT (FFE),ÖSTERREICH,FFE provides research and advice on Austria’s electricity and flexibility markets.,8.0,83,['05802f69e17001a506260c74ca400f6a1368fbf0132720e670d13ffd39c31d615ca94e0ffc071332bd317faa48542bde7970720b9f035d496136fc5d6bbb8ca5']
0dbbd0b5-1e6b-447d-8198-bd38c4e2e4e0,351,BUNDESVERBAND NEUE ENERGIEWIRTSCHAFT (BNE) E.V.,SOLARPARKS,BNE e.V. is cited as a source for studies on the benefits and biodiversity impact of solar parks.,7.0,5,['05802f69e17001a506260c74ca400f6a1368fbf0132720e670d13ffd39c31d615ca94e0ffc071332bd317faa48542bde7970720b9f035d496136fc5d6bbb8ca5']
f0765200-5a38-432b-9805-f6b059f161d2,352,BRUSSELS,EUROPÄISCHE KOMMISSION,"Brussels serves as the seat of the European Commission (EUROPÄISCHE KOMMISSION). As the crucial administrative center of the European Union, Brussels hosts key departments and functions of the Commission, where major policies and communications are launched. This includes initiatives such as the EU Green Deal and energy transition communications, which are central to the European Union’s sustainability and climate action agenda. The city’s role as the headquarters of the European Commission underscores its importance in shaping European policy and driving initiatives that affect member states and global affairs.",8.0,11,"['05802f69e17001a506260c74ca400f6a1368fbf0132720e670d13ffd39c31d615ca94e0ffc071332bd317faa48542bde7970720b9f035d496136fc5d6bbb8ca5'
 '6927535991c09031efd0df39ec21591dd3bb460da14c01bc36d343f0078b726ed44d06a0c6bb518236ea61ed8c8b15365630cf185b8012e963898f2e117f7d8a']"
63bef463-086e-46db-8fee-d8e2a1e99148,353,EUROPÄISCHES PARLAMENT,EUROPÄISCHE KOMMISSION,The European Commission issues policy communications to the European Parliament.,9.0,11,['05802f69e17001a506260c74ca400f6a1368fbf0132720e670d13ffd39c31d615ca94e0ffc071332bd317faa48542bde7970720b9f035d496136fc5d6bbb8ca5']
21386638-1984-46c7-bb41-8ab62301b7cc,354,EUROPÄISCHER RAT,EUROPÄISCHE KOMMISSION,The European Commission addresses EU energy and climate policy to the European Council.,7.0,11,['05802f69e17001a506260c74ca400f6a1368fbf0132720e670d13ffd39c31d615ca94e0ffc071332bd317faa48542bde7970720b9f035d496136fc5d6bbb8ca5']
921fbe97-1869-456a-854e-9f3fd4a5092c,355,EUROPEAN ECONOMIC AND SOCIAL COMMITTEE,EUROPÄISCHE KOMMISSION,The European Economic and Social Committee is an institutional recipient of the European Commission's energy and Green Deal strategies.,6.0,10,['05802f69e17001a506260c74ca400f6a1368fbf0132720e670d13ffd39c31d615ca94e0ffc071332bd317faa48542bde7970720b9f035d496136fc5d6bbb8ca5']
a0aa2432-7a35-4a85-98b6-decef4e59660,356,COMMITTEE OF THE REGIONS,EUROPÄISCHE KOMMISSION,"The Committee of the Regions advises on EU policy implementation, in cooperation with the European Commission.",6.0,10,['05802f69e17001a506260c74ca400f6a1368fbf0132720e670d13ffd39c31d615ca94e0ffc071332bd317faa48542bde7970720b9f035d496136fc5d6bbb8ca5']
2c7c7511-14d3-4b67-b7f2-3d6e83046d01,357,"BUNDESGESETZ, MIT DEM DAS WOHNUNGSEIGENTUMSGESETZ 2002 GEÄNDERT WIRD (WEG-NOVELLE 2022)",ÖSTERREICH,The WEG-Novelle 2022 is an Austrian federal law facilitating PV and renewables in private properties.,6.0,83,['05802f69e17001a506260c74ca400f6a1368fbf0132720e670d13ffd39c31d615ca94e0ffc071332bd317faa48542bde7970720b9f035d496136fc5d6bbb8ca5']
9ebf7728-6175-4149-a86e-fd5ed208ad87,358,AKTIONSPLAN NETZANSCHLUSS 2023,E-CONTROL,The action plan on grid connection for renewables was prepared and released by E-Control.,8.0,13,['05802f69e17001a506260c74ca400f6a1368fbf0132720e670d13ffd39c31d615ca94e0ffc071332bd317faa48542bde7970720b9f035d496136fc5d6bbb8ca5']
0e9520a4-1787-4ae6-b67f-b65e07792521,359,DIGITALISIERUNG DER MARKTKOMMUNIKATION,ÖSTERREICH,Austria is advancing the digitalization of its energy market communications to support PV operators and flexible market participation.,7.0,83,['05802f69e17001a506260c74ca400f6a1368fbf0132720e670d13ffd39c31d615ca94e0ffc071332bd317faa48542bde7970720b9f035d496136fc5d6bbb8ca5']
45f39abb-e186-4f08-818b-0b1658cd021c,360,ELWOG – ELEKTRIZITÄTSWIRTSCHAFTS- UND -ORGANISATIONSGESETZ,ELWG – ELEKTRIZITÄTSWIRTSCHAFTSGESETZ,ElWOG is the predecessor legislation to ElWG in governing Austria’s electricity sector.,7.0,4,['05802f69e17001a506260c74ca400f6a1368fbf0132720e670d13ffd39c31d615ca94e0ffc071332bd317faa48542bde7970720b9f035d496136fc5d6bbb8ca5']
bd71076e-b5ea-4b04-a9f4-6a3f3b63df3c,361,STROMBINNENMARKTRICHTLINIE 2019/944 DER EU,ELWG – ELEKTRIZITÄTSWIRTSCHAFTSGESETZ,Austria’s ElWG law incorporates and implements the EU’s Electricity Market Directive of 2019.,8.0,4,['05802f69e17001a506260c74ca400f6a1368fbf0132720e670d13ffd39c31d615ca94e0ffc071332bd317faa48542bde7970720b9f035d496136fc5d6bbb8ca5']
e575cdec-2805-4492-8212-a100864e18cb,362,ERNEUERBAREN-RICHTLINIE 2018/2001,ELWG – ELEKTRIZITÄTSWIRTSCHAFTSGESETZ,The Austrian electricity market law also reflects key tenets of the EU’s Renewables Directive 2018.,8.0,5,['05802f69e17001a506260c74ca400f6a1368fbf0132720e670d13ffd39c31d615ca94e0ffc071332bd317faa48542bde7970720b9f035d496136fc5d6bbb8ca5']
56531be8-d176-4567-a03e-1527e852f180,363,PRIVATEN VEREINBARUNG,AKTIVE KUND:INNEN,"In Austria, active customers now collaborate on energy activities based on a private agreement, eliminating the need for a separate legal entity.",1.0,3,['05802f69e17001a506260c74ca400f6a1368fbf0132720e670d13ffd39c31d615ca94e0ffc071332bd317faa48542bde7970720b9f035d496136fc5d6bbb8ca5']
e1e28638-bd47-4062-a50b-3ff764075a9b,364,ELWOG,STROMBINNENMARKTRICHTLINIE 2019/944,ElWOG was used to implement the requirements of the EU Directive 2019/944 in Austria.,8.0,4,['6927535991c09031efd0df39ec21591dd3bb460da14c01bc36d343f0078b726ed44d06a0c6bb518236ea61ed8c8b15365630cf185b8012e963898f2e117f7d8a']
54a6ea70-312b-4508-be90-a9dbbe023eb5,365,ELWOG,ERNEUERBAREN-RICHTLINIE 2018/2001,ElWOG served as a basis for the implementation of the EU's Renewable Energy Directive 2018/2001.,7.0,4,['6927535991c09031efd0df39ec21591dd3bb460da14c01bc36d343f0078b726ed44d06a0c6bb518236ea61ed8c8b15365630cf185b8012e963898f2e117f7d8a']
1a921a10-cdab-4b21-833a-72049110e533,366,EUROPÄISCHE UNION (EU),FIT FÜR 55,The EU published and oversees the Fit für 55 legislative package to achieve climate targets.,9.0,5,['6927535991c09031efd0df39ec21591dd3bb460da14c01bc36d343f0078b726ed44d06a0c6bb518236ea61ed8c8b15365630cf185b8012e963898f2e117f7d8a']
8e9ba404-df81-41a0-a6f9-d250dd7b9ce7,367,EU ÖKODESIGN-RICHTLINIE,EUROPÄISCHES PARLAMENT,The Eco-design Directive was legislated by the European Parliament.,7.0,5,['6927535991c09031efd0df39ec21591dd3bb460da14c01bc36d343f0078b726ed44d06a0c6bb518236ea61ed8c8b15365630cf185b8012e963898f2e117f7d8a']
41e89949-0bc6-4edf-a904-e7038e8a2297,368,EU ÖKODESIGN-RICHTLINIE,EUROPÄISCHER RAT,The Eco-design Directive was legislated by the European Council.,7.0,5,['6927535991c09031efd0df39ec21591dd3bb460da14c01bc36d343f0078b726ed44d06a0c6bb518236ea61ed8c8b15365630cf185b8012e963898f2e117f7d8a']
568337f1-1dfe-4bd4-99cf-f8118739f684,369,BUNDESVERBAND PV AUSTRIA,KLIMA- UND ENERGIEFONDS,Bundesverband PV Austria conducted studies and created guidelines on behalf of the Klima- und Energiefonds.,8.0,21,['6927535991c09031efd0df39ec21591dd3bb460da14c01bc36d343f0078b726ed44d06a0c6bb518236ea61ed8c8b15365630cf185b8012e963898f2e117f7d8a']
4f1c584a-1ca1-4430-9ac3-a85f682ac2ee,370,"HACKNER, JOHANNES",BUNDESVERBAND PV AUSTRIA,Johannes Hackner authored studies for Bundesverband PV Austria.,7.0,12,['6927535991c09031efd0df39ec21591dd3bb460da14c01bc36d343f0078b726ed44d06a0c6bb518236ea61ed8c8b15365630cf185b8012e963898f2e117f7d8a']
b9b4f631-31e1-4e0f-89d8-3edb03665cfa,371,"HACKNER, JOHANNES",KLIMA- UND ENERGIEFONDS,Johannes Hackner wrote mandates and guidelines for Klima- und Energiefonds.,6.0,19,['6927535991c09031efd0df39ec21591dd3bb460da14c01bc36d343f0078b726ed44d06a0c6bb518236ea61ed8c8b15365630cf185b8012e963898f2e117f7d8a']
e4a9ada6-81b1-47b4-b8de-0613357c5692,372,EPOOL,KLIMA- UND ENERGIEFONDS,EPOOL participated in projects commissioned by Klima- und Energiefonds.,4.0,19,['6927535991c09031efd0df39ec21591dd3bb460da14c01bc36d343f0078b726ed44d06a0c6bb518236ea61ed8c8b15365630cf185b8012e963898f2e117f7d8a']
e6e67966-8804-40d0-89df-ea994b49db49,373,BUNDESVERBAND PV AUSTRIA,EPOOL,Both organizations collaborated on projects for PV installations.,5.0,12,['6927535991c09031efd0df39ec21591dd3bb460da14c01bc36d343f0078b726ed44d06a0c6bb518236ea61ed8c8b15365630cf185b8012e963898f2e117f7d8a']
b3361593-90d6-4465-9247-addaee363a9b,374,BUNDESVERBAND PV AUSTRIA,ÖSTERREICHISCHE PHOTOVOLTAIK-STRATEGIE,Bundesverband PV Austria is involved in shaping and reporting on the Austrian Photovoltaic Strategy.,6.0,46,['6927535991c09031efd0df39ec21591dd3bb460da14c01bc36d343f0078b726ed44d06a0c6bb518236ea61ed8c8b15365630cf185b8012e963898f2e117f7d8a']
49d3580a-0968-4f63-849e-0fa080c573d7,375,UNI KLAGENFURT,WU WIEN,These universities jointly conduct studies on renewable energies in Austria.,5.0,10,['6927535991c09031efd0df39ec21591dd3bb460da14c01bc36d343f0078b726ed44d06a0c6bb518236ea61ed8c8b15365630cf185b8012e963898f2e117f7d8a']
8d68ee35-746a-4bb3-9b84-fe222c6850ff,376,UNI KLAGENFURT,KLIMA- UND ENERGIEFONDS,University of Klagenfurt participates in research funded by Klima- und Energiefonds.,6.0,19,['6927535991c09031efd0df39ec21591dd3bb460da14c01bc36d343f0078b726ed44d06a0c6bb518236ea61ed8c8b15365630cf185b8012e963898f2e117f7d8a']
1703f940-719b-4bc8-8248-b795009fa525,377,WU WIEN,KLIMA- UND ENERGIEFONDS,WU Wien participates in research funded by Klima- und Energiefonds.,6.0,19,['6927535991c09031efd0df39ec21591dd3bb460da14c01bc36d343f0078b726ed44d06a0c6bb518236ea61ed8c8b15365630cf185b8012e963898f2e117f7d8a']
7cf14351-fd4b-4403-b312-602f1cc08e89,378,"BUNDESMINISTERIUM FÜR KLIMASCHUTZ, UMWELT, ENERGIE, MOBILITÄT, INNOVATION UND TECHNOLOGIE (BMK)",INTEGRIERTER NATIONALER ENERGIE- UND KLIMAPLAN FÜR ÖSTERREICH,BMK authors the Integrated National Energy and Climate Plan for Austria.,8.0,5,['6927535991c09031efd0df39ec21591dd3bb460da14c01bc36d343f0078b726ed44d06a0c6bb518236ea61ed8c8b15365630cf185b8012e963898f2e117f7d8a']
9849f4ab-024d-4188-9ee4-089a738b70d5,379,"BUNDESMINISTERIUM FÜR KLIMASCHUTZ, UMWELT, ENERGIE, MOBILITÄT, INNOVATION UND TECHNOLOGIE (BMK)",INTEGRIERTER ÖSTERREICHISCHER NETZINFRASTRUKTURPLAN,BMK develops the Integrated Austrian Network Infrastructure Plan.,8.0,5,['6927535991c09031efd0df39ec21591dd3bb460da14c01bc36d343f0078b726ed44d06a0c6bb518236ea61ed8c8b15365630cf185b8012e963898f2e117f7d8a']
8776af41-9034-4448-8563-1b937407a2b3,380,"BUNDESMINISTERIUM FÜR KLIMASCHUTZ, UMWELT, ENERGIE, MOBILITÄT, INNOVATION UND TECHNOLOGIE (BMK)",JUST TRANSITION,BMK is responsible for Just Transition policies and action plans for workforce adaptation.,8.0,5,['6927535991c09031efd0df39ec21591dd3bb460da14c01bc36d343f0078b726ed44d06a0c6bb518236ea61ed8c8b15365630cf185b8012e963898f2e117f7d8a']
d63e0700-c4d9-40f9-8ca6-be1b2259973b,381,ÖSTERREICHISCHE GESELLSCHAFT FÜR UMWELT UND TECHNIK,SINNERGYTRANS,These organizations collaborate on methodological projects to support social innovation in the context of the Austrian energy transition.,4.0,3,['6927535991c09031efd0df39ec21591dd3bb460da14c01bc36d343f0078b726ed44d06a0c6bb518236ea61ed8c8b15365630cf185b8012e963898f2e117f7d8a']
8d96df81-a007-4159-bfc9-fe58e0cd084e,382,BUNDESVERBAND NEUE ENERGIEWIRTSCHAFT (BNE) E.V.,ROLF PESCHL,Rolf Peschl authored studies in collaboration with bne e.V. on biodiversity and solar parks.,7.0,5,['6927535991c09031efd0df39ec21591dd3bb460da14c01bc36d343f0078b726ed44d06a0c6bb518236ea61ed8c8b15365630cf185b8012e963898f2e117f7d8a']
56bc1599-73d3-461b-b701-52dd7e307041,383,BERLIN,BUNDESVERBAND NEUE ENERGIEWIRTSCHAFT (BNE) E.V.,Berlin is the location of bne e.V.,8.0,5,['6927535991c09031efd0df39ec21591dd3bb460da14c01bc36d343f0078b726ed44d06a0c6bb518236ea61ed8c8b15365630cf185b8012e963898f2e117f7d8a']
a557352a-65ec-48d8-a099-8ea67b7ccdb7,384,WIEN,"BUNDESMINISTERIUM FÜR KLIMASCHUTZ, UMWELT, ENERGIE, MOBILITÄT, INNOVATION UND TECHNOLOGIE (BMK)",Vienna is the seat of the BMK.,9.0,12,['6927535991c09031efd0df39ec21591dd3bb460da14c01bc36d343f0078b726ed44d06a0c6bb518236ea61ed8c8b15365630cf185b8012e963898f2e117f7d8a']
09c3b5eb-6486-4bee-9707-43716993bb67,385,WIEN,ÖSTERREICHISCHE GESELLSCHAFT FÜR UMWELT UND TECHNIK,Vienna is the headquarters of ÖGUT.,8.0,10,['6927535991c09031efd0df39ec21591dd3bb460da14c01bc36d343f0078b726ed44d06a0c6bb518236ea61ed8c8b15365630cf185b8012e963898f2e117f7d8a']
ed28d3bc-6b18-4dc8-9eda-9283b7002d8a,386,BRUSSELS,EU ÖKODESIGN-RICHTLINIE,"Brussels, as the capital of the EU, is where the Eco-design Directive was signed.",7.0,5,['6927535991c09031efd0df39ec21591dd3bb460da14c01bc36d343f0078b726ed44d06a0c6bb518236ea61ed8c8b15365630cf185b8012e963898f2e117f7d8a']
a5beb25b-a445-42e6-916d-ea67453163c4,387,EUROPÄISCHE KOMMISSION,EUROPÄISCHER WIRTSCHAFTS- UND SOZIALAUSSCHUSS,The Commission routinely consults the EESC on policy development.,7.0,10,['6927535991c09031efd0df39ec21591dd3bb460da14c01bc36d343f0078b726ed44d06a0c6bb518236ea61ed8c8b15365630cf185b8012e963898f2e117f7d8a']
0b1bd8a6-5def-4466-82c7-973c62019a02,388,EUROPÄISCHE KOMMISSION,AUSSCHUSS DER REGIONEN,Both are EU advisory bodies consulted in communications and strategies.,7.0,10,['6927535991c09031efd0df39ec21591dd3bb460da14c01bc36d343f0078b726ed44d06a0c6bb518236ea61ed8c8b15365630cf185b8012e963898f2e117f7d8a']
9d3dc35d-b3fc-495e-a504-97d868ca3677,389,PV-ANLAGEN,HANDLUNGSANLEITUNG FÜR DIE ERRICHTUNG VON PV-ANLAGEN,The guideline was created to facilitate and standardize the installation of PV systems.,8.0,9,['6927535991c09031efd0df39ec21591dd3bb460da14c01bc36d343f0078b726ed44d06a0c6bb518236ea61ed8c8b15365630cf185b8012e963898f2e117f7d8a']
eef4b471-d8d8-4461-b5cf-a965df3f2aa2,390,BUNDESVERBAND PV AUSTRIA,HANDLUNGSANLEITUNG FÜR DIE ERRICHTUNG VON PV-ANLAGEN,Created or commissioned the guideline on PV installation.,8.0,9,['6927535991c09031efd0df39ec21591dd3bb460da14c01bc36d343f0078b726ed44d06a0c6bb518236ea61ed8c8b15365630cf185b8012e963898f2e117f7d8a']
ad3b1c34-89fd-4d20-ba36-37032db51a71,391,BUNDESVERBAND PV AUSTRIA,ANALYSE VON HEMMNISSEN FÜR DEN ANSCHLUSS UND BETRIEB VON STROMERZEUGUNGSANLAGEN,The association authored or oversaw this barrier analysis related to energy systems connection.,7.0,9,['6927535991c09031efd0df39ec21591dd3bb460da14c01bc36d343f0078b726ed44d06a0c6bb518236ea61ed8c8b15365630cf185b8012e963898f2e117f7d8a']
86744b17-c871-44a1-8bfe-828046d0955a,392,BUNDESVERBAND PV AUSTRIA,PV-ANLAGEN,"Facilitates, supports, and represents operators and builders of PV installations in Austria.",8.0,14,['6927535991c09031efd0df39ec21591dd3bb460da14c01bc36d343f0078b726ed44d06a0c6bb518236ea61ed8c8b15365630cf185b8012e963898f2e117f7d8a']
7702e513-8077-496c-8c3b-9c8517b43e20,393,KLIMA- UND ENERGIEFONDS,ANALYSE VON HEMMNISSEN FÜR DEN ANSCHLUSS UND BETRIEB VON STROMERZEUGUNGSANLAGEN,Funded or commissioned the barrier analysis for renewable connection.,7.0,16,['6927535991c09031efd0df39ec21591dd3bb460da14c01bc36d343f0078b726ed44d06a0c6bb518236ea61ed8c8b15365630cf185b8012e963898f2e117f7d8a']
283fe6c7-8722-4604-b7df-75f59e6490f2,394,INTERNATIONALE ENERGIEAGENTUR,MARKTENTWICKLUNG 2023,IEA provides international context for market trends described in Austrian energy sector studies.,4.0,2,['6927535991c09031efd0df39ec21591dd3bb460da14c01bc36d343f0078b726ed44d06a0c6bb518236ea61ed8c8b15365630cf185b8012e963898f2e117f7d8a']
46b9d825-cdde-4409-bf08-7ff726e91d10,395,ÖGUT,METHODEN ZUR FÖRDERUNG SOZIALER INNOVATION IM KONTEXT DER ENERGIEWENDE,ÖGUT contributed to or carried out this methodological work on social innovation for energy transition.,7.0,3,['6927535991c09031efd0df39ec21591dd3bb460da14c01bc36d343f0078b726ed44d06a0c6bb518236ea61ed8c8b15365630cf185b8012e963898f2e117f7d8a']
61823f63-b456-4a33-8dcf-49f6d6331e93,396,RICHTLINIE (EU) 2018/1999,RED III,This governance regulation is amended by RED III for renewable energy implementation.,6.0,6,['6927535991c09031efd0df39ec21591dd3bb460da14c01bc36d343f0078b726ed44d06a0c6bb518236ea61ed8c8b15365630cf185b8012e963898f2e117f7d8a']
733ebcd3-cea2-4a1e-9d03-70460a8daf09,397,RICHTLINIE 98/70/EG,RED III,Fuel quality directive is amended by RED III as part of the renewable energy legislative package.,6.0,6,['6927535991c09031efd0df39ec21591dd3bb460da14c01bc36d343f0078b726ed44d06a0c6bb518236ea61ed8c8b15365630cf185b8012e963898f2e117f7d8a']
cdc74af2-0c57-475b-bfee-27755aa78da2,398,RICHTLINIE (EU) 2015/652,RED III,RED III repeals Directive 2015/652 on fuel emissions reporting.,6.0,6,['6927535991c09031efd0df39ec21591dd3bb460da14c01bc36d343f0078b726ed44d06a0c6bb518236ea61ed8c8b15365630cf185b8012e963898f2e117f7d8a']
452a7423-9ed6-42fd-9b86-48303d4e988a,399,RICHTLINIE (EU) 2012/27/EU,STROMBINNENMARKTRICHTLINIE 2019/944,The energy efficiency and electricity market directives are directly linked as part of an integrated legislative reform.,7.0,3,['6927535991c09031efd0df39ec21591dd3bb460da14c01bc36d343f0078b726ed44d06a0c6bb518236ea61ed8c8b15365630cf185b8012e963898f2e117f7d8a']
ff337f7e-4657-428a-b4d7-d19e98663e83,400,ÖSTERREICHISCHE PHOTOVOLTAIK-STRATEGIE,PV-ANLAGEN,The PV strategy is developed to advance the installation and use of PV systems in Austria.,9.0,46,['6927535991c09031efd0df39ec21591dd3bb460da14c01bc36d343f0078b726ed44d06a0c6bb518236ea61ed8c8b15365630cf185b8012e963898f2e117f7d8a']
2a18a496-fc5c-4428-8edb-dab6d564cec6,401,WIEN,UNI KLAGENFURT,"Vienna is a central location for interdisciplinary energy-related education and research interfaces, despite the university being in Klagenfurt.",2.0,13,['6927535991c09031efd0df39ec21591dd3bb460da14c01bc36d343f0078b726ed44d06a0c6bb518236ea61ed8c8b15365630cf185b8012e963898f2e117f7d8a']
0afcef2f-001e-4b7c-b66d-0a3ccdb8228e,402,WIEN,WU WIEN,WU Wien is based in Vienna.,9.0,13,['6927535991c09031efd0df39ec21591dd3bb460da14c01bc36d343f0078b726ed44d06a0c6bb518236ea61ed8c8b15365630cf185b8012e963898f2e117f7d8a']
d9c0ee47-b427-4415-99c4-7aff243ba6f8,403,WIEN,ÖGUT,ÖGUT is headquartered in Vienna.,1.0,10,['6927535991c09031efd0df39ec21591dd3bb460da14c01bc36d343f0078b726ed44d06a0c6bb518236ea61ed8c8b15365630cf185b8012e963898f2e117f7d8a']
8e926bf0-2fe8-464a-a431-1286935723f5,404,"BUNDESMINISTERIUM FÜR KLIMASCHUTZ, UMWELT, ENERGIE, MOBILITÄT, INNOVATION UND TECHNOLOGIE","RADETZKYSTRASSE 2, 1030 WIEN",The Ministry is headquartered or located at this address in Vienna.,10.0,11,['7ae981575e185e2452d144d541d822b7725e27bc7dda501c9d8495719003ccb89584fe5e1ac83baa67ae4060497ae5e2536fae015a551dc8cdefa9b5aa17289b']
82d1a5db-4db4-4a29-b7ba-73ad1004cb75,405,UMWELTVERTRÄGLICHKEITSPRÜFUNG,ÖSTERREICHISCHE PHOTOVOLTAIK-STRATEGIE,Environmental impact assessments are a relevant regulatory process associated with the implementation of the Photovoltaic Strategy.,6.0,40,['7ae981575e185e2452d144d541d822b7725e27bc7dda501c9d8495719003ccb89584fe5e1ac83baa67ae4060497ae5e2536fae015a551dc8cdefa9b5aa17289b']
7e82baa0-357c-49a1-b326-14aaf135f4c9,406,TERAWATTSTUNDE,ÖSTERREICHISCHE PHOTOVOLTAIK-STRATEGIE,Terawatt-hour is likely a measurement related to goals or achievements described in the Austrian Photovoltaic Strategy.,7.0,40,['7ae981575e185e2452d144d541d822b7725e27bc7dda501c9d8495719003ccb89584fe5e1ac83baa67ae4060497ae5e2536fae015a551dc8cdefa9b5aa17289b']
d9a3ffe4-2670-4db9-b2f1-805a9a829424,407,"BUNDESMINISTERIUM FÜR KLIMASCHUTZ, UMWELT, ENERGIE, MOBILITÄT, INNOVATION UND TECHNOLOGIE",ÖSTERREICH,The Ministry is a federal ministry of Austria.,1.0,91,['7ae981575e185e2452d144d541d822b7725e27bc7dda501c9d8495719003ccb89584fe5e1ac83baa67ae4060497ae5e2536fae015a551dc8cdefa9b5aa17289b']
d9fa2dfc-2971-4996-8276-d88e7e8a9244,408,WIEN,"RADETZKYSTRASSE 2, 1030 WIEN","Radetzkystraße 2, 1030 Wien is an address located in Vienna (Wien).",10.0,10,['7ae981575e185e2452d144d541d822b7725e27bc7dda501c9d8495719003ccb89584fe5e1ac83baa67ae4060497ae5e2536fae015a551dc8cdefa9b5aa17289b']
d3232268-f4b5-4cd2-a3c7-426821f229c8,409,SERVICEBUERO@BMK.GV.AT,"BUNDESMINISTERIUM FÜR KLIMASCHUTZ, UMWELT, ENERGIE, MOBILITÄT, INNOVATION UND TECHNOLOGIE",servicebuero@bmk.gv.at is an official email for contacting the Ministry.,9.0,11,['7ae981575e185e2452d144d541d822b7725e27bc7dda501c9d8495719003ccb89584fe5e1ac83baa67ae4060497ae5e2536fae015a551dc8cdefa9b5aa17289b']
7bc56a0c-498d-4792-aed4-63b36448e0fa,410,BMK.GV.AT,"BUNDESMINISTERIUM FÜR KLIMASCHUTZ, UMWELT, ENERGIE, MOBILITÄT, INNOVATION UND TECHNOLOGIE",bmk.gv.at is the official website of the Ministry.,9.0,11,['7ae981575e185e2452d144d541d822b7725e27bc7dda501c9d8495719003ccb89584fe5e1ac83baa67ae4060497ae5e2536fae015a551dc8cdefa9b5aa17289b']
de3b9bb9-9c45-4476-8873-4f1d1d492eaa,411,BMK,BMK.GV.AT,BMK uses bmk.gv.at as its official website or web domain.,10.0,18,['7ae981575e185e2452d144d541d822b7725e27bc7dda501c9d8495719003ccb89584fe5e1ac83baa67ae4060497ae5e2536fae015a551dc8cdefa9b5aa17289b']
163f4474-cccd-44af-aa9b-30d7c7f7d92b,412,BMK,SERVICEBUERO@BMK.GV.AT,BMK uses servicebuero@bmk.gv.at as its official service office email contact.,10.0,18,['7ae981575e185e2452d144d541d822b7725e27bc7dda501c9d8495719003ccb89584fe5e1ac83baa67ae4060497ae5e2536fae015a551dc8cdefa9b5aa17289b']
e42bee06-0f22-4ba3-b8f5-35bf16353926,413,WIEN,ÖSTERREICH,Vienna (Wien) is the capital city of Austria (Österreich).,1.0,90,['7ae981575e185e2452d144d541d822b7725e27bc7dda501c9d8495719003ccb89584fe5e1ac83baa67ae4060497ae5e2536fae015a551dc8cdefa9b5aa17289b']
