human_readable_id,title,type,description,frequency,degree,text_unit_ids,suggested_schema_type,canonical_name,keep_in_controlled_kg,record_linkage_group,review_notes
0,ÖSTERREICH,GEOGRAPHIC_AREA,"Austria (ÖSTERREICH) is the national geographic and jurisdictional scope for all described laws, strategies, policies, regulations, metrics, targets, infrastructure, market measures, and cooperative actions concerning photovoltaic (PV) development, PV expansion, energy communities, digitalization, energy policy, research, renewable energy objectives, market participation, innovation, production, education measures, economic value creation, energy market, solar industry participation, reported PV market metrics, deployment potential, sectoral impacts, and energy and climate targets, including acceptance of PV installations, energy system transformation, increased energy sovereignty, and economic effects; Austria is the primary focus for the solar market and clean technology strategies at both national and European levels referenced throughout the source text.",16,52,"['d7219f76b31818b7b13bf08dda81003d752e53f7660831d5e201d105d2bc1fc19e8cc49ca6cd21e08570939d7fb3e87b45f0f5feb8575df195e7be8cbd3b6475'
 '50fb8f6506c2271985ee7ffe42523d2eb06abbd85be8ea5021ae2d36d260f6f63d177e59ca2da764eeaeb4a953c841282dbf214859a753f968cb6e6cb86e0c72'
 '50e06bf07ca2ce3a4e0dc0520305a36334e339dc022e32de2a78b62769102078202b01514330a1c4939e30fdb8f4d3884f790c7814b2e95e9bdb0894b3323a4e'
 'e498566a78d36b3ce13304157993b9b4269045840f1d63663ab07328cc5c6a9ebc15f47c9ae340cbebf706bc8faebd35ccc4f11ae0aa4cb9a223345224329757'
 'f9e54ba797ff2b80a5f0e5f24e3901236ac4130e4e84d01615e67bc810b290cd5ac7c08f71a782797073050d512eda2695c3659569deba0d4bd5c3ab6195784a'
 '06c273ec9919eb4693462fdacebd50536ccdcf47bacc47b2b30c8a69005636b654b4919dc579696a4a7abbde4a00511a66f0c0be040f4ffc907fc316bee009dc'
 '23663988970639bea940978ccbd9150fd292856f2f31a1d587392606a64713d5dfeade66f1beea67d1cc0b0e93012337685e0eca3267f98c1695a466657a8b24'
 '41bd25afdc1cce74b36dd6db5e44e91354172fda16475ab6a3f6cf99bddc720aa91cb56b5ea1b1c4774c8c97017d6bb03c52ba2676d7cfaab1c73fed8ab82912'
 '6a1a5132f360531b1174e0eac2b2c5b6ece3b0771a8037231306baf0af8e8ca23de435f581fc62d6794cab81a5dadf3235b66eda56c331a0043621c688fbe302'
 '2d9fdebd364caf6ea226dc0ee6624e0c2d54fc65848a9cd18f9b868675333d5be302c20a6cbb1b4f9503e536f5051a60a8783cd3657ab2cf1f9daf65be366c76'
 '4d221520fe7090409cfa9cda598db30683356c340ab3584a063ffe92486f2fe7225fc056f8b997f085ff0c0f7475828879fa678b7b1709148cb03584b292dab0'
 '7a01190bcf30936758d004f89d7553c62632e91427f92e6420a9e453f2c5d92ab18ae9e62c46bc28aeb398621b28cfd3af89bf2317c887a5eec276b5b7a51052'
 '9ce049a98570c6bf53cf9e547168db075af2795fa519422bd27a2c9aa5b490c4b26aef25883802c4d8eb6e4dcb09c866e7d31677352f7beb6c4f9fcbbcc75e9b'
 'dafd7f2f39e49c87969ec1360e9fae0af9de6f290655205c8c120dd24dcc85da04f0536237f7f9529d31deed892d5abae3b8f58fb66ae9e497327f23b1e6b750'
 '05802f69e17001a506260c74ca400f6a1368fbf0132720e670d13ffd39c31d615ca94e0ffc071332bd317faa48542bde7970720b9f035d496136fc5d6bbb8ca5'
 '6927535991c09031efd0df39ec21591dd3bb460da14c01bc36d343f0078b726ed44d06a0c6bb518236ea61ed8c8b15365630cf185b8012e963898f2e117f7d8a']",,,,,
1,"BUNDESMINISTERIUM FÜR KLIMASCHUTZ, UMWELT, ENERGIE, MOBILITÄT, INNOVATION UND TECHNOLOGIE (BMK)",ORGANIZATION,"The BUNDESMINISTERIUM FÜR KLIMASCHUTZ, UMWELT, ENERGIE, MOBILITÄT, INNOVATION UND TECHNOLOGIE (BMK), also known in English as the Austrian Federal Ministry for Climate Action, Environment, Energy, Mobility, Innovation and Technology, is responsible for climate, environmental, and energy policy, and is referenced as the publisher or commissioner of several policy documents and statistical market reports, including serving as the publisher and initiator of the Austrian Photovoltaic Strategy.",2,6,"['d7219f76b31818b7b13bf08dda81003d752e53f7660831d5e201d105d2bc1fc19e8cc49ca6cd21e08570939d7fb3e87b45f0f5feb8575df195e7be8cbd3b6475'
 '6927535991c09031efd0df39ec21591dd3bb460da14c01bc36d343f0078b726ed44d06a0c6bb518236ea61ed8c8b15365630cf185b8012e963898f2e117f7d8a']",,,,,
2,LEONORE GEWESSLER,STAKEHOLDER,"Leonore Gewessler is identified as the Austrian Federal Minister responsible for BMK, a relevant policy stakeholder in the Austrian photovoltaic strategy process.",1,1,['d7219f76b31818b7b13bf08dda81003d752e53f7660831d5e201d105d2bc1fc19e8cc49ca6cd21e08570939d7fb3e87b45f0f5feb8575df195e7be8cbd3b6475'],,,,,
3,PHOTOVOLTAIK,TECHNOLOGY,"Photovoltaik (photovoltaics) is a renewable electricity generation technology and the core technology for decentralized power generation in Austria, identified as a key and essential pillar for the country’s electricity supply, decarbonization goals, and the achievement of energy and climate neutrality targets. Photovoltaics is central to Austria’s energy transformation and energy transition, with increasing shares in electricity supply and a pivotal role in achieving national and EU climate objectives. The technology is the main focus of expansion targets, regulatory measures, quality assurance, and market support, with current and future deployment metrics and policy targets discussed for Austria. Photovoltaics is referenced throughout relevant documents as a major component in renewable energy generation, grid integration, and strategic energy objectives for Austria.",11,85,"['d7219f76b31818b7b13bf08dda81003d752e53f7660831d5e201d105d2bc1fc19e8cc49ca6cd21e08570939d7fb3e87b45f0f5feb8575df195e7be8cbd3b6475'
 '50fb8f6506c2271985ee7ffe42523d2eb06abbd85be8ea5021ae2d36d260f6f63d177e59ca2da764eeaeb4a953c841282dbf214859a753f968cb6e6cb86e0c72'
 '50e06bf07ca2ce3a4e0dc0520305a36334e339dc022e32de2a78b62769102078202b01514330a1c4939e30fdb8f4d3884f790c7814b2e95e9bdb0894b3323a4e'
 'f9e54ba797ff2b80a5f0e5f24e3901236ac4130e4e84d01615e67bc810b290cd5ac7c08f71a782797073050d512eda2695c3659569deba0d4bd5c3ab6195784a'
 '06c273ec9919eb4693462fdacebd50536ccdcf47bacc47b2b30c8a69005636b654b4919dc579696a4a7abbde4a00511a66f0c0be040f4ffc907fc316bee009dc'
 '41bd25afdc1cce74b36dd6db5e44e91354172fda16475ab6a3f6cf99bddc720aa91cb56b5ea1b1c4774c8c97017d6bb03c52ba2676d7cfaab1c73fed8ab82912'
 '6a1a5132f360531b1174e0eac2b2c5b6ece3b0771a8037231306baf0af8e8ca23de435f581fc62d6794cab81a5dadf3235b66eda56c331a0043621c688fbe302'
 '2d9fdebd364caf6ea226dc0ee6624e0c2d54fc65848a9cd18f9b868675333d5be302c20a6cbb1b4f9503e536f5051a60a8783cd3657ab2cf1f9daf65be366c76'
 'dafd7f2f39e49c87969ec1360e9fae0af9de6f290655205c8c120dd24dcc85da04f0536237f7f9529d31deed892d5abae3b8f58fb66ae9e497327f23b1e6b750'
 '05802f69e17001a506260c74ca400f6a1368fbf0132720e670d13ffd39c31d615ca94e0ffc071332bd317faa48542bde7970720b9f035d496136fc5d6bbb8ca5'
 '6927535991c09031efd0df39ec21591dd3bb460da14c01bc36d343f0078b726ed44d06a0c6bb518236ea61ed8c8b15365630cf185b8012e963898f2e117f7d8a']",,,,,
4,PHOTOVOLTAIK-ANLAGE,TECHNOLOGY,Photovoltaic systems are installations used to generate electricity from solar energy; they are described as economically significant for affordable electricity in Austria.,1,2,['d7219f76b31818b7b13bf08dda81003d752e53f7660831d5e201d105d2bc1fc19e8cc49ca6cd21e08570939d7fb3e87b45f0f5feb8575df195e7be8cbd3b6475'],,,,,
5,ERNEUERBARE ENERGIEN,TECHNOLOGY,"Renewable energies (plural) are the set of energy carriers Austria aims to use to fully cover national electricity demand by 2030, as stated in the EAG objective.",1,1,['d7219f76b31818b7b13bf08dda81003d752e53f7660831d5e201d105d2bc1fc19e8cc49ca6cd21e08570939d7fb3e87b45f0f5feb8575df195e7be8cbd3b6475'],,,,,
6,ÖSTERREICHISCHE PHOTOVOLTAIK-STRATEGIE,POLICY,"The ""ÖSTERREICHISCHE PHOTOVOLTAIK-STRATEGIE"" (Austrian Photovoltaic Strategy) is a strategy policy for Austria that provides a framework for the expansion, market development, innovation, and social acceptance of photovoltaic (PV) technologies. It outlines framework conditions, targets, objectives, vision, measures, and strategic action fields for coordinated national PV expansion, and includes guidelines and directives for the optimal planning and support of technical, economic, regulatory, and social aspects of PV expansion. The strategy is described as a detailed planning document and a ""living"" document, intended to be adapted to changing developments, and is relevant to supporting national research, workforce development, and sector-wide strategic PV expansion up to 2040. Its implementation status is described as in force or ongoing in some sources, and as planned/issued or unknown in others.",10,45,"['d7219f76b31818b7b13bf08dda81003d752e53f7660831d5e201d105d2bc1fc19e8cc49ca6cd21e08570939d7fb3e87b45f0f5feb8575df195e7be8cbd3b6475'
 '50e06bf07ca2ce3a4e0dc0520305a36334e339dc022e32de2a78b62769102078202b01514330a1c4939e30fdb8f4d3884f790c7814b2e95e9bdb0894b3323a4e'
 'f9e54ba797ff2b80a5f0e5f24e3901236ac4130e4e84d01615e67bc810b290cd5ac7c08f71a782797073050d512eda2695c3659569deba0d4bd5c3ab6195784a'
 '06c273ec9919eb4693462fdacebd50536ccdcf47bacc47b2b30c8a69005636b654b4919dc579696a4a7abbde4a00511a66f0c0be040f4ffc907fc316bee009dc'
 '4d221520fe7090409cfa9cda598db30683356c340ab3584a063ffe92486f2fe7225fc056f8b997f085ff0c0f7475828879fa678b7b1709148cb03584b292dab0'
 '9ce049a98570c6bf53cf9e547168db075af2795fa519422bd27a2c9aa5b490c4b26aef25883802c4d8eb6e4dcb09c866e7d31677352f7beb6c4f9fcbbcc75e9b'
 'dafd7f2f39e49c87969ec1360e9fae0af9de6f290655205c8c120dd24dcc85da04f0536237f7f9529d31deed892d5abae3b8f58fb66ae9e497327f23b1e6b750'
 '05802f69e17001a506260c74ca400f6a1368fbf0132720e670d13ffd39c31d615ca94e0ffc071332bd317faa48542bde7970720b9f035d496136fc5d6bbb8ca5'
 '6927535991c09031efd0df39ec21591dd3bb460da14c01bc36d343f0078b726ed44d06a0c6bb518236ea61ed8c8b15365630cf185b8012e963898f2e117f7d8a'
 '7ae981575e185e2452d144d541d822b7725e27bc7dda501c9d8495719003ccb89584fe5e1ac83baa67ae4060497ae5e2536fae015a551dc8cdefa9b5aa17289b']",,,,,
7,KLIMANEUTRALITÄT IN ÖSTERREICH BIS 2040,TARGET,"KLIMANEUTRALITÄT IN ÖSTERREICH BIS 2040 is an official target for Austria to achieve climate neutrality at the national level by 2040, with no specific unit or target value stated in the supplied descriptions.",2,4,"['d7219f76b31818b7b13bf08dda81003d752e53f7660831d5e201d105d2bc1fc19e8cc49ca6cd21e08570939d7fb3e87b45f0f5feb8575df195e7be8cbd3b6475'
 '50fb8f6506c2271985ee7ffe42523d2eb06abbd85be8ea5021ae2d36d260f6f63d177e59ca2da764eeaeb4a953c841282dbf214859a753f968cb6e6cb86e0c72']",,,,,
8,100% BILANZIELL ERNEUERBARER STROMVERBRAUCH BIS 2030,TARGET,Target: nationally balanced renewable electricity consumption in Austria; Target value: 100; Unit: percent; Deadline: 2030; Geographic scope: Austria; Status: official; Source meaning: Austria plans to cover all national electricity consumption on a nationally balanced basis using renewable energy by 2030.,1,5,['d7219f76b31818b7b13bf08dda81003d752e53f7660831d5e201d105d2bc1fc19e8cc49ca6cd21e08570939d7fb3e87b45f0f5feb8575df195e7be8cbd3b6475'],,,,,
9,PHOTOVOLTAIK-AUSBAUPOTENZIAL — 41 TWH BIS 2040,TARGET,Target: photovoltaic expansion potential; Target value: 41; Unit: TWh; Deadline: 2040; Geographic scope: Austria; Status: scenario/estimated potential; Source meaning: the ÖNIP identifies a PV expansion potential of 41 TWh in Austria by 2040.,1,2,['d7219f76b31818b7b13bf08dda81003d752e53f7660831d5e201d105d2bc1fc19e8cc49ca6cd21e08570939d7fb3e87b45f0f5feb8575df195e7be8cbd3b6475'],,,,,
10,ERNEUERBAREN-AUSBAU-GESETZ (EAG),POLICY,"The Erneuerbaren-Ausbau-Gesetz (EAG), also known as the Renewable Expansion Act, is a law in force in Austria that serves as the legislative basis for renewable-energy expansion in the country. The EAG introduces a fundamentally modernised and market-oriented support system for renewable electricity installations, aiming to establish a long-term stable investment climate. It sets the framework for photovoltaic (PV) expansion, including provisions such as the market premium (Marktprämie) as a major financial support measure for PV deployment and investment grants for Agri-PV under certain agricultural-use conditions. The EAG also sets Austria's nationally balanced renewable electricity target for 2030.",5,10,"['d7219f76b31818b7b13bf08dda81003d752e53f7660831d5e201d105d2bc1fc19e8cc49ca6cd21e08570939d7fb3e87b45f0f5feb8575df195e7be8cbd3b6475'
 '50fb8f6506c2271985ee7ffe42523d2eb06abbd85be8ea5021ae2d36d260f6f63d177e59ca2da764eeaeb4a953c841282dbf214859a753f968cb6e6cb86e0c72'
 'f9e54ba797ff2b80a5f0e5f24e3901236ac4130e4e84d01615e67bc810b290cd5ac7c08f71a782797073050d512eda2695c3659569deba0d4bd5c3ab6195784a'
 '2d9fdebd364caf6ea226dc0ee6624e0c2d54fc65848a9cd18f9b868675333d5be302c20a6cbb1b4f9503e536f5051a60a8783cd3657ab2cf1f9daf65be366c76'
 '6927535991c09031efd0df39ec21591dd3bb460da14c01bc36d343f0078b726ed44d06a0c6bb518236ea61ed8c8b15365630cf185b8012e963898f2e117f7d8a']",,,,,
11,INTEGRIERTER ÖSTERREICHISCHER NETZINFRASTRUKTURPLAN (ÖNIP),POLICY,Policy type: plan; Jurisdiction: Austria; Status: adopted/implemented; Source meaning: the Integrated Austrian Network Infrastructure Plan (ÖNIP) determines Austria’s photovoltaic expansion potential to 2040.,1,1,['d7219f76b31818b7b13bf08dda81003d752e53f7660831d5e201d105d2bc1fc19e8cc49ca6cd21e08570939d7fb3e87b45f0f5feb8575df195e7be8cbd3b6475'],,,,,
12,"JÄHRLICHER PV-ZUBAU — 1 GW (ÖSTERREICH, 2022)",MARKET_METRIC,"Metric: annual PV capacity expansion; Value: 1; Unit: GW; Reference year: 2022; Geographic scope: Austria; Approximate: yes; Source meaning: for the first time, Austria exceeded 1 GW of newly installed PV capacity in 2022.",1,2,['d7219f76b31818b7b13bf08dda81003d752e53f7660831d5e201d105d2bc1fc19e8cc49ca6cd21e08570939d7fb3e87b45f0f5feb8575df195e7be8cbd3b6475'],,,,,
13,"JÄHRLICHER PV-ZUBAU — 2,5 GW (ÖSTERREICH, 2023)",MARKET_METRIC,"Metric: annual PV capacity expansion; Value: 2.5; Unit: GW; Reference year: 2023; Geographic scope: Austria; Approximate: yes; Source meaning: approximately 2.5 GW of new photovoltaic capacity was added in Austria in 2023, more than doubling the 2022 figure.",1,2,['d7219f76b31818b7b13bf08dda81003d752e53f7660831d5e201d105d2bc1fc19e8cc49ca6cd21e08570939d7fb3e87b45f0f5feb8575df195e7be8cbd3b6475'],,,,,
14,ENERGIESYSTEM,INFRASTRUCTURE,"The energy system is composed of the provision, distribution, storage, and use of energy in Austria, highlighted as central to the national energy transition.",1,0,['d7219f76b31818b7b13bf08dda81003d752e53f7660831d5e201d105d2bc1fc19e8cc49ca6cd21e08570939d7fb3e87b45f0f5feb8575df195e7be8cbd3b6475'],,,,,
15,STROMVERSORGUNG,INFRASTRUCTURE,"STROMVERSORGUNG refers to the national electricity supply system in Austria, which is highlighted as a key area for renewable and photovoltaic development, and whose transformation and decarbonization are central topics in the country's strategy and policy discussions.",2,1,"['d7219f76b31818b7b13bf08dda81003d752e53f7660831d5e201d105d2bc1fc19e8cc49ca6cd21e08570939d7fb3e87b45f0f5feb8575df195e7be8cbd3b6475'
 '50e06bf07ca2ce3a4e0dc0520305a36334e339dc022e32de2a78b62769102078202b01514330a1c4939e30fdb8f4d3884f790c7814b2e95e9bdb0894b3323a4e']",,,,,
16,ENERGIE- UND MOBILITÄTSSYSTEM,INFRASTRUCTURE,"The energy and mobility system refers to Austria’s integrated infrastructure for energy and transport, stated as needing transformation for national climate and PV goals.",1,1,['d7219f76b31818b7b13bf08dda81003d752e53f7660831d5e201d105d2bc1fc19e8cc49ca6cd21e08570939d7fb3e87b45f0f5feb8575df195e7be8cbd3b6475'],,,,,
17,BETRIEBE UND UNTERNEHMEN,STAKEHOLDER,Businesses and enterprises in Austria are identified as major actors benefiting from and contributing to photovoltaic expansion and the energy transition.,1,1,['d7219f76b31818b7b13bf08dda81003d752e53f7660831d5e201d105d2bc1fc19e8cc49ca6cd21e08570939d7fb3e87b45f0f5feb8575df195e7be8cbd3b6475'],,,,,
18,BÜRGER:INNEN,STAKEHOLDER,"BÜRGER:INNEN refers to Austrian citizens identified as participants and direct beneficiaries in Austria’s energy transition, particularly in the expansion of photovoltaics (PV). They are intended to take part in new market models such as energy communities and are recognized as stakeholders whose participation is facilitated by digitalization, smart energy management, and reduced barriers to active involvement. The described vision for 2040 includes citizens becoming active customers and market participants in the electricity market, with their engagement especially targeted through the development and local generation of PV.",5,5,"['d7219f76b31818b7b13bf08dda81003d752e53f7660831d5e201d105d2bc1fc19e8cc49ca6cd21e08570939d7fb3e87b45f0f5feb8575df195e7be8cbd3b6475'
 '50e06bf07ca2ce3a4e0dc0520305a36334e339dc022e32de2a78b62769102078202b01514330a1c4939e30fdb8f4d3884f790c7814b2e95e9bdb0894b3323a4e'
 '06c273ec9919eb4693462fdacebd50536ccdcf47bacc47b2b30c8a69005636b654b4919dc579696a4a7abbde4a00511a66f0c0be040f4ffc907fc316bee009dc'
 'dafd7f2f39e49c87969ec1360e9fae0af9de6f290655205c8c120dd24dcc85da04f0536237f7f9529d31deed892d5abae3b8f58fb66ae9e497327f23b1e6b750'
 '05802f69e17001a506260c74ca400f6a1368fbf0132720e670d13ffd39c31d615ca94e0ffc071332bd317faa48542bde7970720b9f035d496136fc5d6bbb8ca5']",,,,,
19,RAHMENBEDINGUNGEN FÜR DEN PV-AUSBAU,CONSTRAINT,"Framework conditions for PV expansion encompass the legal, regulatory, and practical environment required for successful and broadly beneficial photovoltaic deployment in Austria.",1,2,['d7219f76b31818b7b13bf08dda81003d752e53f7660831d5e201d105d2bc1fc19e8cc49ca6cd21e08570939d7fb3e87b45f0f5feb8575df195e7be8cbd3b6475'],,,,,
20,ZIELSETZUNGEN FÜR DEN PV-AUSBAU,TARGET,Target: objectives for PV expansion; Target value: unspecified; Unit: n/a; Deadline: unspecified; Geographic scope: Austria; Status: planned/official; Source meaning: the explicit goals set for expanding photovoltaic capacity as part of national energy and climate policy.,1,1,['d7219f76b31818b7b13bf08dda81003d752e53f7660831d5e201d105d2bc1fc19e8cc49ca6cd21e08570939d7fb3e87b45f0f5feb8575df195e7be8cbd3b6475'],,,,,
21,MASSNAHMEN FÜR DEN PV-AUSBAU,POLICY,Policy type: measures/action fields; Jurisdiction: Austria; Status: planned/ongoing; Source meaning: specific measures identified as necessary to coordinate and maximize the benefit of national PV expansion.,1,2,['d7219f76b31818b7b13bf08dda81003d752e53f7660831d5e201d105d2bc1fc19e8cc49ca6cd21e08570939d7fb3e87b45f0f5feb8575df195e7be8cbd3b6475'],,,,,
22,EIGENE PARTIZIPATION DER POPULATION AN DER ENERGIEWENDE,STAKEHOLDER,"Citizens taking an active role in the energy transition, described as increasingly being part of Austria’s Energiewende.",1,1,['d7219f76b31818b7b13bf08dda81003d752e53f7660831d5e201d105d2bc1fc19e8cc49ca6cd21e08570939d7fb3e87b45f0f5feb8575df195e7be8cbd3b6475'],,,,,
23,NACHHALTIGE UND GÜNSTIGE STROMVERSORGUNG,TARGET,Target: sustainable and affordable electricity supply; Target value: unspecified; Unit: n/a; Deadline: unspecified; Geographic scope: Austria; Status: official/aspirational; Source meaning: the aim to provide a power supply that is both sustainable and economically accessible in Austria.,1,1,['d7219f76b31818b7b13bf08dda81003d752e53f7660831d5e201d105d2bc1fc19e8cc49ca6cd21e08570939d7fb3e87b45f0f5feb8575df195e7be8cbd3b6475'],,,,,
24,ENERGIEUNABHÄNGIGKEIT ÖSTERREICHS,TARGET,Target: Austria’s energy independence; Target value: unspecified; Unit: n/a; Deadline: unspecified; Geographic scope: Austria; Status: official/aspirational; Source meaning: intended as a key benefit/outcome of expanding renewable energy in Austria.,1,1,['d7219f76b31818b7b13bf08dda81003d752e53f7660831d5e201d105d2bc1fc19e8cc49ca6cd21e08570939d7fb3e87b45f0f5feb8575df195e7be8cbd3b6475'],,,,,
25,ARBEITSPLÄTZE DURCH PHOTOVOLTAIK,TARGET,Target: jobs created by photovoltaics; Target value: unspecified; Unit: n/a; Deadline: unspecified; Geographic scope: Austria; Status: scenario/aspirational; Source meaning: increasing employment and domestic value creation as a result of PV expansion.,1,1,['d7219f76b31818b7b13bf08dda81003d752e53f7660831d5e201d105d2bc1fc19e8cc49ca6cd21e08570939d7fb3e87b45f0f5feb8575df195e7be8cbd3b6475'],,,,,
26,HOHE AKZEPTANZ DER PHOTOVOLTAIK,TARGET,"Target: high acceptance of photovoltaics; Target value: unspecified; Unit: n/a; Deadline: unspecified; Geographic scope: Austria; Status: official/aspirational; Source meaning: broad societal and stakeholder support, highlighted as a condition/goal in the PV vision.",1,1,['d7219f76b31818b7b13bf08dda81003d752e53f7660831d5e201d105d2bc1fc19e8cc49ca6cd21e08570939d7fb3e87b45f0f5feb8575df195e7be8cbd3b6475'],,,,,
27,INNOVATIVE BEITRÄGE DER PHOTOVOLTAIK ZUM ENERGIESYSTEMUMBAU,TARGET,Target: innovative contribution of photovoltaics to energy system transformation; Target value: unspecified; Unit: n/a; Deadline: unspecified; Geographic scope: Austria; Status: aspirational; Source meaning: the vision of PV playing new roles in reshaping the national energy landscape.,1,1,['d7219f76b31818b7b13bf08dda81003d752e53f7660831d5e201d105d2bc1fc19e8cc49ca6cd21e08570939d7fb3e87b45f0f5feb8575df195e7be8cbd3b6475'],,,,,
28,WIRTSCHAFTLICHER BETRIEB VON PHOTOVOLTAIK-ANLAGEN,TARGET,Target: economical operation of photovoltaic installations; Target value: unspecified; Unit: n/a; Deadline: unspecified; Geographic scope: Austria; Status: official/aspirational; Source meaning: goal for PV installations to efficiently enable affordable electricity—as part of strategic objectives.,1,1,['d7219f76b31818b7b13bf08dda81003d752e53f7660831d5e201d105d2bc1fc19e8cc49ca6cd21e08570939d7fb3e87b45f0f5feb8575df195e7be8cbd3b6475'],,,,,
29,PARTIZIPATION DER BÜRGER:INNEN,TARGET,Target: participation of citizens; Target value: unspecified; Unit: n/a; Deadline: unspecified; Geographic scope: Austria; Status: official/aspirational; Source meaning: participation of the population as a target in the PV strategy.,1,1,['d7219f76b31818b7b13bf08dda81003d752e53f7660831d5e201d105d2bc1fc19e8cc49ca6cd21e08570939d7fb3e87b45f0f5feb8575df195e7be8cbd3b6475'],,,,,
30,HOHE HEIMISCHE WERTSCHÖPFUNG DURCH PHOTOVOLTAIK,TARGET,Target: high domestic value creation from photovoltaics; Target value: unspecified; Unit: n/a; Deadline: unspecified; Geographic scope: Austria; Status: scenario/aspirational; Source meaning: national economic benefit from PV expansion is envisioned as a direct target in the strategy.,1,1,['d7219f76b31818b7b13bf08dda81003d752e53f7660831d5e201d105d2bc1fc19e8cc49ca6cd21e08570939d7fb3e87b45f0f5feb8575df195e7be8cbd3b6475'],,,,,
31,PHOTOVOLTAIK-STRATEGIE,POLICY,Policy type: strategy; Jurisdiction: Austria; Status: present in this document; Source meaning: the strategy defines action areas and measures needed for successful Austrian PV-market transformation and achievement of energy and climate targets.,1,21,['50fb8f6506c2271985ee7ffe42523d2eb06abbd85be8ea5021ae2d36d260f6f63d177e59ca2da764eeaeb4a953c841282dbf214859a753f968cb6e6cb86e0c72'],,,,,
32,KLIMA- UND ENERGIEFONDS,ORGANIZATION,"The KLIMA- UND ENERGIEFONDS (Climate and Energy Fund) is an Austrian organization responsible for supporting energy communities and innovation in the solar sector through targeted funding initiatives, including programmes for storage initiatives and flagship photovoltaic (PV) projects. It commissions studies and market analysis for PV deployment, is referenced as a co-provider of PV expansion funding in 2023 under the EAG, and was responsible for launching the subsidy programme for large storage in 2023.",5,8,"['50fb8f6506c2271985ee7ffe42523d2eb06abbd85be8ea5021ae2d36d260f6f63d177e59ca2da764eeaeb4a953c841282dbf214859a753f968cb6e6cb86e0c72'
 '6a1a5132f360531b1174e0eac2b2c5b6ece3b0771a8037231306baf0af8e8ca23de435f581fc62d6794cab81a5dadf3235b66eda56c331a0043621c688fbe302'
 '2d9fdebd364caf6ea226dc0ee6624e0c2d54fc65848a9cd18f9b868675333d5be302c20a6cbb1b4f9503e536f5051a60a8783cd3657ab2cf1f9daf65be366c76'
 'dafd7f2f39e49c87969ec1360e9fae0af9de6f290655205c8c120dd24dcc85da04f0536237f7f9529d31deed892d5abae3b8f58fb66ae9e497327f23b1e6b750'
 '6927535991c09031efd0df39ec21591dd3bb460da14c01bc36d343f0078b726ed44d06a0c6bb518236ea61ed8c8b15365630cf185b8012e963898f2e117f7d8a']",,,,,
33,BMK,ORGANIZATION,"BMK (Austrian Federal Ministry for Climate Action, Environment, Energy, Mobility, Innovation and Technology) is a government body credited with providing additional financial resources and significantly increasing financial resources to support Austria's energy and transport system transformation, and is involved in organizing stakeholder rounds and implementation measures for renewable connection processes.",3,3,"['50fb8f6506c2271985ee7ffe42523d2eb06abbd85be8ea5021ae2d36d260f6f63d177e59ca2da764eeaeb4a953c841282dbf214859a753f968cb6e6cb86e0c72'
 '50e06bf07ca2ce3a4e0dc0520305a36334e339dc022e32de2a78b62769102078202b01514330a1c4939e30fdb8f4d3884f790c7814b2e95e9bdb0894b3323a4e'
 '41bd25afdc1cce74b36dd6db5e44e91354172fda16475ab6a3f6cf99bddc720aa91cb56b5ea1b1c4774c8c97017d6bb03c52ba2676d7cfaab1c73fed8ab82912']",,,,,
34,E-CONTROL,ORGANIZATION,"E-CONTROL, also referred to as E-Control, is the Austrian energy regulatory authority identified as the publisher or responsible party for the Aktionsplan Netzanschluss (July 2023), as well as for studies on flexibility, action plans for grid connection, and contributions to network development and system integration. E-Control is named as a key actor necessary for implementing photovoltaic (PV) expansion measures, planning and operating the electricity grid, and fulfilling other relevant roles in the Austrian PV transformation, particularly regarding grid connection and operation of renewable installations.",5,8,"['50fb8f6506c2271985ee7ffe42523d2eb06abbd85be8ea5021ae2d36d260f6f63d177e59ca2da764eeaeb4a953c841282dbf214859a753f968cb6e6cb86e0c72'
 '50e06bf07ca2ce3a4e0dc0520305a36334e339dc022e32de2a78b62769102078202b01514330a1c4939e30fdb8f4d3884f790c7814b2e95e9bdb0894b3323a4e'
 '41bd25afdc1cce74b36dd6db5e44e91354172fda16475ab6a3f6cf99bddc720aa91cb56b5ea1b1c4774c8c97017d6bb03c52ba2676d7cfaab1c73fed8ab82912'
 '6a1a5132f360531b1174e0eac2b2c5b6ece3b0771a8037231306baf0af8e8ca23de435f581fc62d6794cab81a5dadf3235b66eda56c331a0043621c688fbe302'
 '2d9fdebd364caf6ea226dc0ee6624e0c2d54fc65848a9cd18f9b868675333d5be302c20a6cbb1b4f9503e536f5051a60a8783cd3657ab2cf1f9daf65be366c76']",,,,,
35,WISSENSCHAFT,STAKEHOLDER,"WISSENSCHAFT, referring to science, the research community, or scientific actors, is described as a significant participant required for the successful coordination and implementation of photovoltaic-related measures and is referenced as a significant actor in the Austrian PV and energy system transformation process.",2,2,"['50fb8f6506c2271985ee7ffe42523d2eb06abbd85be8ea5021ae2d36d260f6f63d177e59ca2da764eeaeb4a953c841282dbf214859a753f968cb6e6cb86e0c72'
 '50e06bf07ca2ce3a4e0dc0520305a36334e339dc022e32de2a78b62769102078202b01514330a1c4939e30fdb8f4d3884f790c7814b2e95e9bdb0894b3323a4e']",,,,,
36,WIRTSCHAFT,STAKEHOLDER,"WIRTSCHAFT refers to the business sector or economic actors, identified as key stakeholders participating in the development of the photovoltaic (PV) industry, workforce initiatives, and Austria’s PV transformation process, and is named as a principal group necessary for successful policy implementation and transformation.",3,3,"['50fb8f6506c2271985ee7ffe42523d2eb06abbd85be8ea5021ae2d36d260f6f63d177e59ca2da764eeaeb4a953c841282dbf214859a753f968cb6e6cb86e0c72'
 '50e06bf07ca2ce3a4e0dc0520305a36334e339dc022e32de2a78b62769102078202b01514330a1c4939e30fdb8f4d3884f790c7814b2e95e9bdb0894b3323a4e'
 '9ce049a98570c6bf53cf9e547168db075af2795fa519422bd27a2c9aa5b490c4b26aef25883802c4d8eb6e4dcb09c866e7d31677352f7beb6c4f9fcbbcc75e9b']",,,,,
37,INTERESSEN­SVERTRETUNGEN,STAKEHOLDER,"Stakeholder category representing associations or organizations advocating for interests in grid expansion, operation, and standardisation.",1,1,['50fb8f6506c2271985ee7ffe42523d2eb06abbd85be8ea5021ae2d36d260f6f63d177e59ca2da764eeaeb4a953c841282dbf214859a753f968cb6e6cb86e0c72'],,,,,
38,BÜRGERINNEN UND BÜRGER,STAKEHOLDER,Austrian citizens are mentioned as beneficiaries and active participants in the transformation to climate neutrality and in PV market development.,1,2,['50fb8f6506c2271985ee7ffe42523d2eb06abbd85be8ea5021ae2d36d260f6f63d177e59ca2da764eeaeb4a953c841282dbf214859a753f968cb6e6cb86e0c72'],,,,,
39,UNTERNEHMEN,STAKEHOLDER,"UNTERNEHMEN refers to businesses or companies in Austria that use photovoltaic (PV) systems and/or smart energy management solutions, are key stakeholders targeted by the strategic regulatory framework to incentivize PV installation, benefit from and help shape Austria's PV expansion and transformation, utilize smart local energy management and storage to optimize generation and consumption peaks and increase self-consumption, and whose participation in the energy transition is supported through digitalization and energy-management solutions.",5,5,"['50fb8f6506c2271985ee7ffe42523d2eb06abbd85be8ea5021ae2d36d260f6f63d177e59ca2da764eeaeb4a953c841282dbf214859a753f968cb6e6cb86e0c72'
 'f9e54ba797ff2b80a5f0e5f24e3901236ac4130e4e84d01615e67bc810b290cd5ac7c08f71a782797073050d512eda2695c3659569deba0d4bd5c3ab6195784a'
 '06c273ec9919eb4693462fdacebd50536ccdcf47bacc47b2b30c8a69005636b654b4919dc579696a4a7abbde4a00511a66f0c0be040f4ffc907fc316bee009dc'
 '6a1a5132f360531b1174e0eac2b2c5b6ece3b0771a8037231306baf0af8e8ca23de435f581fc62d6794cab81a5dadf3235b66eda56c331a0043621c688fbe302'
 '05802f69e17001a506260c74ca400f6a1368fbf0132720e670d13ffd39c31d615ca94e0ffc071332bd317faa48542bde7970720b9f035d496136fc5d6bbb8ca5']",,,,,
40,ÖFFENTLICHE STROMNETZE,INFRASTRUCTURE,Public electricity grids in Austria are cited among the infrastructure elements crucial to the success of PV integration and energy system transformation.,1,1,['50fb8f6506c2271985ee7ffe42523d2eb06abbd85be8ea5021ae2d36d260f6f63d177e59ca2da764eeaeb4a953c841282dbf214859a753f968cb6e6cb86e0c72'],,,,,
41,ENERGIEINFRASTRUKTUR,INFRASTRUCTURE,Wider energy infrastructure in Austria is specified as relevant for PV system development and integration.,1,2,['50fb8f6506c2271985ee7ffe42523d2eb06abbd85be8ea5021ae2d36d260f6f63d177e59ca2da764eeaeb4a953c841282dbf214859a753f968cb6e6cb86e0c72'],,,,,
42,PV-ANLAGEN,TECHNOLOGY,"PV-ANLAGEN (photovoltaic installations or PV systems) are identified as the installation type whose technical, economic, and systemic development is a major focus of the Austrian PV strategy, and include small and medium-sized systems that are subject to various funding and incentive schemes; by 2040, PV systems, especially in buildings and infrastructure, are stated to have become the standard for energy generation in new and fundamentally renovated buildings.",3,5,"['50fb8f6506c2271985ee7ffe42523d2eb06abbd85be8ea5021ae2d36d260f6f63d177e59ca2da764eeaeb4a953c841282dbf214859a753f968cb6e6cb86e0c72'
 '50e06bf07ca2ce3a4e0dc0520305a36334e339dc022e32de2a78b62769102078202b01514330a1c4939e30fdb8f4d3884f790c7814b2e95e9bdb0894b3323a4e'
 'dafd7f2f39e49c87969ec1360e9fae0af9de6f290655205c8c120dd24dcc85da04f0536237f7f9529d31deed892d5abae3b8f58fb66ae9e497327f23b1e6b750']",,,,,
43,EU-ERNEUERBAREN-RICHTLINIE (RED III),POLICY,"Policy type: directive; Jurisdiction: European Union; Status: in force (as of 20.11.2023); Source meaning: RED III sets the EU-wide legal framework for accelerating renewable energy expansion, including a raised 2030 target for the renewable share of final energy consumption.",1,1,['50fb8f6506c2271985ee7ffe42523d2eb06abbd85be8ea5021ae2d36d260f6f63d177e59ca2da764eeaeb4a953c841282dbf214859a753f968cb6e6cb86e0c72'],,,,,
44,PV-AUSBAU VON MINDESTENS 11 TWH BIS 2030,TARGET,Target: PV electricity generation increase; Target value: at least 11; Unit: TWh; Deadline: 2030; Geographic scope: Austria; Status: official; Source meaning: The EAG establishes a target for increasing Austrian PV generation by at least 11 TWh by 2030.,1,4,['50fb8f6506c2271985ee7ffe42523d2eb06abbd85be8ea5021ae2d36d260f6f63d177e59ca2da764eeaeb4a953c841282dbf214859a753f968cb6e6cb86e0c72'],,,,,
45,100% NATIONAL BILANZIERTER ERNEUERBARER STROMVERBRAUCH BIS 2030,TARGET,Target: balanced renewable share of national electricity consumption; Target value: 100; Unit: percent; Deadline: 2030; Geographic scope: Austria; Status: official; Source meaning: Austria has formally established the objective to cover national electricity consumption with renewables on a balance-sheet basis by 2030.,1,1,['50fb8f6506c2271985ee7ffe42523d2eb06abbd85be8ea5021ae2d36d260f6f63d177e59ca2da764eeaeb4a953c841282dbf214859a753f968cb6e6cb86e0c72'],,,,,
46,"ANTEIL ERNEUERBARER ENERGIEN AM GESAMTENERGIEVERBRAUCH — 42,5% BIS 2030 (EU)",TARGET,"Target: share of renewable energy in total energy consumption; Target value: 42.5; Unit: percent; Deadline: 2030; Geographic scope: European Union; Status: official; Source meaning: RED III raises the EU-wide 2030 binding minimum target for renewable energy share from 32% to 42.5%, with an aspirational 45%.",1,1,['50fb8f6506c2271985ee7ffe42523d2eb06abbd85be8ea5021ae2d36d260f6f63d177e59ca2da764eeaeb4a953c841282dbf214859a753f968cb6e6cb86e0c72'],,,,,
47,"PV-GENERATION — 6.3 TWH (ÖSTERREICH, 2023)",MARKET_METRIC,"Metric: PV electricity generation; Value: 6.3; Unit: TWh; Reference year: 2023; Geographic scope: Austria; Approximate: yes; Source meaning: In 2023, Austria's photovoltaic sector generated approximately 6.3 TWh of electricity.",1,3,['50fb8f6506c2271985ee7ffe42523d2eb06abbd85be8ea5021ae2d36d260f6f63d177e59ca2da764eeaeb4a953c841282dbf214859a753f968cb6e6cb86e0c72'],,,,,
48,"PV-FÖRDERUNG — 600 MIO. EUR (ÖSTERREICH, 2023)",MARKET_METRIC,"Metric: PV support/funding; Value: 600; Unit: million EUR; Reference year: 2023; Geographic scope: Austria; Approximate: yes; Source meaning: In 2023, approximately 600 million euros were provided through the EAG and Climate and Energy Fund for PV expansion in Austria.",1,3,['50fb8f6506c2271985ee7ffe42523d2eb06abbd85be8ea5021ae2d36d260f6f63d177e59ca2da764eeaeb4a953c841282dbf214859a753f968cb6e6cb86e0c72'],,,,,
49,NULL-PROZENT-UMSATZSTEUER FÜR PV-ANLAGEN BIS 35 KWP,SUPPORT_SCHEME,Zero-percent VAT for PV systems up to 35 kWp installed on eligible buildings is a financial support measure implemented from 2024 to facilitate deployment.,1,0,['50fb8f6506c2271985ee7ffe42523d2eb06abbd85be8ea5021ae2d36d260f6f63d177e59ca2da764eeaeb4a953c841282dbf214859a753f968cb6e6cb86e0c72'],,,,,
50,CO₂-BEPREISUNG FÜR NICHT VOM EU-EMISSIONSHANDEL UMFASSTE FOSSILE CO₂-EMISSIONEN,SUPPORT_SCHEME,"CO₂ pricing for fossil CO₂ emissions not covered by EU emissions trading, introduced from October 2022 as a national market-based support and transition measure.",1,1,['50fb8f6506c2271985ee7ffe42523d2eb06abbd85be8ea5021ae2d36d260f6f63d177e59ca2da764eeaeb4a953c841282dbf214859a753f968cb6e6cb86e0c72'],,,,,
51,KLIMABONUS,SUPPORT_SCHEME,KLIMABONUS is a financial support scheme in Austria that provides compensation payments reimbursed to households in the context of Austria's CO₂ pricing system.,2,3,"['50fb8f6506c2271985ee7ffe42523d2eb06abbd85be8ea5021ae2d36d260f6f63d177e59ca2da764eeaeb4a953c841282dbf214859a753f968cb6e6cb86e0c72'
 '50e06bf07ca2ce3a4e0dc0520305a36334e339dc022e32de2a78b62769102078202b01514330a1c4939e30fdb8f4d3884f790c7814b2e95e9bdb0894b3323a4e']",,,,,
52,RECHTLICHER RAHMEN,POLICY,"RECHTLICHER RAHMEN is a framework and regulatory framework in Austria, at both federal and state levels, outlined as an action area in the PV strategy and described as ongoing, with the legal and regulatory environment recognized as essential for successful PV expansion and guiding measures to enable PV expansion.",2,3,"['50fb8f6506c2271985ee7ffe42523d2eb06abbd85be8ea5021ae2d36d260f6f63d177e59ca2da764eeaeb4a953c841282dbf214859a753f968cb6e6cb86e0c72'
 '06c273ec9919eb4693462fdacebd50536ccdcf47bacc47b2b30c8a69005636b654b4919dc579696a4a7abbde4a00511a66f0c0be040f4ffc907fc316bee009dc']",,,,,
53,TECHNISCHE UND SYSTEMISCHE FRAGEN,POLICY,"Policy type: strategy/action field; Jurisdiction: Austria; Status: outlined as an action area in the PV strategy; Source meaning: Technical and systemic issues are identified as core action fields in the PV strategy, covering further development of grid and infrastructure for PV integration.",1,2,['50fb8f6506c2271985ee7ffe42523d2eb06abbd85be8ea5021ae2d36d260f6f63d177e59ca2da764eeaeb4a953c841282dbf214859a753f968cb6e6cb86e0c72'],,,,,
54,WEITERENTWICKLUNG DER ÖFFENTLICHEN STROMNETZE,POLICY,Policy type: strategy/action field; Jurisdiction: Austria; Status: outlined as an action area in the PV strategy; Source meaning: Further development of public electricity grids is a highlighted action field supporting successful PV system integration.,1,2,['50fb8f6506c2271985ee7ffe42523d2eb06abbd85be8ea5021ae2d36d260f6f63d177e59ca2da764eeaeb4a953c841282dbf214859a753f968cb6e6cb86e0c72'],,,,,
55,WIRTSCHAFTLICHKEIT DER PV-ANLAGEN,POLICY,Policy type: strategy/action field; Jurisdiction: Austria; Status: outlined as an action area in the PV strategy; Source meaning: Economic viability of PV systems is a defined focus in the PV strategy's action fields.,1,1,['50fb8f6506c2271985ee7ffe42523d2eb06abbd85be8ea5021ae2d36d260f6f63d177e59ca2da764eeaeb4a953c841282dbf214859a753f968cb6e6cb86e0c72'],,,,,
56,AKZEPTANZERHALTUNG BEI DER BEVÖLKERUNG,POLICY,Policy type: strategy/action field; Jurisdiction: Austria; Status: outlined as an action area in the PV strategy; Source meaning: Maintaining public acceptance is a recognized strategic field in Austria's PV strategy.,1,1,['50fb8f6506c2271985ee7ffe42523d2eb06abbd85be8ea5021ae2d36d260f6f63d177e59ca2da764eeaeb4a953c841282dbf214859a753f968cb6e6cb86e0c72'],,,,,
57,FORSCHUNG-TECHNOLOGIE-INNOVATION (FTI),POLICY,"Policy type: strategy/action field; Jurisdiction: Austria; Status: outlined as an action area in the PV strategy; Source meaning: Research, technology, and innovation is a key strategic field for the advancement of Austria's PV sector.",1,1,['50fb8f6506c2271985ee7ffe42523d2eb06abbd85be8ea5021ae2d36d260f6f63d177e59ca2da764eeaeb4a953c841282dbf214859a753f968cb6e6cb86e0c72'],,,,,
58,HEIMISCHE PV-WIRTSCHAFT,POLICY,Policy type: strategy/action field; Jurisdiction: Austria; Status: outlined as an action area in the PV strategy; Source meaning: The domestic PV industry is the focus of a defined action area to secure value creation and economic opportunity.,1,7,['50fb8f6506c2271985ee7ffe42523d2eb06abbd85be8ea5021ae2d36d260f6f63d177e59ca2da764eeaeb4a953c841282dbf214859a753f968cb6e6cb86e0c72'],,,,,
59,PARTIZIPATION DER BEVÖLKERUNG,POLICY,Policy type: strategy/action field; Jurisdiction: Austria; Status: outlined as an action area in the PV strategy; Source meaning: Citizen participation in the energy transformation and PV market is a cross-cutting action field emphasized in the strategy.,1,2,['50fb8f6506c2271985ee7ffe42523d2eb06abbd85be8ea5021ae2d36d260f6f63d177e59ca2da764eeaeb4a953c841282dbf214859a753f968cb6e6cb86e0c72'],,,,,
60,LAND,GEOGRAPHIC_AREA,"LAND refers to the Austrian federal states (Bundesländer), which are intermediate-level geographic and administrative units involved in implementing and coordinating measures related to Austrian PV (photovoltaic) strategy and PV-expansion.",2,2,"['50fb8f6506c2271985ee7ffe42523d2eb06abbd85be8ea5021ae2d36d260f6f63d177e59ca2da764eeaeb4a953c841282dbf214859a753f968cb6e6cb86e0c72'
 '50e06bf07ca2ce3a4e0dc0520305a36334e339dc022e32de2a78b62769102078202b01514330a1c4939e30fdb8f4d3884f790c7814b2e95e9bdb0894b3323a4e']",,,,,
61,GEMEINDE,GEOGRAPHIC_AREA,"A municipality (""Gemeinde"") in Austria is referenced as a relevant jurisdiction and administrative level involved in PV expansion targets, approval processes, and the implementation of Austria's PV strategy and energy transformation.",3,3,"['50fb8f6506c2271985ee7ffe42523d2eb06abbd85be8ea5021ae2d36d260f6f63d177e59ca2da764eeaeb4a953c841282dbf214859a753f968cb6e6cb86e0c72'
 '50e06bf07ca2ce3a4e0dc0520305a36334e339dc022e32de2a78b62769102078202b01514330a1c4939e30fdb8f4d3884f790c7814b2e95e9bdb0894b3323a4e'
 '41bd25afdc1cce74b36dd6db5e44e91354172fda16475ab6a3f6cf99bddc720aa91cb56b5ea1b1c4774c8c97017d6bb03c52ba2676d7cfaab1c73fed8ab82912']",,,,,
62,NETZAUSBAU,INFRASTRUCTURE,Grid expansion—identified as a critical physical infrastructure activity for supporting Austria’s PV market development and energy transformation.,1,2,['50fb8f6506c2271985ee7ffe42523d2eb06abbd85be8ea5021ae2d36d260f6f63d177e59ca2da764eeaeb4a953c841282dbf214859a753f968cb6e6cb86e0c72'],,,,,
63,NETZBETRIEB,INFRASTRUCTURE,"Grid operation—describes the ongoing management of the electricity grid, identified as a central aspect of successful energy and PV system integration.",1,2,['50fb8f6506c2271985ee7ffe42523d2eb06abbd85be8ea5021ae2d36d260f6f63d177e59ca2da764eeaeb4a953c841282dbf214859a753f968cb6e6cb86e0c72'],,,,,
64,NORMUNG,POLICY,"Policy type: standardisation framework; Jurisdiction: Austria; Status: ongoing/unknown; Source meaning: Standard-setting and norms development, referenced as a domain of essential cooperation and measures in the PV strategy for quality and interoperability in PV deployment and grid integration.",1,1,['50fb8f6506c2271985ee7ffe42523d2eb06abbd85be8ea5021ae2d36d260f6f63d177e59ca2da764eeaeb4a953c841282dbf214859a753f968cb6e6cb86e0c72'],,,,,
65,INTEGRIERTER ÖSTERREICHISCHER NETZINFRASTRUKTURPLAN (NIP),POLICY,"The INTEGRIERTER ÖSTERREICHISCHER NETZINFRASTRUKTURPLAN (NIP), or Integrated Austrian Network Infrastructure Plan, is a strategic infrastructure plan for Austria that provides a framework for the integrated development of transmission network infrastructure for electricity and gas to support the transition to a climate-neutral energy system. The NIP outlines area potentials for photovoltaic (PV) installation on buildings, infrastructures, and open areas, with regular updates and alignment with demand estimates. Its potential assessments also serve as a basis for figures and scenarios used in the Photovoltaic Strategy. The policy is described as ongoing/adopted, in force/implemented (implied as existing in the text), with the specific implementation status stated as ongoing/adopted or in force/implemented, and the status is noted as unknown in one description. The jurisdiction is Austria.",3,8,"['50e06bf07ca2ce3a4e0dc0520305a36334e339dc022e32de2a78b62769102078202b01514330a1c4939e30fdb8f4d3884f790c7814b2e95e9bdb0894b3323a4e'
 '41bd25afdc1cce74b36dd6db5e44e91354172fda16475ab6a3f6cf99bddc720aa91cb56b5ea1b1c4774c8c97017d6bb03c52ba2676d7cfaab1c73fed8ab82912'
 '6a1a5132f360531b1174e0eac2b2c5b6ece3b0771a8037231306baf0af8e8ca23de435f581fc62d6794cab81a5dadf3235b66eda56c331a0043621c688fbe302']",,,,,
66,GEBÄUDE,INFRASTRUCTURE,"GEBÄUDE (buildings), including existing and new structures in Austria, are identified as significant sites for the deployment of photovoltaic (PV) systems and the realization of major PV potential by 2040, with their outer parts increasingly used for standard electricity generation with PV systems and referenced as already-utilized areas for PV installation as well as possible locations for PV in compliance with regulatory obligations.",3,4,"['50e06bf07ca2ce3a4e0dc0520305a36334e339dc022e32de2a78b62769102078202b01514330a1c4939e30fdb8f4d3884f790c7814b2e95e9bdb0894b3323a4e'
 'f9e54ba797ff2b80a5f0e5f24e3901236ac4130e4e84d01615e67bc810b290cd5ac7c08f71a782797073050d512eda2695c3659569deba0d4bd5c3ab6195784a'
 '23663988970639bea940978ccbd9150fd292856f2f31a1d587392606a64713d5dfeade66f1beea67d1cc0b0e93012337685e0eca3267f98c1695a466657a8b24']",,,,,
67,ENERGIE- UND VERKEHRSSYSTEM,INFRASTRUCTURE,The energy and transport system is a major infrastructure whose transformation is supported by increased BMK funding.,1,1,['50e06bf07ca2ce3a4e0dc0520305a36334e339dc022e32de2a78b62769102078202b01514330a1c4939e30fdb8f4d3884f790c7814b2e95e9bdb0894b3323a4e'],,,,,
68,CO₂-BEPREISUNG FÜR NICHT-VOM-EU-EMISSIONSHANDEL UMFASSTE FOSSIL BEDINGTE CO₂-EMISSIONEN,POLICY,Policy type: regulation; Jurisdiction: Austria; Status: in force; Source meaning: a stepwise increasing CO₂ pricing mechanism introduced from October 2022 for fossil-based CO₂ emissions not covered by the EU Emissions Trading System.,1,1,['50e06bf07ca2ce3a4e0dc0520305a36334e339dc022e32de2a78b62769102078202b01514330a1c4939e30fdb8f4d3884f790c7814b2e95e9bdb0894b3323a4e'],,,,,
69,FOSSILE ENERGIETRÄGER,TECHNOLOGY,"Fossil energy carriers are identified as the current main energy source in Austria, targeted for complete phase-out by 2040.",1,1,['50e06bf07ca2ce3a4e0dc0520305a36334e339dc022e32de2a78b62769102078202b01514330a1c4939e30fdb8f4d3884f790c7814b2e95e9bdb0894b3323a4e'],,,,,
70,STROMANWENDUNGEN,TECHNOLOGY,Electricity-based applications are expected to become the standard in the mobility and heating sectors.,1,0,['50e06bf07ca2ce3a4e0dc0520305a36334e339dc022e32de2a78b62769102078202b01514330a1c4939e30fdb8f4d3884f790c7814b2e95e9bdb0894b3323a4e'],,,,,
71,ENERGIEEFFIZIENZ,TECHNOLOGY,Energy efficiency improvements are identified as a key step for greater energy consumption reduction.,1,1,['50e06bf07ca2ce3a4e0dc0520305a36334e339dc022e32de2a78b62769102078202b01514330a1c4939e30fdb8f4d3884f790c7814b2e95e9bdb0894b3323a4e'],,,,,
72,ENERGIEVERBRAUCHSREDUKTION,TARGET,Target: reduction of energy consumption; Target value: not quantified in the passage; Deadline: unknown; Geographic scope: Austria; Status: planned; Source meaning: a stronger reduction in energy consumption through higher efficiency is a named planned step.,1,2,['50e06bf07ca2ce3a4e0dc0520305a36334e339dc022e32de2a78b62769102078202b01514330a1c4939e30fdb8f4d3884f790c7814b2e95e9bdb0894b3323a4e'],,,,,
73,TREIBHAUSGASREDUKTION BIS 2030,TARGET,Target: greenhouse gas emission reduction; Target value: not quantified in the passage; Deadline: 2030; Geographic scope: Austria; Status: planned; Source meaning: an accelerated reduction of greenhouse gases by 2030 is identified as a planned step.,1,1,['50e06bf07ca2ce3a4e0dc0520305a36334e339dc022e32de2a78b62769102078202b01514330a1c4939e30fdb8f4d3884f790c7814b2e95e9bdb0894b3323a4e'],,,,,
74,ENERGIEVERSORGUNGSSICHERHEIT,TARGET,Target: enhanced security of energy supply; Target value: not quantified; Deadline: unknown; Geographic scope: Austria; Status: planned; Source meaning: increased security of energy supply is explicitly named as a planned action.,1,1,['50e06bf07ca2ce3a4e0dc0520305a36334e339dc022e32de2a78b62769102078202b01514330a1c4939e30fdb8f4d3884f790c7814b2e95e9bdb0894b3323a4e'],,,,,
75,RESILIENZ UND ZUVERLÄSSIGKEIT DES ENERGIESYSTEMS,TARGET,Target: improved resilience and reliability of the energy system; Target value: not quantified; Deadline: unknown; Geographic scope: Austria; Status: planned; Source meaning: increasing the resilience and reliability of the energy system is listed as a planned step.,1,1,['50e06bf07ca2ce3a4e0dc0520305a36334e339dc022e32de2a78b62769102078202b01514330a1c4939e30fdb8f4d3884f790c7814b2e95e9bdb0894b3323a4e'],,,,,
76,ENERGIESOUVERÄNITÄT DURCH ERNEUERBARE ENERGIEQUELLEN,TARGET,"Target: (almost) complete energy sovereignty via solar, hydropower, wind, bioenergy, and green hydrogen; Target value: near 100% sovereignty; Deadline: implied by 2040; Geographic scope: Austria; Status: scenario/vision; Source meaning: the passage describes near-complete energy independence via renewables by 2040 as a scenario.",1,1,['50e06bf07ca2ce3a4e0dc0520305a36334e339dc022e32de2a78b62769102078202b01514330a1c4939e30fdb8f4d3884f790c7814b2e95e9bdb0894b3323a4e'],,,,,
77,"ANTEIL PHOTOVOLTAIK AN STROMVERSORGUNG — 30 % (ÖSTERREICH, 2040)",TARGET,Target: share of photovoltaics in electricity supply; Target value: approximately 30; Unit: percent; Deadline: 2040; Geographic scope: Austria; Status: scenario; Source meaning: PV is planned/visioned to form about 30% of Austria's electricity supply by 2040.,1,2,['50e06bf07ca2ce3a4e0dc0520305a36334e339dc022e32de2a78b62769102078202b01514330a1c4939e30fdb8f4d3884f790c7814b2e95e9bdb0894b3323a4e'],,,,,
78,"ANTEIL PHOTOVOLTAIK AN GESAMTER ENERGIEVERSORGUNG — 20 % (ÖSTERREICH, 2040)",TARGET,"Target: share of photovoltaics in total energy supply; Target value: 20; Unit: percent; Deadline: 2040; Geographic scope: Austria; Status: scenario; Source meaning: PV could supply 20% of total energy in Austria by 2040, with corresponding electrification.",1,2,['50e06bf07ca2ce3a4e0dc0520305a36334e339dc022e32de2a78b62769102078202b01514330a1c4939e30fdb8f4d3884f790c7814b2e95e9bdb0894b3323a4e'],,,,,
79,"ANTEIL FOSSILE ENERGIETRÄGER AM ENERGIEEINSATZ — KNAPP ZWEI DRITTEL (ÖSTERREICH, 2023)",MARKET_METRIC,"Metric: share of fossil energy carriers in total energy use; Value: just under two thirds; Unit: percent (implied); Reference year: 2023; Geographic scope: Austria; Approximate: yes; Source meaning: in 2023, about two thirds of Austria's energy use came from fossil sources.",1,2,['50e06bf07ca2ce3a4e0dc0520305a36334e339dc022e32de2a78b62769102078202b01514330a1c4939e30fdb8f4d3884f790c7814b2e95e9bdb0894b3323a4e'],,,,,
80,"STROMERZEUGUNGSFUNKTION ALLER NEUEN UND GRUNDSANIERTEN GEBÄUDE (ÖSTERREICH, 2040)",TARGET,"Target: electricity-generation function in all new and fundamentally renovated buildings; Target value: all new and renovated buildings; Unit: qualitative; Deadline: 2040; Geographic scope: Austria; Status: scenario; Source meaning: by 2040, all new and fundamentally renovated buildings are foreseen to provide electricity-generation capabilities.",1,2,['50e06bf07ca2ce3a4e0dc0520305a36334e339dc022e32de2a78b62769102078202b01514330a1c4939e30fdb8f4d3884f790c7814b2e95e9bdb0894b3323a4e'],,,,,
81,"PV-GENERIERTE ENERGIE — 6,3 TWH (ÖSTERREICH, 2023)",MARKET_METRIC,"Metric: PV-generated energy; Value: 6.3; Unit: TWh; Reference year: 2023; Geographic scope: Austria; Approximate: yes; Source meaning: in 2023, PV generated 6.3 TWh of energy in Austria.",1,2,['50e06bf07ca2ce3a4e0dc0520305a36334e339dc022e32de2a78b62769102078202b01514330a1c4939e30fdb8f4d3884f790c7814b2e95e9bdb0894b3323a4e'],,,,,
82,NETZBETREIBER,STAKEHOLDER,NETZBETREIBER are grid operators explicitly listed as key actors in implementing PV expansion measures and are stakeholders responsible for operating Austria's electricity grid and managing grid connection procedures for PV installations.,2,2,"['50e06bf07ca2ce3a4e0dc0520305a36334e339dc022e32de2a78b62769102078202b01514330a1c4939e30fdb8f4d3884f790c7814b2e95e9bdb0894b3323a4e'
 'e498566a78d36b3ce13304157993b9b4269045840f1d63663ab07328cc5c6a9ebc15f47c9ae340cbebf706bc8faebd35ccc4f11ae0aa4cb9a223345224329757']",,,,,
83,ELEKTROTECHNISCHE NORMUNGSORGANISATION,STAKEHOLDER,The electrotechnical standards organization is named as a necessary actor in the implementation of PV expansion.,1,1,['50e06bf07ca2ce3a4e0dc0520305a36334e339dc022e32de2a78b62769102078202b01514330a1c4939e30fdb8f4d3884f790c7814b2e95e9bdb0894b3323a4e'],,,,,
84,INTERESSENSVERTRETUNGEN,STAKEHOLDER,Interest groups/associations are named as required for the successful interaction in implementation.,1,1,['50e06bf07ca2ce3a4e0dc0520305a36334e339dc022e32de2a78b62769102078202b01514330a1c4939e30fdb8f4d3884f790c7814b2e95e9bdb0894b3323a4e'],,,,,
85,HAUSHALTE,STAKEHOLDER,"Households in Austria, relevant as recipients of the Klimabonus support scheme.",1,1,['50e06bf07ca2ce3a4e0dc0520305a36334e339dc022e32de2a78b62769102078202b01514330a1c4939e30fdb8f4d3884f790c7814b2e95e9bdb0894b3323a4e'],,,,,
86,INDUSTRIE,STAKEHOLDER,"The industrial sector, explicitly named as a beneficiary of growth opportunities developed from investment in climate protection, resulting in new jobs and economic empowerment of regions.",1,1,['50e06bf07ca2ce3a4e0dc0520305a36334e339dc022e32de2a78b62769102078202b01514330a1c4939e30fdb8f4d3884f790c7814b2e95e9bdb0894b3323a4e'],,,,,
87,REGIONEN,GEOGRAPHIC_AREA,"Regions in Austria, affected and strengthened by new job creation and industrial growth resulting from the energy transformation.",1,1,['50e06bf07ca2ce3a4e0dc0520305a36334e339dc022e32de2a78b62769102078202b01514330a1c4939e30fdb8f4d3884f790c7814b2e95e9bdb0894b3323a4e'],,,,,
88,EUROPÄISCHES FORSCHUNGSRAHMENPROGRAMM,POLICY,Policy type: programme; Jurisdiction: EU; Status: unknown; Source meaning: the European Research Framework Programme is recommended as an orientation for strengthening Austria's and Europe's business sites.,1,1,['50e06bf07ca2ce3a4e0dc0520305a36334e339dc022e32de2a78b62769102078202b01514330a1c4939e30fdb8f4d3884f790c7814b2e95e9bdb0894b3323a4e'],,,,,
89,TREIBHAUSGASREDUKTION (ALLGEMEIN),TARGET,"Target: reduction of overall greenhouse gas emissions, including non-CO₂ GHGs and carbon storage; Target value: not quantified; Deadline: unknown; Geographic scope: Austria; Status: planned; Source meaning: additional focus is planned on reducing non-CO₂ greenhouse gas emissions and on carbon storage.",1,1,['50e06bf07ca2ce3a4e0dc0520305a36334e339dc022e32de2a78b62769102078202b01514330a1c4939e30fdb8f4d3884f790c7814b2e95e9bdb0894b3323a4e'],,,,,
90,GESCHWINDIGKEIT UND METHODIK DES PV-AUSBAUS,CONSTRAINT,Speed and methodology of PV expansion are identified as key criteria influencing the success of the entire energy transition.,1,2,['50e06bf07ca2ce3a4e0dc0520305a36334e339dc022e32de2a78b62769102078202b01514330a1c4939e30fdb8f4d3884f790c7814b2e95e9bdb0894b3323a4e'],,,,,
91,BUNDESLÄNDER,GEOGRAPHIC_AREA,"BUNDESLÄNDER refers to the federal states of Austria, which are sub-national geographic areas that play a central role in achieving renewable energy and photovoltaic (PV) targets. They are key for implementation areas such as building codes, zoning, and nature protection, and are responsible for ambitious PV expansion targets and their implementation.",2,5,"['e498566a78d36b3ce13304157993b9b4269045840f1d63663ab07328cc5c6a9ebc15f47c9ae340cbebf706bc8faebd35ccc4f11ae0aa4cb9a223345224329757'
 '23663988970639bea940978ccbd9150fd292856f2f31a1d587392606a64713d5dfeade66f1beea67d1cc0b0e93012337685e0eca3267f98c1695a466657a8b24']",,,,,
92,PV-ANLAGE,TECHNOLOGY,"PV-ANLAGE (photovoltaic system) refers to a technology for producing electricity from solar energy, encompassing individual and collective installations on buildings, fields, or infrastructure, and is referenced in contexts such as Austrian solar-market development, studies, installation guidance, and building integration. PV-ANLAGE may include installations with storage and energy-management systems, require grid access, and be subject to approval and quality measures, as well as technical, ecological, and planning considerations.",5,26,"['e498566a78d36b3ce13304157993b9b4269045840f1d63663ab07328cc5c6a9ebc15f47c9ae340cbebf706bc8faebd35ccc4f11ae0aa4cb9a223345224329757'
 'f9e54ba797ff2b80a5f0e5f24e3901236ac4130e4e84d01615e67bc810b290cd5ac7c08f71a782797073050d512eda2695c3659569deba0d4bd5c3ab6195784a'
 '41bd25afdc1cce74b36dd6db5e44e91354172fda16475ab6a3f6cf99bddc720aa91cb56b5ea1b1c4774c8c97017d6bb03c52ba2676d7cfaab1c73fed8ab82912'
 '4d221520fe7090409cfa9cda598db30683356c340ab3584a063ffe92486f2fe7225fc056f8b997f085ff0c0f7475828879fa678b7b1709148cb03584b292dab0'
 '6927535991c09031efd0df39ec21591dd3bb460da14c01bc36d343f0078b726ed44d06a0c6bb518236ea61ed8c8b15365630cf185b8012e963898f2e117f7d8a']",,,,,
93,AGRI-PV-ANLAGE,TECHNOLOGY,"AGRI-PV-ANLAGE refers to a form of photovoltaic installation integrated into agriculture that enables dual use of agricultural land for both farming and electricity production, allowing continued predominant agricultural activity on the same area. This type of photovoltaic system is referenced for its potential contributions to acceptance, biodiversity, enhanced land-use efficiency, and providing new income opportunities for agriculture.",3,7,"['e498566a78d36b3ce13304157993b9b4269045840f1d63663ab07328cc5c6a9ebc15f47c9ae340cbebf706bc8faebd35ccc4f11ae0aa4cb9a223345224329757'
 '23663988970639bea940978ccbd9150fd292856f2f31a1d587392606a64713d5dfeade66f1beea67d1cc0b0e93012337685e0eca3267f98c1695a466657a8b24'
 '4d221520fe7090409cfa9cda598db30683356c340ab3584a063ffe92486f2fe7225fc056f8b997f085ff0c0f7475828879fa678b7b1709148cb03584b292dab0']",,,,,
94,BIODIVERSITÄTS-SOLARPARK,TECHNOLOGY,A large ground-mounted solar park designed and managed to foster increased biodiversity and to create habitats of high biological value.,1,3,['e498566a78d36b3ce13304157993b9b4269045840f1d63663ab07328cc5c6a9ebc15f47c9ae340cbebf706bc8faebd35ccc4f11ae0aa4cb9a223345224329757'],,,,,
95,BAUWERKINTEGRIERTE ARCHITEKTONISCH ANGEPASSTE PHOTOVOLTAIK,TECHNOLOGY,"Building-integrated, architecturally adapted photovoltaics are PV systems incorporated as a standard within building structures with design adaptation.",1,1,['e498566a78d36b3ce13304157993b9b4269045840f1d63663ab07328cc5c6a9ebc15f47c9ae340cbebf706bc8faebd35ccc4f11ae0aa4cb9a223345224329757'],,,,,
96,SPEZIALMODUL,TECHNOLOGY,Special PV modules are used for buildings with specific requirements regarding local appearance or conservation protection.,1,1,['e498566a78d36b3ce13304157993b9b4269045840f1d63663ab07328cc5c6a9ebc15f47c9ae340cbebf706bc8faebd35ccc4f11ae0aa4cb9a223345224329757'],,,,,
97,MOBILE UND STATIONÄRE SPEICHER,TECHNOLOGY,Mobile and stationary storage units that are integrated into nearly every PV system to optimize onsite electricity use and grid/market adaptation.,1,2,['e498566a78d36b3ce13304157993b9b4269045840f1d63663ab07328cc5c6a9ebc15f47c9ae340cbebf706bc8faebd35ccc4f11ae0aa4cb9a223345224329757'],,,,,
98,ENERGIEMANAGEMENTSYSTEM,TECHNOLOGY,"An energy management system is integrated in PV systems to manage and optimally adapt generated electricity to demand and grid/market situation, preventing feed-in/load peaks.",1,2,['e498566a78d36b3ce13304157993b9b4269045840f1d63663ab07328cc5c6a9ebc15f47c9ae340cbebf706bc8faebd35ccc4f11ae0aa4cb9a223345224329757'],,,,,
99,DACHFLÄCHEN (GEBÄUDE),INFRASTRUCTURE,Rooftop areas of buildings serve as standard infrastructure for PV installations and double use for weather protection and electricity generation.,1,1,['e498566a78d36b3ce13304157993b9b4269045840f1d63663ab07328cc5c6a9ebc15f47c9ae340cbebf706bc8faebd35ccc4f11ae0aa4cb9a223345224329757'],,,,,
100,PARKPLÄTZE UND BAULICHE ANLAGEN,INFRASTRUCTURE,Parking lots and similar constructed facilities are used for the double purpose of supporting PV installations and other infrastructural functions.,1,1,['e498566a78d36b3ce13304157993b9b4269045840f1d63663ab07328cc5c6a9ebc15f47c9ae340cbebf706bc8faebd35ccc4f11ae0aa4cb9a223345224329757'],,,,,
101,STROMNETZ,INFRASTRUCTURE,"The electricity grid (Stromnetz) is the infrastructure to which PV installations are to be connected, described as fundamental for secure renewable energy supply and stable networks, and identified as enabling the integration and distribution of large shares of PV-generated electricity. The supplied descriptions note that the Stromnetz is being incorporated with digitalization and data exchange capabilities and faces challenges from increased renewables, market coupling, and electrification, with calls for simplified and less bureaucratic access.",3,8,"['e498566a78d36b3ce13304157993b9b4269045840f1d63663ab07328cc5c6a9ebc15f47c9ae340cbebf706bc8faebd35ccc4f11ae0aa4cb9a223345224329757'
 '41bd25afdc1cce74b36dd6db5e44e91354172fda16475ab6a3f6cf99bddc720aa91cb56b5ea1b1c4774c8c97017d6bb03c52ba2676d7cfaab1c73fed8ab82912'
 '6a1a5132f360531b1174e0eac2b2c5b6ece3b0771a8037231306baf0af8e8ca23de435f581fc62d6794cab81a5dadf3235b66eda56c331a0043621c688fbe302']",,,,,
102,NETZANSCHLUSSVERFAHREN,INFRASTRUCTURE,"The grid-connection procedure is standardized, digitalized, and designed to enable quick and unbureaucratic connection of PV systems in Austria.",1,1,['e498566a78d36b3ce13304157993b9b4269045840f1d63663ab07328cc5c6a9ebc15f47c9ae340cbebf706bc8faebd35ccc4f11ae0aa4cb9a223345224329757'],,,,,
103,PV-STROMERZEUGUNG,TECHNOLOGY,"Photovoltaic electricity generation refers to electricity produced by PV systems, used sectorally (e.g., for heat and mobility), and subject to storage or conversion for surplus.",1,2,['e498566a78d36b3ce13304157993b9b4269045840f1d63663ab07328cc5c6a9ebc15f47c9ae340cbebf706bc8faebd35ccc4f11ae0aa4cb9a223345224329757'],,,,,
104,WASSERSTOFF,TECHNOLOGY,"WASSERSTOFF (hydrogen) is referenced as a technology to be synergistically integrated with photovoltaics and other energy technologies in the context of the renewable-energy transition, with hydrogen produced by converting surplus PV electricity mentioned as part of energy-system integration.",2,2,"['e498566a78d36b3ce13304157993b9b4269045840f1d63663ab07328cc5c6a9ebc15f47c9ae340cbebf706bc8faebd35ccc4f11ae0aa4cb9a223345224329757'
 '6a1a5132f360531b1174e0eac2b2c5b6ece3b0771a8037231306baf0af8e8ca23de435f581fc62d6794cab81a5dadf3235b66eda56c331a0043621c688fbe302']",,,,,
105,DIGITALISIERUNG,TECHNOLOGY,Digitalization refers to enabling technologies and processes for reliable and practical data exchange and sector coupling within the PV electricity sector.,1,1,['e498566a78d36b3ce13304157993b9b4269045840f1d63663ab07328cc5c6a9ebc15f47c9ae340cbebf706bc8faebd35ccc4f11ae0aa4cb9a223345224329757'],,,,,
106,PV-BRANCHE,ORGANIZATION,"The Austrian PV sector/industry, which employs approximately 60,000 people and participates in international competition and export.",1,2,['e498566a78d36b3ce13304157993b9b4269045840f1d63663ab07328cc5c6a9ebc15f47c9ae340cbebf706bc8faebd35ccc4f11ae0aa4cb9a223345224329757'],,,,,
107,ÖSTERREICHISCHE UNTERNEHMEN,ORGANIZATION,Austrian companies cited as technology leaders in segments of the PV value chain and active in global exports.,1,5,['e498566a78d36b3ce13304157993b9b4269045840f1d63663ab07328cc5c6a9ebc15f47c9ae340cbebf706bc8faebd35ccc4f11ae0aa4cb9a223345224329757'],,,,,
108,EUROPÄISCHE SOLARINDUSTRIE,ORGANIZATION,The European solar industry participates in global competition and collaborates with Austria on PV manufacturing and innovation.,1,1,['e498566a78d36b3ce13304157993b9b4269045840f1d63663ab07328cc5c6a9ebc15f47c9ae340cbebf706bc8faebd35ccc4f11ae0aa4cb9a223345224329757'],,,,,
109,GEWERBETRIEBE UND FACHKRÄFTEKAPAZITÄTEN,STAKEHOLDER,Qualified crafts and workforce capacities available in sufficient quantity for PV expansion in Austria.,1,1,['e498566a78d36b3ce13304157993b9b4269045840f1d63663ab07328cc5c6a9ebc15f47c9ae340cbebf706bc8faebd35ccc4f11ae0aa4cb9a223345224329757'],,,,,
110,PRIVATE UND UNTERNEHMERISCHE EINZELANLAGENBETREIBENDE,STAKEHOLDER,Private and commercial individual plant operators referenced in context of investing and operating PV systems.,1,1,['e498566a78d36b3ce13304157993b9b4269045840f1d63663ab07328cc5c6a9ebc15f47c9ae340cbebf706bc8faebd35ccc4f11ae0aa4cb9a223345224329757'],,,,,
111,ENERGIEGEMEINSCHAFTEN,STAKEHOLDER,"ENERGIEGEMEINSCHAFTEN refers to energy communities in Austria through which residents participate in shared photovoltaic (PV) generation and electricity use; these communities represent a new market model in Austria, enabling joint participation in electricity generation and use, are supported through new legal and policy frameworks and by dedicated organizations, and are referenced as operators of shared PV and district storage facilities as well as intended users of emergency and backup power systems.",3,11,"['e498566a78d36b3ce13304157993b9b4269045840f1d63663ab07328cc5c6a9ebc15f47c9ae340cbebf706bc8faebd35ccc4f11ae0aa4cb9a223345224329757'
 '2d9fdebd364caf6ea226dc0ee6624e0c2d54fc65848a9cd18f9b868675333d5be302c20a6cbb1b4f9503e536f5051a60a8783cd3657ab2cf1f9daf65be366c76'
 'dafd7f2f39e49c87969ec1360e9fae0af9de6f290655205c8c120dd24dcc85da04f0536237f7f9529d31deed892d5abae3b8f58fb66ae9e497327f23b1e6b750']",,,,,
112,BEVÖLKERUNG,STAKEHOLDER,"BEVÖLKERUNG refers to the Austrian general public or general population, whose acceptance, participation, and benefit are considered central to strategy objectives and the successful integration of PV (photovoltaic) systems, particularly on buildings, parking lots, and construction facilities.",3,8,"['e498566a78d36b3ce13304157993b9b4269045840f1d63663ab07328cc5c6a9ebc15f47c9ae340cbebf706bc8faebd35ccc4f11ae0aa4cb9a223345224329757'
 '06c273ec9919eb4693462fdacebd50536ccdcf47bacc47b2b30c8a69005636b654b4919dc579696a4a7abbde4a00511a66f0c0be040f4ffc907fc316bee009dc'
 '4d221520fe7090409cfa9cda598db30683356c340ab3584a063ffe92486f2fe7225fc056f8b997f085ff0c0f7475828879fa678b7b1709148cb03584b292dab0']",,,,,
113,FLEXIBLE VERBRAUCHER:INNEN,STAKEHOLDER,Flexible consumers assist in utilizing locally generated PV electricity in a time-optimized manner.,1,2,['e498566a78d36b3ce13304157993b9b4269045840f1d63663ab07328cc5c6a9ebc15f47c9ae340cbebf706bc8faebd35ccc4f11ae0aa4cb9a223345224329757'],,,,,
114,LANDWIRT:INNEN,STAKEHOLDER,"Farmers benefit from Agri-PV installations, maintaining predominant land use for agriculture.",1,1,['e498566a78d36b3ce13304157993b9b4269045840f1d63663ab07328cc5c6a9ebc15f47c9ae340cbebf706bc8faebd35ccc4f11ae0aa4cb9a223345224329757'],,,,,
115,PRODUKTIONSSTÄTTEN FÜR INNOVATIVE PV-KOMPONENTEN,INFRASTRUCTURE,"Production sites for innovative photovoltaic components located in Austria, contributing to domestic value creation.",1,4,['e498566a78d36b3ce13304157993b9b4269045840f1d63663ab07328cc5c6a9ebc15f47c9ae340cbebf706bc8faebd35ccc4f11ae0aa4cb9a223345224329757'],,,,,
116,INVESTITIONSBARRIERE,CONSTRAINT,"Tax and regulatory investment barriers that previously affected the operation of private, business, and shared PV installations, but are described as removed in this scenario.",1,1,['e498566a78d36b3ce13304157993b9b4269045840f1d63663ab07328cc5c6a9ebc15f47c9ae340cbebf706bc8faebd35ccc4f11ae0aa4cb9a223345224329757'],,,,,
117,HOHE PRODUKTQUALITÄT PV-SYSTEME,MARKET_METRIC,"Metric: product quality of PV systems; Value: high; Unit: n/a; Reference year: not stated; Geographic scope: Austria; Approximate: no; Source meaning: PV-system products are described as high-quality, long-lived, and compliant with circular-economy standards.",1,3,['e498566a78d36b3ce13304157993b9b4269045840f1d63663ab07328cc5c6a9ebc15f47c9ae340cbebf706bc8faebd35ccc4f11ae0aa4cb9a223345224329757'],,,,,
118,ARBEITSPLÄTZE IN DER PV-BRANCHE — 60.000 (ÖSTERREICH),MARKET_METRIC,"Metric: employment in the PV industry; Value: 60,000; Unit: jobs; Reference year: not explicitly stated; Geographic scope: Austria; Approximate: yes; Source meaning: There are about 60,000 jobs in Austria's national PV sector.",1,2,['e498566a78d36b3ce13304157993b9b4269045840f1d63663ab07328cc5c6a9ebc15f47c9ae340cbebf706bc8faebd35ccc4f11ae0aa4cb9a223345224329757'],,,,,
119,KOSTENGÜNSTIGER STROM AUS FREIFLÄCHEN-BIODIVERSITÄTSANLAGEN UND AGRI-PV-ANLAGEN,MARKET_METRIC,Metric: affordability of electricity generated from large ground-mounted biodiversity PV plants and Agri-PV installations; Value: among the lowest-cost generation types; Unit: n/a; Reference year: not stated; Geographic scope: Austria; Approximate: yes; Source meaning: These types of PV plants are among the most cost-effective sources of electricity.,1,2,['e498566a78d36b3ce13304157993b9b4269045840f1d63663ab07328cc5c6a9ebc15f47c9ae340cbebf706bc8faebd35ccc4f11ae0aa4cb9a223345224329757'],,,,,
120,KALKULIERBARER UND GERINGFÜGIG INTERNATIONAL ABHÄNGIGER STROMPREIS (ÖSTERREICH),MARKET_METRIC,"Metric: predictability and low international dependency of electricity prices; Value: forecastable, minimally dependent on international trends; Unit: qualitative; Reference year: not stated; Geographic scope: Austria; Approximate: yes; Source meaning: Electricity prices in Austria are described as foreseeable and only slightly influenced by international developments.",1,1,['e498566a78d36b3ce13304157993b9b4269045840f1d63663ab07328cc5c6a9ebc15f47c9ae340cbebf706bc8faebd35ccc4f11ae0aa4cb9a223345224329757'],,,,,
121,ALLE NEUEN UND GRUNDLEGEND SANIERTEN GEBÄUDE HABEN STROMERZEUGUNGSFUNKTION,TARGET,"Target: all new and fundamentally renovated buildings have an electricity generation function; Target value: all buildings (new and renovated); Unit: n/a; Deadline: not stated; Geographic scope: Austria; Status: scenario; Source meaning: In the scenario, every new or fundamentally renovated building includes a function for electricity generation.",1,2,['e498566a78d36b3ce13304157993b9b4269045840f1d63663ab07328cc5c6a9ebc15f47c9ae340cbebf706bc8faebd35ccc4f11ae0aa4cb9a223345224329757'],,,,,
122,PRIORITÄT FÜR DEN EIGENVERBRAUCH AUS PV-ANLAGEN ODER GEMEINSCHAFTSANLAGEN,TARGET,Target: standard for maximum self-supply from own PV system or community plant; Target value: as far as possible; Unit: n/a; Deadline: not stated; Geographic scope: Austria; Status: scenario; Source meaning: Meeting one's electricity consumption as much as possible from own or community PV has become standard.,1,4,['e498566a78d36b3ce13304157993b9b4269045840f1d63663ab07328cc5c6a9ebc15f47c9ae340cbebf706bc8faebd35ccc4f11ae0aa4cb9a223345224329757'],,,,,
123,BUNDESLÄNDER SETZEN AMBITIONIERTE AUSBAUZIELE UND SETZEN DIESE UM,TARGET,Target: federal states set and implement ambitious PV expansion goals; Target value: ambitious; Unit: n/a; Deadline: not stated; Geographic scope: Austrian federal states; Status: scenario; Source meaning: Federal states are described as establishing and rigorously achieving ambitious PV rollout targets.,1,1,['e498566a78d36b3ce13304157993b9b4269045840f1d63663ab07328cc5c6a9ebc15f47c9ae340cbebf706bc8faebd35ccc4f11ae0aa4cb9a223345224329757'],,,,,
124,"INVESTITIONSBARRIEREFREIER BETRIEB VON PV-ANLAGEN FÜR PRIVATE, UNTERNEHMERISCHE, GEMEINSCHAFTSANLAGEN UND ENERGIEGEMEINSCHAFTEN",TARGET,"Target: elimination of investment barriers for the operation of PV systems for private, commercial, community, and energy communities; Target value: barrier-free investment; Unit: n/a; Deadline: not stated; Geographic scope: Austria; Status: scenario; Source meaning: Tax and regulatory barriers have been removed for the operation of relevant PV installations.",1,0,['e498566a78d36b3ce13304157993b9b4269045840f1d63663ab07328cc5c6a9ebc15f47c9ae340cbebf706bc8faebd35ccc4f11ae0aa4cb9a223345224329757'],,,,,
125,STARKER PATENTSCHUTZ FÜR PV-PRODUKTION,SUPPORT_SCHEME,Strong patent protection secures the long-term production of PV components in Austria.,1,1,['e498566a78d36b3ce13304157993b9b4269045840f1d63663ab07328cc5c6a9ebc15f47c9ae340cbebf706bc8faebd35ccc4f11ae0aa4cb9a223345224329757'],,,,,
126,KREISLAUFWIRTSCHAFT,SUPPORT_SCHEME,"The circular-economy approach is applied at all steps of PV value creation, aiming for long-lived and sustainable product cycles.",1,4,['e498566a78d36b3ce13304157993b9b4269045840f1d63663ab07328cc5c6a9ebc15f47c9ae340cbebf706bc8faebd35ccc4f11ae0aa4cb9a223345224329757'],,,,,
127,GENEHMIGUNGSVER­­EINFACHUNGEN UND -FREISTELLUNGEN,SUPPORT_SCHEME,Simplified and exempted approval procedures are support schemes to reduce administrative hurdles for PV deployment.,1,2,['e498566a78d36b3ce13304157993b9b4269045840f1d63663ab07328cc5c6a9ebc15f47c9ae340cbebf706bc8faebd35ccc4f11ae0aa4cb9a223345224329757'],,,,,
128,AKTIVER KUNDE,STAKEHOLDER,"AKTIVER KUNDE refers to an active customer as defined by Article 15 of Directive (EU) 2019/944, denoting electricity customers—including individuals—who actively participate in generating, consuming, and potentially sharing PV electricity, and may also engage in energy market activities and participate as part of energy communities.",2,2,"['e498566a78d36b3ce13304157993b9b4269045840f1d63663ab07328cc5c6a9ebc15f47c9ae340cbebf706bc8faebd35ccc4f11ae0aa4cb9a223345224329757'
 'f9e54ba797ff2b80a5f0e5f24e3901236ac4130e4e84d01615e67bc810b290cd5ac7c08f71a782797073050d512eda2695c3659569deba0d4bd5c3ab6195784a']",,,,,
129,EXZELLENTE WETTERSCHUTZFUNKTION DER GEBÄUDEAUSSENTEILE,INFRASTRUCTURE,"External building elements that, in addition to providing weather protection, are standardly used for electricity generation.",1,1,['e498566a78d36b3ce13304157993b9b4269045840f1d63663ab07328cc5c6a9ebc15f47c9ae340cbebf706bc8faebd35ccc4f11ae0aa4cb9a223345224329757'],,,,,
130,VOLKSWIRTSCHAFTLICHES OPTIMUM DER STROMNETZE,CONSTRAINT,The economic optimum of power grids is a constraint or consideration ensuring that increased PV integration is conducted within macroeconomically optimal parameters.,1,1,['e498566a78d36b3ce13304157993b9b4269045840f1d63663ab07328cc5c6a9ebc15f47c9ae340cbebf706bc8faebd35ccc4f11ae0aa4cb9a223345224329757'],,,,,
131,STANDARDISIERTE UND DIGITALISIERTE NETZANSCHLUSSVERFAHREN BEI ALLEN NETZBETREIBERN,INFRASTRUCTURE,Standardized and digitalized grid connection procedures implemented by all grid operators for PV systems in Austria.,1,1,['e498566a78d36b3ce13304157993b9b4269045840f1d63663ab07328cc5c6a9ebc15f47c9ae340cbebf706bc8faebd35ccc4f11ae0aa4cb9a223345224329757'],,,,,
132,PV-ANLAGEN IN UNTERSCHIEDLICHER AUSRICHTUNG UND NEIGUNG,TECHNOLOGY,PV installations in different orientations and inclinations perform grid and system-serving functions as described in the scenario.,1,1,['e498566a78d36b3ce13304157993b9b4269045840f1d63663ab07328cc5c6a9ebc15f47c9ae340cbebf706bc8faebd35ccc4f11ae0aa4cb9a223345224329757'],,,,,
133,STROMPREIS (ÖSTERREICH),MARKET_METRIC,Metric: electricity price; Value: forecastable and only slightly internationally dependent; Unit: qualitative; Reference year: not stated; Geographic scope: Austria; Approximate: yes; Source meaning: Describes the predictable and relatively independent nature of Austrian electricity price in the scenario.,1,0,['e498566a78d36b3ce13304157993b9b4269045840f1d63663ab07328cc5c6a9ebc15f47c9ae340cbebf706bc8faebd35ccc4f11ae0aa4cb9a223345224329757'],,,,,
134,HOHE AKZEPTANZ DER PHOTOVOLTAIK IN DER BEVÖLKERUNG,MARKET_METRIC,"Metric: social acceptance of photovoltaic deployment; Value: high; Unit: qualitative; Reference year: not stated; Geographic scope: Austria; Approximate: yes; Source meaning: Photovoltaic deployment achieves high acceptance among the population through building, parking lot, and infrastructure integration.",1,0,['e498566a78d36b3ce13304157993b9b4269045840f1d63663ab07328cc5c6a9ebc15f47c9ae340cbebf706bc8faebd35ccc4f11ae0aa4cb9a223345224329757'],,,,,
135,LANGLEBIGE PV-PRODUKTE,MARKET_METRIC,Metric: longevity of PV products; Value: long-lived; Unit: qualitative; Reference year: not stated; Geographic scope: Austria; Approximate: yes; Source meaning: PV products are characterized by high durability in the described scenario.,1,1,['e498566a78d36b3ce13304157993b9b4269045840f1d63663ab07328cc5c6a9ebc15f47c9ae340cbebf706bc8faebd35ccc4f11ae0aa4cb9a223345224329757'],,,,,
136,RECYCLINGFÄHIGKEIT PV-PRODUKTE,MARKET_METRIC,Metric: recyclability of PV products; Value: meeting circular economy criteria; Unit: qualitative; Reference year: not stated; Geographic scope: Austria; Approximate: yes; Source meaning: PV products comply with circular economy requirements in the scenario.,1,1,['e498566a78d36b3ce13304157993b9b4269045840f1d63663ab07328cc5c6a9ebc15f47c9ae340cbebf706bc8faebd35ccc4f11ae0aa4cb9a223345224329757'],,,,,
137,EXPORT VON PV-TECHNOLOGIE UND KOMPONENTEN,MARKET_METRIC,Metric: export of PV technology and components from Austria; Value: attractive globally; Unit: qualitative; Reference year: not stated; Geographic scope: global; Approximate: yes; Source meaning: Certain Austrian PV technologies are described as export successes worldwide.,1,1,['e498566a78d36b3ce13304157993b9b4269045840f1d63663ab07328cc5c6a9ebc15f47c9ae340cbebf706bc8faebd35ccc4f11ae0aa4cb9a223345224329757'],,,,,
138,ERZEUGTE PV-STROM FÜR WÄRME UND MOBILITÄT,TARGET,Target: use of PV-generated electricity sector-overarching for heat and mobility; Target value: large share; Unit: qualitative; Deadline: not stated; Geographic scope: Austria; Status: scenario; Source meaning: PV electricity is increasingly used for heat and mobility services.,1,1,['e498566a78d36b3ce13304157993b9b4269045840f1d63663ab07328cc5c6a9ebc15f47c9ae340cbebf706bc8faebd35ccc4f11ae0aa4cb9a223345224329757'],,,,,
139,ZEITOPTIMALE NUTZUNG VON PV-STROM,TARGET,Target: time-optimal use of self-generated PV electricity; Target value: as much as possible; Unit: qualitative; Deadline: not stated; Geographic scope: Austria; Status: scenario; Source meaning: Flexible consumers ensure the optimal temporal allocation of PV-generated power.,1,1,['e498566a78d36b3ce13304157993b9b4269045840f1d63663ab07328cc5c6a9ebc15f47c9ae340cbebf706bc8faebd35ccc4f11ae0aa4cb9a223345224329757'],,,,,
140,SEKTORÜBERGREIFENDE NUTZUNG VON PV-STROM,TARGET,"Target: cross-sectoral use of PV-generated electricity; Target value: large share; Unit: qualitative; Deadline: not stated; Geographic scope: Austria; Status: scenario; Source meaning: PV-generated electricity is extensively employed for heat, mobility, and other sectoral demands.",1,1,['e498566a78d36b3ce13304157993b9b4269045840f1d63663ab07328cc5c6a9ebc15f47c9ae340cbebf706bc8faebd35ccc4f11ae0aa4cb9a223345224329757'],,,,,
141,VERHINDERUNG VON EINSPEISE- UND LASTSPITZEN DURCH EMANAGEMENT UND SPEICHER,TARGET,Target: prevention of feed-in and load peaks via on-site integration of energy management systems and storage; Target value: system-wide; Unit: qualitative; Deadline: not stated; Geographic scope: Austria; Status: scenario; Source meaning: Integration of energy management and storage in nearly every PV system is described as preventing feed-in and demand peaks.,1,2,['e498566a78d36b3ce13304157993b9b4269045840f1d63663ab07328cc5c6a9ebc15f47c9ae340cbebf706bc8faebd35ccc4f11ae0aa4cb9a223345224329757'],,,,,
142,NEUE PRODUKTIONSPROZESSE UND SKALENEFFEKTE,SUPPORT_SCHEME,New production processes and economies of scale are supported mechanisms that guarantee lower costs in the Austrian PV sector.,1,1,['e498566a78d36b3ce13304157993b9b4269045840f1d63663ab07328cc5c6a9ebc15f47c9ae340cbebf706bc8faebd35ccc4f11ae0aa4cb9a223345224329757'],,,,,
143,MEHRFAMILIENHÄUSER,GEOGRAPHIC_AREA,"Multi-family buildings in Austria, referenced as loci for the participation of residents in the energy transition through collective generation and ownership models.",1,0,['f9e54ba797ff2b80a5f0e5f24e3901236ac4130e4e84d01615e67bc810b290cd5ac7c08f71a782797073050d512eda2695c3659569deba0d4bd5c3ab6195784a'],,,,,
144,GEMEINSCHAFTSANLAGE,TECHNOLOGY,"A shared PV installation enabling community-based energy generation/consumption among multiple users, relevant for multi-occupancy buildings.",1,2,['f9e54ba797ff2b80a5f0e5f24e3901236ac4130e4e84d01615e67bc810b290cd5ac7c08f71a782797073050d512eda2695c3659569deba0d4bd5c3ab6195784a'],,,,,
145,ENERGIEGEMEINSCHAFT,STAKEHOLDER,"Energy communities; stakeholder groups participating collectively in renewable energy generation, consumption, or distribution, allowing broader citizen participation.",1,2,['f9e54ba797ff2b80a5f0e5f24e3901236ac4130e4e84d01615e67bc810b290cd5ac7c08f71a782797073050d512eda2695c3659569deba0d4bd5c3ab6195784a'],,,,,
146,BEWOHNER:INNEN IN MEHRFAMILIENHÄUSERN,STAKEHOLDER,Residents of multi-family buildings in Austria; stakeholders in PV deployment and energy market participation via shared installations and energy communities.,1,2,['f9e54ba797ff2b80a5f0e5f24e3901236ac4130e4e84d01615e67bc810b290cd5ac7c08f71a782797073050d512eda2695c3659569deba0d4bd5c3ab6195784a'],,,,,
147,BETREIBER:INNEN DER PV-ANLAGEN,STAKEHOLDER,Operators of PV systems in Austria; stakeholders enabled by digital market communication to participate directly in electricity and flexibility markets.,1,1,['f9e54ba797ff2b80a5f0e5f24e3901236ac4130e4e84d01615e67bc810b290cd5ac7c08f71a782797073050d512eda2695c3659569deba0d4bd5c3ab6195784a'],,,,,
148,SMARTE ENERGIEMANAGEMENTLÖSUNGEN,TECHNOLOGY,"Smart energy management solutions that optimize the use of building-produced PV electricity, are usable in households and businesses, and can be automated or simple to use.",1,2,['f9e54ba797ff2b80a5f0e5f24e3901236ac4130e4e84d01615e67bc810b290cd5ac7c08f71a782797073050d512eda2695c3659569deba0d4bd5c3ab6195784a'],,,,,
149,HAUSHALT,STAKEHOLDER,"HAUSHALT refers to households in Austria who are stakeholders benefiting from decentralized photovoltaic (PV) generation, enabled to use PV electricity directly at the point of demand, and whose energy usage can be optimized and managed through smart energy management solutions as part of the energy transition.",3,3,"['f9e54ba797ff2b80a5f0e5f24e3901236ac4130e4e84d01615e67bc810b290cd5ac7c08f71a782797073050d512eda2695c3659569deba0d4bd5c3ab6195784a'
 'dafd7f2f39e49c87969ec1360e9fae0af9de6f290655205c8c120dd24dcc85da04f0536237f7f9529d31deed892d5abae3b8f58fb66ae9e497327f23b1e6b750'
 '05802f69e17001a506260c74ca400f6a1368fbf0132720e670d13ffd39c31d615ca94e0ffc071332bd317faa48542bde7970720b9f035d496136fc5d6bbb8ca5']",,,,,
150,DIGITALE MARKTKOMMUNIKATION,INFRASTRUCTURE,Digital market communication infrastructure; provides direct access for PV system operators to participate in various electricity and flexibility markets.,1,2,['f9e54ba797ff2b80a5f0e5f24e3901236ac4130e4e84d01615e67bc810b290cd5ac7c08f71a782797073050d512eda2695c3659569deba0d4bd5c3ab6195784a'],,,,,
151,INVESTITIONSZUSCHUSS FÜR AGRI-PV ANLAGEN,SUPPORT_SCHEME,"Investment subsidy provided for Agri-PV systems, granted without deductions if primary agricultural use is not or only minimally affected, as per EAG §56(10).",1,2,['f9e54ba797ff2b80a5f0e5f24e3901236ac4130e4e84d01615e67bc810b290cd5ac7c08f71a782797073050d512eda2695c3659569deba0d4bd5c3ab6195784a'],,,,,
152,AUSBBAUPOTENTIAL PHOTOVOLTAIK — 41 TWH BY 2040,TARGET,Target: PV expansion potential; Target value: 41; Unit: TWh; Deadline: 2040; Geographic scope: Austria; Status: scenario; Source meaning: The Integrated Austrian Network Infrastructure Plan (ÖNIP/NIP) identifies a technical deployment potential of 41 TWh PV electricity generation by 2040.,1,6,['f9e54ba797ff2b80a5f0e5f24e3901236ac4130e4e84d01615e67bc810b290cd5ac7c08f71a782797073050d512eda2695c3659569deba0d4bd5c3ab6195784a'],,,,,
153,POTENZIAL PV AUF GEBÄUDEN — 15 TWH BY 2040,TARGET,Target: PV generation potential on existing and new buildings; Target value: approximately 15; Unit: TWh; Deadline: 2040; Geographic scope: Austria; Status: scenario; Source meaning: At least approximately 15 TWh of the 41 TWh total PV potential is considered achievable on existing and new buildings by 2040.,1,2,['f9e54ba797ff2b80a5f0e5f24e3901236ac4130e4e84d01615e67bc810b290cd5ac7c08f71a782797073050d512eda2695c3659569deba0d4bd5c3ab6195784a'],,,,,
154,"PV-ANTEIL AM STROMENDVERBRAUCH — CA. 10% (ÖSTERREICH, 2023)",MARKET_METRIC,"Metric: share of photovoltaics in final electricity consumption; Value: approx. 10; Unit: percent; Reference year: 2023; Geographic scope: Austria; Approximate: yes; Source meaning: By the end of 2023, PV installations supplied about 10% of Austria's final electricity consumption.",1,2,['f9e54ba797ff2b80a5f0e5f24e3901236ac4130e4e84d01615e67bc810b290cd5ac7c08f71a782797073050d512eda2695c3659569deba0d4bd5c3ab6195784a'],,,,,
155,"PV-ANTEIL AM ENERGIEBEDARF — CA. 2% (ÖSTERREICH, 2023)",MARKET_METRIC,"Metric: share of photovoltaics in energy demand; Value: approx. 2; Unit: percent; Reference year: 2023; Geographic scope: Austria; Approximate: yes; Source meaning: By the end of 2023, PV installations provided about 2% of Austria's total energy demand.",1,2,['f9e54ba797ff2b80a5f0e5f24e3901236ac4130e4e84d01615e67bc810b290cd5ac7c08f71a782797073050d512eda2695c3659569deba0d4bd5c3ab6195784a'],,,,,
156,"PV-ANTEIL AM ENERGIEANGEBOT — 20% (ÖSTERREICH, 2040 ZIEL)",TARGET,"Target: photovoltaic share of total energy supply; Target value: 20; Unit: percent; Deadline: 2040; Geographic scope: Austria; Status: scenario; Source meaning: By 2040, photovoltaics are projected to provide about 20% of Austria's energy supply.",1,2,['f9e54ba797ff2b80a5f0e5f24e3901236ac4130e4e84d01615e67bc810b290cd5ac7c08f71a782797073050d512eda2695c3659569deba0d4bd5c3ab6195784a'],,,,,
157,"PV-STROMERZEUGUNG ERFORDERLICH — 21 TWH (ÖSTERREICH, 2030)",TARGET,"Target: required photovoltaic electricity generation; Target value: 21; Unit: TWh; Deadline: 2030; Geographic scope: Austria; Status: scenario; Source meaning: According to the NIP scenario, 21 TWh PV electricity is needed by 2030 to enable 100% of Austria's electricity consumption to be nationally accounted as renewable starting in 2030.",1,4,['f9e54ba797ff2b80a5f0e5f24e3901236ac4130e4e84d01615e67bc810b290cd5ac7c08f71a782797073050d512eda2695c3659569deba0d4bd5c3ab6195784a'],,,,,
158,PV-ZUWACHS GEGENÜBER 2020 ERFORDERLICH — 19 TWH BIS 2030,TARGET,"Target: required PV expansion increase compared to 2020; Target value: 19; Unit: TWh; Deadline: 2030; Geographic scope: Austria; Status: scenario; Source meaning: To meet 100% renewable accounting by 2030, an increase of 19 TWh PV output over 2020 is identified as necessary.",1,2,['f9e54ba797ff2b80a5f0e5f24e3901236ac4130e4e84d01615e67bc810b290cd5ac7c08f71a782797073050d512eda2695c3659569deba0d4bd5c3ab6195784a'],,,,,
159,EAG GENANNTE ZUBAUMENGE PV BIS 2030 GEGENÜBER 2020 — 11 TWH,TARGET,Target: PV expansion quantity stated in EAG compared to 2020; Target value: 11; Unit: TWh; Deadline: 2030; Geographic scope: Austria; Status: official; Source meaning: The EAG law cites an expansion goal of 11 TWh additional PV generation by 2030 relative to 2020.,1,2,['f9e54ba797ff2b80a5f0e5f24e3901236ac4130e4e84d01615e67bc810b290cd5ac7c08f71a782797073050d512eda2695c3659569deba0d4bd5c3ab6195784a'],,,,,
160,INTEGRIERTER ÖSTERREICHISCHER NETZINFRASTRUKTURPLAN (NIP/ÖNIP),POLICY,Policy type: plan; Jurisdiction: Austria; Status: draft; Source meaning: The Integrated Austrian Network Infrastructure Plan (ÖNIP) determines PV expansion potential and is based on the Umweltbundesamt's Transition 2040 scenario.,1,3,['f9e54ba797ff2b80a5f0e5f24e3901236ac4130e4e84d01615e67bc810b290cd5ac7c08f71a782797073050d512eda2695c3659569deba0d4bd5c3ab6195784a'],,,,,
161,ENERGIE- UND TREIBHAUSGASSZENARIO TRANSITION 2040,POLICY,"Policy type: scenario; Jurisdiction: Austria; Status: scenario; Source meaning: Developed by Umweltbundesamt, informs the NIP/ÖNIP on long-term energy and greenhouse gas development and PV potential.",1,2,['f9e54ba797ff2b80a5f0e5f24e3901236ac4130e4e84d01615e67bc810b290cd5ac7c08f71a782797073050d512eda2695c3659569deba0d4bd5c3ab6195784a'],,,,,
162,UMWELTBUNDESAMT,ORGANIZATION,"Environmental Agency Austria (Umweltbundesamt), author of the Transition 2040 energy and GHG scenario referenced in the expansion planning and PV potential assessment.",1,1,['f9e54ba797ff2b80a5f0e5f24e3901236ac4130e4e84d01615e67bc810b290cd5ac7c08f71a782797073050d512eda2695c3659569deba0d4bd5c3ab6195784a'],,,,,
163,"REKORDMARKEN PV-NEUINSTALLATION — 1 GW (2022); 2,5 GW (2023)",MARKET_METRIC,"Metric: PV new installations; Value: 1 GW in 2022, 2.5 GW in 2023; Unit: GW; Reference years: 2022, 2023; Geographic scope: Austria; Approximate: yes for 2023; Source meaning: 2022 saw 1 GW, and 2023 about 2.5 GW of new PV installations, marking record values.",1,2,['f9e54ba797ff2b80a5f0e5f24e3901236ac4130e4e84d01615e67bc810b290cd5ac7c08f71a782797073050d512eda2695c3659569deba0d4bd5c3ab6195784a'],,,,,
164,AUSBBAUPOTENTIAL PV — 2 GW/JAHR (MITTELWERT BIS 2040),MARKET_METRIC,Metric: average annual PV expansion potential; Value: about 2; Unit: GW/year; Reference period: through 2040; Geographic scope: Austria; Approximate: yes; Source meaning: The depicted PV expansion path for Austria averages 2 GW per year to achieve 41 TWh annual generation by 2040.,1,2,['f9e54ba797ff2b80a5f0e5f24e3901236ac4130e4e84d01615e67bc810b290cd5ac7c08f71a782797073050d512eda2695c3659569deba0d4bd5c3ab6195784a'],,,,,
165,FRAGE DER ANBINDUNG AN DAS ÖFFENTLICHE STROMNETZ,CONSTRAINT,Constraint: Question/challenge of grid connection for PV systems; Source meaning: Connection of new PV installations to the public electricity grid is identified as a key challenge to accelerated PV expansion.,1,1,['f9e54ba797ff2b80a5f0e5f24e3901236ac4130e4e84d01615e67bc810b290cd5ac7c08f71a782797073050d512eda2695c3659569deba0d4bd5c3ab6195784a'],,,,,
166,AKZEPTANZ IN DER BEVÖLKERUNG,CONSTRAINT,Constraint: Acceptance in the population; Source meaning: Societal/public acceptance is recognized as a challenge affecting PV expansion.,1,1,['f9e54ba797ff2b80a5f0e5f24e3901236ac4130e4e84d01615e67bc810b290cd5ac7c08f71a782797073050d512eda2695c3659569deba0d4bd5c3ab6195784a'],,,,,
167,LANGFRISTIGE WIRTSCHAFTLICHKEIT,CONSTRAINT,Constraint: Long-term economic viability; Source meaning: Ensuring ongoing economic sustainability for PV projects is listed as a challenge.,1,1,['f9e54ba797ff2b80a5f0e5f24e3901236ac4130e4e84d01615e67bc810b290cd5ac7c08f71a782797073050d512eda2695c3659569deba0d4bd5c3ab6195784a'],,,,,
168,MARKTKAPAZITÄTEN,CONSTRAINT,"Constraint: Market capacities; Source meaning: Sufficient market capacity (e.g., supply chains, skilled labor, resources) is noted as a challenge for accelerated PV growth.",1,1,['f9e54ba797ff2b80a5f0e5f24e3901236ac4130e4e84d01615e67bc810b290cd5ac7c08f71a782797073050d512eda2695c3659569deba0d4bd5c3ab6195784a'],,,,,
169,WINDKRAFT,TECHNOLOGY,Wind power is identified as one of the principal renewable energy technologies included in Austria's future energy mix together with hydropower and photovoltaics.,1,1,['f9e54ba797ff2b80a5f0e5f24e3901236ac4130e4e84d01615e67bc810b290cd5ac7c08f71a782797073050d512eda2695c3659569deba0d4bd5c3ab6195784a'],,,,,
170,STROM- UND FLEXIBILITÄTSMÄRKTE,INFRASTRUCTURE,"STROM- UND FLEXIBILITÄTSMÄRKTE are electricity and flexibility markets that are digitalized platforms enabling direct or collective participation of PV operators and communities with their electricity generation or flexibility options, supported by digital market communication infrastructure.",2,3,"['f9e54ba797ff2b80a5f0e5f24e3901236ac4130e4e84d01615e67bc810b290cd5ac7c08f71a782797073050d512eda2695c3659569deba0d4bd5c3ab6195784a'
 '05802f69e17001a506260c74ca400f6a1368fbf0132720e670d13ffd39c31d615ca94e0ffc071332bd317faa48542bde7970720b9f035d496136fc5d6bbb8ca5']",,,,,
171,WERTSCHÖPFUNG,MARKET_METRIC,"Metric: domestic value creation; Value: not numerically specified in the text; Geographic scope: Austria; Approximate: no; Source meaning: Increased PV deployment is said to enhance Austria's domestic value creation, though no explicit value is provided.",1,1,['f9e54ba797ff2b80a5f0e5f24e3901236ac4130e4e84d01615e67bc810b290cd5ac7c08f71a782797073050d512eda2695c3659569deba0d4bd5c3ab6195784a'],,,,,
172,FORSCHUNGSEINRICHTUNGEN,ORGANIZATION,Leading research institutions in Austria are mentioned as benefiting from and contributing to Austria's role as a location for advanced PV development and innovation.,1,2,['f9e54ba797ff2b80a5f0e5f24e3901236ac4130e4e84d01615e67bc810b290cd5ac7c08f71a782797073050d512eda2695c3659569deba0d4bd5c3ab6195784a'],,,,,
173,ERNEUERBAREN-AUSBAU-GESETZ,POLICY,"The ERNEUERBAREN-AUSBAU-GESETZ (Renewable Expansion Act) is a law in force in Austria that establishes the legal framework for photovoltaic (PV) expansion, introduces higher incentives for dual-use and other preferred PV applications, segments funding by size class, and establishes four funding categories to support PV installations of various sizes, providing market opportunities especially for small and medium-sized installations.",2,4,"['06c273ec9919eb4693462fdacebd50536ccdcf47bacc47b2b30c8a69005636b654b4919dc579696a4a7abbde4a00511a66f0c0be040f4ffc907fc316bee009dc'
 'dafd7f2f39e49c87969ec1360e9fae0af9de6f290655205c8c120dd24dcc85da04f0536237f7f9529d31deed892d5abae3b8f58fb66ae9e497327f23b1e6b750']",,,,,
174,WOHNUNGSEIGENTUMSGESETZ (NOVELLE 2022),POLICY,Policy type: law; Jurisdiction: Austria; Status: adopted/implemented (amended in January 2022); Source meaning: This amendment to the Condominium Act eased the construction of PV installations for rowhouses or single buildings.,1,1,['06c273ec9919eb4693462fdacebd50536ccdcf47bacc47b2b30c8a69005636b654b4919dc579696a4a7abbde4a00511a66f0c0be040f4ffc907fc316bee009dc'],,,,,
175,PHOTOVOLTAIK-AUSBAU BIS 2040 — DURCHSCHNITTLICH 2 GW PRO JAHR,TARGET,Target: average annual photovoltaic capacity expansion; Target value: 2; Unit: GW per year; Deadline: 2040; Geographic scope: Austria; Status: planned; Source meaning: Austria intends to maintain an average annual PV expansion of 2 GW up to 2040.,1,2,['06c273ec9919eb4693462fdacebd50536ccdcf47bacc47b2b30c8a69005636b654b4919dc579696a4a7abbde4a00511a66f0c0be040f4ffc907fc316bee009dc'],,,,,
176,ENERGIEWENDE,POLICY,"Policy type: broad transition process; Jurisdiction: Austria; Status: ongoing; Source meaning: The energy transition refers to the fundamental transformation of Austria's energy system, in which the expansion of photovoltaics plays a central and cross-sectoral role.",1,6,['06c273ec9919eb4693462fdacebd50536ccdcf47bacc47b2b30c8a69005636b654b4919dc579696a4a7abbde4a00511a66f0c0be040f4ffc907fc316bee009dc'],,,,,
177,STROMNETZE,INFRASTRUCTURE,"STROMNETZE refers to electricity grids in Austria, designated as public infrastructure that are subject to cost-optimized further development within the energy infrastructure action field to enable sector-wide photovoltaic expansion and addressed in the context of hosting capacity and optimal use through flexibility measures.",2,5,"['06c273ec9919eb4693462fdacebd50536ccdcf47bacc47b2b30c8a69005636b654b4919dc579696a4a7abbde4a00511a66f0c0be040f4ffc907fc316bee009dc'
 '2d9fdebd364caf6ea226dc0ee6624e0c2d54fc65848a9cd18f9b868675333d5be302c20a6cbb1b4f9503e536f5051a60a8783cd3657ab2cf1f9daf65be366c76']",,,,,
178,ENERGIEINFRASTRUKTUREN,INFRASTRUCTURE,"ENERGIEINFRASTRUKTUREN refers to physical and digital infrastructures for producing, transmitting, distributing, storing, or managing energy, including infrastructures beyond power grids, which are subject to cost-optimized further development for sector-wide PV expansion in Austria.",2,2,"['06c273ec9919eb4693462fdacebd50536ccdcf47bacc47b2b30c8a69005636b654b4919dc579696a4a7abbde4a00511a66f0c0be040f4ffc907fc316bee009dc'
 '9ce049a98570c6bf53cf9e547168db075af2795fa519422bd27a2c9aa5b490c4b26aef25883802c4d8eb6e4dcb09c866e7d31677352f7beb6c4f9fcbbcc75e9b']",,,,,
179,PRIVATPERSONEN,STAKEHOLDER,"PRIVATPERSONEN (private individuals) are a key stakeholder group expected to find PV system installation attractive under favorable regulatory conditions, and are referenced as end users who will participate in smart local energy management and storage for managing generation and consumption peaks and increasing self-consumption.",2,2,"['06c273ec9919eb4693462fdacebd50536ccdcf47bacc47b2b30c8a69005636b654b4919dc579696a4a7abbde4a00511a66f0c0be040f4ffc907fc316bee009dc'
 '6a1a5132f360531b1174e0eac2b2c5b6ece3b0771a8037231306baf0af8e8ca23de435f581fc62d6794cab81a5dadf3235b66eda56c331a0043621c688fbe302']",,,,,
180,PHOTOVOLTAIKANLAGEN,TECHNOLOGY,"PHOTOVOLTAIKANLAGEN refers to photovoltaic installations or PV systems in Austria, which are concrete installations designed for operation over more than 25 years and whose deployment targets both private individuals and companies, including installations with orientations optimized for edge times (Randzeiten) or winter periods.",2,8,"['06c273ec9919eb4693462fdacebd50536ccdcf47bacc47b2b30c8a69005636b654b4919dc579696a4a7abbde4a00511a66f0c0be040f4ffc907fc316bee009dc'
 '2d9fdebd364caf6ea226dc0ee6624e0c2d54fc65848a9cd18f9b868675333d5be302c20a6cbb1b4f9503e536f5051a60a8783cd3657ab2cf1f9daf65be366c76']",,,,,
181,DOPPELNUTZUNGEN UND ANDERE BEVORZUGTE PV-ANWENDUNGEN,TECHNOLOGY,"Dual-use and other preferred PV applications, identified in the legal framework as eligible for increased incentives.",1,1,['06c273ec9919eb4693462fdacebd50536ccdcf47bacc47b2b30c8a69005636b654b4919dc579696a4a7abbde4a00511a66f0c0be040f4ffc907fc316bee009dc'],,,,,
182,FÖRDERMITTEL IN GRÖSSENKLASSEN,SUPPORT_SCHEME,"Funding segmented by system size class, as specified in the Renewable Expansion Act to support PV expansion.",1,1,['06c273ec9919eb4693462fdacebd50536ccdcf47bacc47b2b30c8a69005636b654b4919dc579696a4a7abbde4a00511a66f0c0be040f4ffc907fc316bee009dc'],,,,,
183,FÖRDERUNGEN FÜR DOPPELNUTZUNGEN UND BEVORZUGTE PV-ANWENDUNGEN,SUPPORT_SCHEME,"Increased incentives for dual-use and other preferred PV applications, established in the Renewable Expansion Act.",1,2,['06c273ec9919eb4693462fdacebd50536ccdcf47bacc47b2b30c8a69005636b654b4919dc579696a4a7abbde4a00511a66f0c0be040f4ffc907fc316bee009dc'],,,,,
184,AKZEPTANZ,CONSTRAINT,Confidence and acceptance in the population toward widely visible PV installations and associated electrical infrastructure is identified as a necessary condition for sustained PV deployment.,1,3,['06c273ec9919eb4693462fdacebd50536ccdcf47bacc47b2b30c8a69005636b654b4919dc579696a4a7abbde4a00511a66f0c0be040f4ffc907fc316bee009dc'],,,,,
185,WIRTSCHAFTLICHER ANLAGENBETRIEB,CONSTRAINT,The economic operation of PV systems over more than 25 years is recognized as a necessary field for successful deployment and sustained expansion.,1,2,['06c273ec9919eb4693462fdacebd50536ccdcf47bacc47b2b30c8a69005636b654b4919dc579696a4a7abbde4a00511a66f0c0be040f4ffc907fc316bee009dc'],,,,,
186,FORSCHUNGSEINRICHTUNGEN IM BEREICH DER PHOTOVOLTAIK,ORGANIZATION,"Research institutions in the field of photovoltaics, which are positioned as a strength for Austria and contribute to innovation and knowledge leadership.",1,2,['06c273ec9919eb4693462fdacebd50536ccdcf47bacc47b2b30c8a69005636b654b4919dc579696a4a7abbde4a00511a66f0c0be040f4ffc907fc316bee009dc'],,,,,
187,INTERNATIONAL AGIERENDE PRODUZENT:INNEN IM BEREICH DER PHOTOVOLTAIK,STAKEHOLDER,"Internationally operating producers in the field of photovoltaics, relevant for domestic value creation and employment within Austria’s PV economy.",1,1,['06c273ec9919eb4693462fdacebd50536ccdcf47bacc47b2b30c8a69005636b654b4919dc579696a4a7abbde4a00511a66f0c0be040f4ffc907fc316bee009dc'],,,,,
188,PHOTOVOLTAIK-INDUSTRIE UND GEWERBE,STAKEHOLDER,"The Austrian PV industry and trades sector, identified as a provider of economic value creation and employment through the PV expansion.",1,1,['06c273ec9919eb4693462fdacebd50536ccdcf47bacc47b2b30c8a69005636b654b4919dc579696a4a7abbde4a00511a66f0c0be040f4ffc907fc316bee009dc'],,,,,
189,FORSCHUNG-TECHNOLOGIE-INNOVATION,POLICY,Policy type: action field/strategy area; Jurisdiction: Austria; Status: ongoing; Source meaning: The field dedicated to developing new technical and systemic PV solutions as part of Austria’s strategic PV expansion.,1,2,['06c273ec9919eb4693462fdacebd50536ccdcf47bacc47b2b30c8a69005636b654b4919dc579696a4a7abbde4a00511a66f0c0be040f4ffc907fc316bee009dc'],,,,,
190,WÄRMESEKTOR,GEOGRAPHIC_AREA,"The heating sector is a major sector in Austria whose energy transition is impacted by photovoltaic expansion, as described in the national strategy.",1,2,['06c273ec9919eb4693462fdacebd50536ccdcf47bacc47b2b30c8a69005636b654b4919dc579696a4a7abbde4a00511a66f0c0be040f4ffc907fc316bee009dc'],,,,,
191,INDUSTRIESEKTOR,GEOGRAPHIC_AREA,"The industrial sector in Austria is one of the areas fundamentally influenced by the expansion of photovoltaics, as noted in the national strategy.",1,2,['06c273ec9919eb4693462fdacebd50536ccdcf47bacc47b2b30c8a69005636b654b4919dc579696a4a7abbde4a00511a66f0c0be040f4ffc907fc316bee009dc'],,,,,
192,ENERGIEVERSORGUNG,INFRASTRUCTURE,"The energy supply system as a whole in Austria, which is influenced by the expansion of photovoltaics and is essential for the energy transition process.",1,1,['06c273ec9919eb4693462fdacebd50536ccdcf47bacc47b2b30c8a69005636b654b4919dc579696a4a7abbde4a00511a66f0c0be040f4ffc907fc316bee009dc'],,,,,
193,ELEKTRISCHE INFRASTRUKTUREN,INFRASTRUCTURE,Electrical infrastructures associated with the sectoral deployment of photovoltaics and subject to societal acceptance.,1,1,['06c273ec9919eb4693462fdacebd50536ccdcf47bacc47b2b30c8a69005636b654b4919dc579696a4a7abbde4a00511a66f0c0be040f4ffc907fc316bee009dc'],,,,,
194,ENERGIESOUVERÄNITÄT ÖSTERREICHS,TARGET,Target: increased Austrian energy sovereignty; Target value: not quantified; Unit: not applicable; Deadline: not specified; Geographic scope: Austria; Status: aspirational; Source meaning: Improving Austria’s independence from international electricity prices and imports is described as a major benefit and goal of PV expansion.,1,1,['06c273ec9919eb4693462fdacebd50536ccdcf47bacc47b2b30c8a69005636b654b4919dc579696a4a7abbde4a00511a66f0c0be040f4ffc907fc316bee009dc'],,,,,
195,KOSTENGÜNSTIGE UND KALKULIERBARE STROMPREISE,TARGET,Target: affordable and predictable electricity prices; Target value: not quantified; Unit: not applicable; Deadline: not specified; Geographic scope: Austria; Status: aspirational; Source meaning: Achieving cost-effective and calculable electricity prices via PV expansion is a stated aim and benefit for Austria’s economic competitiveness.,1,1,['06c273ec9919eb4693462fdacebd50536ccdcf47bacc47b2b30c8a69005636b654b4919dc579696a4a7abbde4a00511a66f0c0be040f4ffc907fc316bee009dc'],,,,,
196,HOHE HEIMISCHE WERTSCHÖPFUNG,TARGET,Target: high domestic value creation through PV expansion; Target value: not quantified; Unit: not applicable; Deadline: not specified; Geographic scope: Austria; Status: aspirational; Source meaning: Generating substantial value within Austria’s economy is cited as a major expected outcome of PV expansion.,1,1,['06c273ec9919eb4693462fdacebd50536ccdcf47bacc47b2b30c8a69005636b654b4919dc579696a4a7abbde4a00511a66f0c0be040f4ffc907fc316bee009dc'],,,,,
197,TEILHABE DER BÜRGER:INNEN AM ENERGIESEKTOR,TARGET,Target: increased citizen participation in the energy sector; Target value: not quantified; Unit: not applicable; Deadline: not specified; Geographic scope: Austria; Status: aspirational; Source meaning: Enhancing citizen participation in the energy sector is articulated as an aim and effect of PV expansion.,1,1,['06c273ec9919eb4693462fdacebd50536ccdcf47bacc47b2b30c8a69005636b654b4919dc579696a4a7abbde4a00511a66f0c0be040f4ffc907fc316bee009dc'],,,,,
198,BREITE SICHTBARKEIT DER PV-INSTALLATIONEN,MARKET_METRIC,Metric: broad visibility of PV installations; Value: not quantified; Unit: not applicable; Reference year: not specified; Geographic scope: Austria; Approximate: yes; Source meaning: The high visibility of PV installations in Austria is noted as a fact relevant to social acceptance.,1,2,['06c273ec9919eb4693462fdacebd50536ccdcf47bacc47b2b30c8a69005636b654b4919dc579696a4a7abbde4a00511a66f0c0be040f4ffc907fc316bee009dc'],,,,,
199,DAUERHAFTE AKZEPTANZ IN DER BEVÖLKERUNG,TARGET,Target: sustained acceptance in the population for PV expansion and related electric infrastructure; Target value: not quantified; Unit: not applicable; Deadline: not specified; Geographic scope: Austria; Status: aspirational; Source meaning: Permanent social acceptance is described as a requirement and goal for successful PV rollout.,1,1,['06c273ec9919eb4693462fdacebd50536ccdcf47bacc47b2b30c8a69005636b654b4919dc579696a4a7abbde4a00511a66f0c0be040f4ffc907fc316bee009dc'],,,,,
200,QUALIFIZIERTE ARBEITSPLÄTZE IN DER PHOTOVOLTAIK-INDUSTRIE UND DEM GEWERBE,TARGET,Target: many qualified jobs in the PV industry and trades; Target value: not quantified; Unit: not applicable; Deadline: not specified; Geographic scope: Austria; Status: aspirational; Source meaning: Creation of qualified jobs is a stated aim and benefit of PV expansion for Austria.,1,1,['06c273ec9919eb4693462fdacebd50536ccdcf47bacc47b2b30c8a69005636b654b4919dc579696a4a7abbde4a00511a66f0c0be040f4ffc907fc316bee009dc'],,,,,
201,INNOVATIVE UNTERNEHMEN IM BEREICH DER PHOTOVOLTAIK,STAKEHOLDER,"Innovative companies in the field of photovoltaics, highlighted as a strength and asset for Austria’s economy and industry positioning.",1,1,['06c273ec9919eb4693462fdacebd50536ccdcf47bacc47b2b30c8a69005636b654b4919dc579696a4a7abbde4a00511a66f0c0be040f4ffc907fc316bee009dc'],,,,,
202,FÜHRENDE FORSCHUNGSEINRICHTUNGEN IM BEREICH DER PHOTOVOLTAIK,ORGANIZATION,"Leading research institutions in the field of photovoltaics, positioned as nationally significant entities for innovation and economic advantage.",1,1,['06c273ec9919eb4693462fdacebd50536ccdcf47bacc47b2b30c8a69005636b654b4919dc579696a4a7abbde4a00511a66f0c0be040f4ffc907fc316bee009dc'],,,,,
203,MAXIMALEN NUTZEN FÜR DIE BEVÖLKERUNG,TARGET,Target: maximum benefit for the population from PV expansion; Target value: not quantified; Unit: not applicable; Deadline: not specified; Geographic scope: Austria; Status: aspirational; Source meaning: Generating the greatest benefit for society is identified as a core goal of the national PV strategy.,1,1,['06c273ec9919eb4693462fdacebd50536ccdcf47bacc47b2b30c8a69005636b654b4919dc579696a4a7abbde4a00511a66f0c0be040f4ffc907fc316bee009dc'],,,,,
204,STANDORTVORTEILE FÜR DIE ÖSTERREICHISCHE WIRTSCHAFT,TARGET,Target: locational advantages for the Austrian economy through PV expansion; Target value: not quantified; Unit: not applicable; Deadline: not specified; Geographic scope: Austria; Status: aspirational; Source meaning: Gaining site advantages for Austrian business is cited as an aim linked to low and predictable electricity prices from PV.,1,1,['06c273ec9919eb4693462fdacebd50536ccdcf47bacc47b2b30c8a69005636b654b4919dc579696a4a7abbde4a00511a66f0c0be040f4ffc907fc316bee009dc'],,,,,
205,UMWELTFREUNDLICHE UND RISIKOARME ENERGIEBEREITSTELLUNG,TARGET,Target: environmentally friendly and low-risk energy provision; Target value: not quantified; Unit: not applicable; Deadline: not specified; Geographic scope: Austria; Status: aspirational; Source meaning: Supplying energy in an environmentally friendly and low-risk way is an articulated objective of PV deployment.,1,1,['06c273ec9919eb4693462fdacebd50536ccdcf47bacc47b2b30c8a69005636b654b4919dc579696a4a7abbde4a00511a66f0c0be040f4ffc907fc316bee009dc'],,,,,
206,PV-AUSBAU ALS WESENTLICHER TEIL DER ENERGIEWENDE,CONSTRAINT,"The expansion of PV is described as an essential part of the energy transition, meaning insufficient PV rollout would constrain achievement of system transformation objectives.",1,1,['06c273ec9919eb4693462fdacebd50536ccdcf47bacc47b2b30c8a69005636b654b4919dc579696a4a7abbde4a00511a66f0c0be040f4ffc907fc316bee009dc'],,,,,
207,"PV-AUSBAU MIT MASSIVEM EINFLUSS AUF DEN MOBILITÄTS-, WÄRME- UND INDUSTRIESEKTOR",MARKET_METRIC,"Metric: massive influence of PV expansion on the mobility, heating, and industry sectors; Value: not quantified; Unit: not applicable; Reference year: not specified; Geographic scope: Austria; Approximate: yes; Source meaning: The strategy explicitly states that significant sectoral impacts follow from PV expansion.",1,2,['06c273ec9919eb4693462fdacebd50536ccdcf47bacc47b2b30c8a69005636b654b4919dc579696a4a7abbde4a00511a66f0c0be040f4ffc907fc316bee009dc'],,,,,
208,WOHNUNGSEIGENTUMSGESETZ-NOVELLE 2022,POLICY,Policy type: law (amendment); Jurisdiction: Austria; Status: in force; Source meaning: the 2022 amendment of the Condominium Act brought facilitation for the construction of photovoltaic systems in row houses and single buildings.,1,2,['23663988970639bea940978ccbd9150fd292856f2f31a1d587392606a64713d5dfeade66f1beea67d1cc0b0e93012337685e0eca3267f98c1695a466657a8b24'],,,,,
209,ELEKTRIZITÄTSWIRTSCHAFTSGESETZ (ELWG),POLICY,"The ELEKTRIZITÄTSWIRTSCHAFTSGESETZ (ElWG), or Electricity Industry Act, is a law in Austria that, as of early 2024, is in legislative review and described as new or updated. The Act aims to modernize Austria’s electricity market regulatory framework by introducing measures such as increased transparency in the grid, digitalization of distribution networks, establishment of new market roles, and incentives for faster integration of renewable energy installations. It also addresses issues related to the connection and operation of renewable-energy plants, especially photovoltaics, and mandates regular net development plans at the distribution level. The status is described variously as in legislative review, new/updated, or proposed/adopted (not precisely specified in the supplied descriptions).",4,13,"['23663988970639bea940978ccbd9150fd292856f2f31a1d587392606a64713d5dfeade66f1beea67d1cc0b0e93012337685e0eca3267f98c1695a466657a8b24'
 '41bd25afdc1cce74b36dd6db5e44e91354172fda16475ab6a3f6cf99bddc720aa91cb56b5ea1b1c4774c8c97017d6bb03c52ba2676d7cfaab1c73fed8ab82912'
 '6a1a5132f360531b1174e0eac2b2c5b6ece3b0771a8037231306baf0af8e8ca23de435f581fc62d6794cab81a5dadf3235b66eda56c331a0043621c688fbe302'
 '6927535991c09031efd0df39ec21591dd3bb460da14c01bc36d343f0078b726ed44d06a0c6bb518236ea61ed8c8b15365630cf185b8012e963898f2e117f7d8a']",,,,,
210,ERNEUERBAREN-AUSBAU-BESCHLEUNIGUNGSGESETZ (E-ABG),POLICY,Policy type: law; Jurisdiction: Austria; Status: in preparation; Source meaning: the Renewable Expansion Acceleration Act is expected to accelerate approval procedures for PV installations and infrastructure needed for the energy transition.,1,1,['23663988970639bea940978ccbd9150fd292856f2f31a1d587392606a64713d5dfeade66f1beea67d1cc0b0e93012337685e0eca3267f98c1695a466657a8b24'],,,,,
211,FOTOVOLTAIKANLAGE,TECHNOLOGY,"A photovoltaic installation/system used for generating electricity from sunlight, central to the regulatory and support schemes discussed.",1,16,['23663988970639bea940978ccbd9150fd292856f2f31a1d587392606a64713d5dfeade66f1beea67d1cc0b0e93012337685e0eca3267f98c1695a466657a8b24'],,,,,
212,REIHENHÄUSER UND EINZELGEBÄUDE,STAKEHOLDER,Row houses and single buildings are building types that benefit from facilitated rules for the construction of PV systems through the amended housing law.,1,2,['23663988970639bea940978ccbd9150fd292856f2f31a1d587392606a64713d5dfeade66f1beea67d1cc0b0e93012337685e0eca3267f98c1695a466657a8b24'],,,,,
213,VERTEILERNETZ,INFRASTRUCTURE,The distribution grid infrastructure relevant for grid connection and capacity transparency in the context of PV integration.,1,2,['23663988970639bea940978ccbd9150fd292856f2f31a1d587392606a64713d5dfeade66f1beea67d1cc0b0e93012337685e0eca3267f98c1695a466657a8b24'],,,,,
214,FÖRDERUNGEN FÜR PHOTOVOLTAIK,SUPPORT_SCHEME,"Support schemes for photovoltaics include financial incentives, clear regulations, and obligations to mobilize already-used or sealed surfaces for PV deployment.",1,3,['23663988970639bea940978ccbd9150fd292856f2f31a1d587392606a64713d5dfeade66f1beea67d1cc0b0e93012337685e0eca3267f98c1695a466657a8b24'],,,,,
215,ZUSCHLÄGE BEI INNOVATIVEN ANLAGENFORMEN,SUPPORT_SCHEME,Financial premiums or surcharges for innovative PV system types as implemented under the EAG.,1,2,['23663988970639bea940978ccbd9150fd292856f2f31a1d587392606a64713d5dfeade66f1beea67d1cc0b0e93012337685e0eca3267f98c1695a466657a8b24'],,,,,
216,ABSCHLÄGE BEI PV-FREIFLÄCHENANLAGEN,SUPPORT_SCHEME,Financial reductions or deductions for open-space (ground-mounted) PV installations as implemented under the EAG.,1,3,['23663988970639bea940978ccbd9150fd292856f2f31a1d587392606a64713d5dfeade66f1beea67d1cc0b0e93012337685e0eca3267f98c1695a466657a8b24'],,,,,
217,PV-PFLICHT FÜR GRÖSSERE PARKPLÄTZE,POLICY,Policy type: regulatory obligation (under discussion); Jurisdiction: Austria; Status: under discussion; Source meaning: a photovoltaic obligation for larger parking lots is being discussed to use sealed surfaces effectively for the energy transition.,1,2,['23663988970639bea940978ccbd9150fd292856f2f31a1d587392606a64713d5dfeade66f1beea67d1cc0b0e93012337685e0eca3267f98c1695a466657a8b24'],,,,,
218,PV-DACHGARTEN,TECHNOLOGY,"A combination of photovoltaic systems with roof greening, creating new urban living spaces, proposed for increased support via combined subsidies.",1,3,['23663988970639bea940978ccbd9150fd292856f2f31a1d587392606a64713d5dfeade66f1beea67d1cc0b0e93012337685e0eca3267f98c1695a466657a8b24'],,,,,
219,KLIMAMODELLREGIONEN,GEOGRAPHIC_AREA,"Climate model regions in Austria, considered as exemplary regions for ambitious PV generation development.",1,1,['23663988970639bea940978ccbd9150fd292856f2f31a1d587392606a64713d5dfeade66f1beea67d1cc0b0e93012337685e0eca3267f98c1695a466657a8b24'],,,,,
220,FREIFLÄCHENANLAGE ALS BIODIVERSITÄTSANLAGE,TECHNOLOGY,Ground-mounted PV installations designed as biodiversity-enhancing sites and built in harmony with nature and spatial requirements.,1,2,['23663988970639bea940978ccbd9150fd292856f2f31a1d587392606a64713d5dfeade66f1beea67d1cc0b0e93012337685e0eca3267f98c1695a466657a8b24'],,,,,
221,GEBÄUDE-RICHTLINIE DER EU,POLICY,Policy type: directive; Jurisdiction: European Union; Status: amended as of April 2024; Source meaning: the revised EU Buildings Directive prescribes PV obligations for new construction and renovation or provides the legal basis for such rules.,1,2,['23663988970639bea940978ccbd9150fd292856f2f31a1d587392606a64713d5dfeade66f1beea67d1cc0b0e93012337685e0eca3267f98c1695a466657a8b24'],,,,,
222,BUND-LÄNDER-DIALOG ERNEUERBARE ENERGIE,ORGANIZATION,"A federal-provincial dialogue body for renewables, jointly created by Austria's national and regional governments to coordinate achievement of renewable energy objectives.",1,3,['23663988970639bea940978ccbd9150fd292856f2f31a1d587392606a64713d5dfeade66f1beea67d1cc0b0e93012337685e0eca3267f98c1695a466657a8b24'],,,,,
223,LANDESENERGIEREFERENT:INNEN,STAKEHOLDER,"Regional energy government representatives in Austria, participating in the federal-provincial dialogue and strategy alignment for renewables.",1,0,['23663988970639bea940978ccbd9150fd292856f2f31a1d587392606a64713d5dfeade66f1beea67d1cc0b0e93012337685e0eca3267f98c1695a466657a8b24'],,,,,
224,BUND,STAKEHOLDER,"The federal government of Austria, collaborating with the federal states on renewable energy implementation and target achievement.",1,3,['23663988970639bea940978ccbd9150fd292856f2f31a1d587392606a64713d5dfeade66f1beea67d1cc0b0e93012337685e0eca3267f98c1695a466657a8b24'],,,,,
225,ZUR VERFÜGUNG GESTELLTE FLÄCHEN FÜR DEN AUSBAU DER ERNEUERBAREN,CONSTRAINT,"The provision of appropriate areas or land for renewable expansion, noted as a critical factor in closing gaps between regional and federal renewable targets.",1,2,['23663988970639bea940978ccbd9150fd292856f2f31a1d587392606a64713d5dfeade66f1beea67d1cc0b0e93012337685e0eca3267f98c1695a466657a8b24'],,,,,
226,PROZESSE UND FÖRDERSTRATEGIEN,CONSTRAINT,"The alignment and optimization of processes and support strategies, relevant for overcoming gaps and optimizing renewable and PV deployment.",1,1,['23663988970639bea940978ccbd9150fd292856f2f31a1d587392606a64713d5dfeade66f1beea67d1cc0b0e93012337685e0eca3267f98c1695a466657a8b24'],,,,,
227,100% NATIONAL BILANZIELL ERNEUERBARER GESAMTSTROMVERBRAUCH AB 2030,TARGET,Target: complete national coverage of total electricity consumption from renewable sources on a balance-sheet basis; Target value: 100; Unit: percent; Deadline: from 2030; Geographic scope: Austria; Status: official; Source meaning: Austria aims to cover all national power consumption by renewable sources on a net basis from 2030 forward.,1,4,['23663988970639bea940978ccbd9150fd292856f2f31a1d587392606a64713d5dfeade66f1beea67d1cc0b0e93012337685e0eca3267f98c1695a466657a8b24'],,,,,
228,PV-FREIFLÄCHENANLAGE,TECHNOLOGY,Ground-mounted photovoltaic installations that are subject to financial deductions and are encouraged to be established as biodiversity areas.,1,1,['23663988970639bea940978ccbd9150fd292856f2f31a1d587392606a64713d5dfeade66f1beea67d1cc0b0e93012337685e0eca3267f98c1695a466657a8b24'],,,,,
229,VERSIEGELTE FLÄCHEN,INFRASTRUCTURE,"Already-used or sealed surfaces (e.g., on buildings or parking lots) that are targeted for mobilization and deployment of PV through support schemes, regulation, or obligations.",1,2,['23663988970639bea940978ccbd9150fd292856f2f31a1d587392606a64713d5dfeade66f1beea67d1cc0b0e93012337685e0eca3267f98c1695a466657a8b24'],,,,,
230,PARKPLÄTZE,INFRASTRUCTURE,Parking lots mentioned as sealed surfaces that can be used for the installation of PV systems and potentially subject to PV installation obligations.,1,2,['23663988970639bea940978ccbd9150fd292856f2f31a1d587392606a64713d5dfeade66f1beea67d1cc0b0e93012337685e0eca3267f98c1695a466657a8b24'],,,,,
231,NEUBAU UND SANIERUNG,CONSTRAINT,"New construction and building renovations, contexts in which PV obligations may apply as per existing or planned legal requirements.",1,1,['23663988970639bea940978ccbd9150fd292856f2f31a1d587392606a64713d5dfeade66f1beea67d1cc0b0e93012337685e0eca3267f98c1695a466657a8b24'],,,,,
232,KUMULIERTE FÖRDERUNG VON PV UND GRÜNDACH,SUPPORT_SCHEME,"The possibility of providing cumulative financial support for photovoltaic systems combined with green roofs, including substructure considerations.",1,3,['23663988970639bea940978ccbd9150fd292856f2f31a1d587392606a64713d5dfeade66f1beea67d1cc0b0e93012337685e0eca3267f98c1695a466657a8b24'],,,,,
233,GRÜNDACH,TECHNOLOGY,"Green roof installations, particularly in combination with PV systems, for which joint subsidies and support are proposed.",1,1,['23663988970639bea940978ccbd9150fd292856f2f31a1d587392606a64713d5dfeade66f1beea67d1cc0b0e93012337685e0eca3267f98c1695a466657a8b24'],,,,,
234,UNTERKONSTRUKTION,INFRASTRUCTURE,"The substructure supporting both photovoltaic systems and green roofs, specifically mentioned as included in considerations for cumulative support schemes.",1,1,['23663988970639bea940978ccbd9150fd292856f2f31a1d587392606a64713d5dfeade66f1beea67d1cc0b0e93012337685e0eca3267f98c1695a466657a8b24'],,,,,
235,RENATURIERUNGSZIELE DER EU,POLICY,"Policy type: directive/objective; Jurisdiction: European Union; Status: official; Source meaning: EU renaturation goals, mentioned as a context for enhancing biodiversity alongside PV ground-mounted systems.",1,1,['23663988970639bea940978ccbd9150fd292856f2f31a1d587392606a64713d5dfeade66f1beea67d1cc0b0e93012337685e0eca3267f98c1695a466657a8b24'],,,,,
236,LANDWIRTSCHAFT,STAKEHOLDER,"LANDWIRTSCHAFT, the agricultural sector, is addressed as a stakeholder and beneficiary intended to benefit from Agri-PV solutions and systems through increased land-use efficiency and added income opportunities.",2,2,"['23663988970639bea940978ccbd9150fd292856f2f31a1d587392606a64713d5dfeade66f1beea67d1cc0b0e93012337685e0eca3267f98c1695a466657a8b24'
 '41bd25afdc1cce74b36dd6db5e44e91354172fda16475ab6a3f6cf99bddc720aa91cb56b5ea1b1c4774c8c97017d6bb03c52ba2676d7cfaab1c73fed8ab82912']",,,,,
237,DOPPELNUTZUNG MIT AGRI-PV,TECHNOLOGY,"The dual use of land in agriculture through Agri-PV, allowing both energy generation and agricultural production on the same area.",1,1,['23663988970639bea940978ccbd9150fd292856f2f31a1d587392606a64713d5dfeade66f1beea67d1cc0b0e93012337685e0eca3267f98c1695a466657a8b24'],,,,,
238,NETZANSCHLUSS,INFRASTRUCTURE,"NETZANSCHLUSS refers to grid connection infrastructure, which is highlighted as a focus of specific action plans and as a necessary element for ensuring the rapid and smooth integration of customer installations (Kund:innenanlagen) into the electricity grids, with planned simplification for small installations under new regulatory measures.",2,4,"['23663988970639bea940978ccbd9150fd292856f2f31a1d587392606a64713d5dfeade66f1beea67d1cc0b0e93012337685e0eca3267f98c1695a466657a8b24'
 '6a1a5132f360531b1174e0eac2b2c5b6ece3b0771a8037231306baf0af8e8ca23de435f581fc62d6794cab81a5dadf3235b66eda56c331a0043621c688fbe302']",,,,,
239,NETZZUGANG,INFRASTRUCTURE,"Access to the electricity grid, designated as flexible and subject to introduction under new regulations to expedite PV integration.",1,1,['23663988970639bea940978ccbd9150fd292856f2f31a1d587392606a64713d5dfeade66f1beea67d1cc0b0e93012337685e0eca3267f98c1695a466657a8b24'],,,,,
240,NETZKAPAZITÄTEN,MARKET_METRIC,Metric: available grid capacities; Value: not specified; Unit: not specified; Reference year: not specified; Geographic scope: Austria; Approximate: unknown; Source meaning: publication of grid capacities in the distribution grid is intended to provide greater transparency and support PV planning.,1,2,['23663988970639bea940978ccbd9150fd292856f2f31a1d587392606a64713d5dfeade66f1beea67d1cc0b0e93012337685e0eca3267f98c1695a466657a8b24'],,,,,
241,NETZENTWICKLUNGSPLÄNE,POLICY,Policy type: planning document; Jurisdiction: Austria; Status: unknown; Source meaning: network development plans in the distribution grid intended to give more transparency for PV expansion planning.,1,1,['23663988970639bea940978ccbd9150fd292856f2f31a1d587392606a64713d5dfeade66f1beea67d1cc0b0e93012337685e0eca3267f98c1695a466657a8b24'],,,,,
242,AMTLICH BEFASSTE MARKTROLLEN,STAKEHOLDER,"Officially engaged market roles, which are to be modernized or newly created in the Austrian electricity market through regulatory reform.",1,1,['23663988970639bea940978ccbd9150fd292856f2f31a1d587392606a64713d5dfeade66f1beea67d1cc0b0e93012337685e0eca3267f98c1695a466657a8b24'],,,,,
243,FLEXIBILITÄT,CONSTRAINT,"The flexibility of the electricity system, which is to be increased through new regulatory measures to support renewable integration.",1,1,['23663988970639bea940978ccbd9150fd292856f2f31a1d587392606a64713d5dfeade66f1beea67d1cc0b0e93012337685e0eca3267f98c1695a466657a8b24'],,,,,
244,REGULATORISCHE VORGABEN UND VERPFLICHTUNGEN,POLICY,"Policy type: regulatory specification/obligation; Jurisdiction: Austria; Status: unknown; Source meaning: regulations and obligations set to mobilize built-up or sealed areas for PV, including existing and potential future requirements.",1,3,['23663988970639bea940978ccbd9150fd292856f2f31a1d587392606a64713d5dfeade66f1beea67d1cc0b0e93012337685e0eca3267f98c1695a466657a8b24'],,,,,
245,AGRI-PV-ANLAGEN,TECHNOLOGY,"Agri-PV systems are installations enabling combined use of land for agriculture and photovoltaic electricity generation, intended to open new income opportunities for agriculture and increase land-use efficiency.",1,2,['41bd25afdc1cce74b36dd6db5e44e91354172fda16475ab6a3f6cf99bddc720aa91cb56b5ea1b1c4774c8c97017d6bb03c52ba2676d7cfaab1c73fed8ab82912'],,,,,
246,BUNDESLAND,GEOGRAPHIC_AREA,"An Austrian federal state (""Bundesland"") is a key administrative area addressed in relation to PV expansion targets and the designation of areas for renewable energy.",1,2,['41bd25afdc1cce74b36dd6db5e44e91354172fda16475ab6a3f6cf99bddc720aa91cb56b5ea1b1c4774c8c97017d6bb03c52ba2676d7cfaab1c73fed8ab82912'],,,,,
247,EUROPÄISCHE UNION (EU),GEOGRAPHIC_AREA,"The European Union (EU), referred to as EUROPÄISCHE UNION (EU), acts as the jurisdiction for overarching renewable energy targets and requirements implemented in Austria, serves as the collective jurisdiction for referenced EU-level industrial, research, and regulatory initiatives related to photovoltaics, solar manufacturing, funding, and value chain resilience, and is the jurisdiction referenced in connection with the Net Zero Industry Act, the EU Taxonomy, and cross-border solar production initiatives.",3,5,"['41bd25afdc1cce74b36dd6db5e44e91354172fda16475ab6a3f6cf99bddc720aa91cb56b5ea1b1c4774c8c97017d6bb03c52ba2676d7cfaab1c73fed8ab82912'
 '7a01190bcf30936758d004f89d7553c62632e91427f92e6420a9e453f2c5d92ab18ae9e62c46bc28aeb398621b28cfd3af89bf2317c887a5eec276b5b7a51052'
 '9ce049a98570c6bf53cf9e547168db075af2795fa519422bd27a2c9aa5b490c4b26aef25883802c4d8eb6e4dcb09c866e7d31677352f7beb6c4f9fcbbcc75e9b']",,,,,
248,ERNEUERBARE-ENERGIEN-RICHTLINIE (RED III),POLICY,"Policy type: directive; Jurisdiction: European Union; Status: in force (implied by context); Source meaning: The revised Renewable Energy Directive III (RED III) requires Member States to define Renewables Acceleration Areas and to present plans for renewable-technologies, including for Austria.",1,1,['41bd25afdc1cce74b36dd6db5e44e91354172fda16475ab6a3f6cf99bddc720aa91cb56b5ea1b1c4774c8c97017d6bb03c52ba2676d7cfaab1c73fed8ab82912'],,,,,
249,ERNEUERBAREN-BESCHLEUNIGUNGSGEBIETE (RENEWABLES ACCELERATION AREAS),POLICY,Policy type: zoning instrument; Jurisdiction: European Union / Austria; Status: planned/required by RED III; Source meaning: Renewables Acceleration Areas are to be defined by Member States to enable faster expansion of renewable energy installations.,1,4,['41bd25afdc1cce74b36dd6db5e44e91354172fda16475ab6a3f6cf99bddc720aa91cb56b5ea1b1c4774c8c97017d6bb03c52ba2676d7cfaab1c73fed8ab82912'],,,,,
250,ÖKODESIGN-RICHTLINIE,POLICY,"Policy type: directive; Jurisdiction: European Union; Status: in force and expanding to regulation; Source meaning: The Eco-design Directive contributed to achieving EU energy-efficiency goals and is being extended to a holistic lifecycle approach as a European regulation, also applicable to photovoltaics.",1,3,['41bd25afdc1cce74b36dd6db5e44e91354172fda16475ab6a3f6cf99bddc720aa91cb56b5ea1b1c4774c8c97017d6bb03c52ba2676d7cfaab1c73fed8ab82912'],,,,,
251,ERNEUERBAREN-AUSBAU-BESCHLEUNIGUNGSGESETZ (EABG),POLICY,"The ERNEUERBAREN-AUSBAU-BESCHLEUNIGUNGSGESETZ (EABG), also referred to as the Renewable Expansion Acceleration Act, is a law in Austria that is planned or adopted, with one source indicating its status as unknown. It is intended to significantly contribute to simplifying and speeding up procedures for renewables and is referenced as part of Austria’s renewable policy framework.",2,3,"['41bd25afdc1cce74b36dd6db5e44e91354172fda16475ab6a3f6cf99bddc720aa91cb56b5ea1b1c4774c8c97017d6bb03c52ba2676d7cfaab1c73fed8ab82912'
 '6927535991c09031efd0df39ec21591dd3bb460da14c01bc36d343f0078b726ed44d06a0c6bb518236ea61ed8c8b15365630cf185b8012e963898f2e117f7d8a']",,,,,
252,NETZINFRASTRUKTUR,INFRASTRUCTURE,"Network infrastructure encompasses the physical and technical systems necessary for grid connection, distribution, and operation of PV systems and other renewables.",1,1,['41bd25afdc1cce74b36dd6db5e44e91354172fda16475ab6a3f6cf99bddc720aa91cb56b5ea1b1c4774c8c97017d6bb03c52ba2676d7cfaab1c73fed8ab82912'],,,,,
253,VERFAHRENFREISTELLUNG,SUPPORT_SCHEME,"Exemption from approval procedure (""Verfahrensfreistellung"") is a measure proposed to ease administrative burden for certain PV and renewables installations.",1,2,['41bd25afdc1cce74b36dd6db5e44e91354172fda16475ab6a3f6cf99bddc720aa91cb56b5ea1b1c4774c8c97017d6bb03c52ba2676d7cfaab1c73fed8ab82912'],,,,,
254,VEREINFACHTES VERFAHREN,SUPPORT_SCHEME,"A simplified procedure (""Vereinfachtes Verfahren"") for approval of certain installations is proposed to speed up deployment of renewables and PV systems.",1,2,['41bd25afdc1cce74b36dd6db5e44e91354172fda16475ab6a3f6cf99bddc720aa91cb56b5ea1b1c4774c8c97017d6bb03c52ba2676d7cfaab1c73fed8ab82912'],,,,,
255,BÜROKRATIE,CONSTRAINT,Bureaucracy is an administrative constraint identified as potentially hindering access to the public electricity grid and decision-making for PV installation projects.,1,1,['41bd25afdc1cce74b36dd6db5e44e91354172fda16475ab6a3f6cf99bddc720aa91cb56b5ea1b1c4774c8c97017d6bb03c52ba2676d7cfaab1c73fed8ab82912'],,,,,
256,ANSPRUCHSVOLL/UMFASSENDES GENEHMIGUNGSVERFAHREN,CONSTRAINT,Complex and comprehensive approval procedures are a regulatory and administrative constraint for the rapid expansion of renewable and PV installations.,1,3,['41bd25afdc1cce74b36dd6db5e44e91354172fda16475ab6a3f6cf99bddc720aa91cb56b5ea1b1c4774c8c97017d6bb03c52ba2676d7cfaab1c73fed8ab82912'],,,,,
257,STUDIE „ANSCHLUSS ERNEUERBARE ENERGIEN“,MARKET_METRIC,"Metric: qualitative and quantitative analysis of barriers for the connection and operation of renewable-energy plants, focused on photovoltaics; Value: not specified; Unit: not specified; Reference year: March 2023; Geographic scope: Austria; Approximate: no; Source meaning: The study examines and analyzes barriers to connecting and operating PV and renewable power plants.",1,1,['41bd25afdc1cce74b36dd6db5e44e91354172fda16475ab6a3f6cf99bddc720aa91cb56b5ea1b1c4774c8c97017d6bb03c52ba2676d7cfaab1c73fed8ab82912'],,,,,
258,AKTIONSPLAN DER E-CONTROL,POLICY,"Policy type: action plan; Jurisdiction: Austria; Status: published in July 2023; Source meaning: The action plan by E-Control addresses the implementation of recommendations on connecting renewable energy installations, especially photovoltaics.",1,2,['41bd25afdc1cce74b36dd6db5e44e91354172fda16475ab6a3f6cf99bddc720aa91cb56b5ea1b1c4774c8c97017d6bb03c52ba2676d7cfaab1c73fed8ab82912'],,,,,
259,STAKEHOLDERRUNDEN DES BMK,SUPPORT_SCHEME,Stakeholder rounds organized by the BMK serve as participatory implementation and consultation mechanisms to overcome barriers for the connection and operation of renewable-energy installations.,1,2,['41bd25afdc1cce74b36dd6db5e44e91354172fda16475ab6a3f6cf99bddc720aa91cb56b5ea1b1c4774c8c97017d6bb03c52ba2676d7cfaab1c73fed8ab82912'],,,,,
260,QUALITÄTSSICHERNDE MASSNAHMEN,SUPPORT_SCHEME,"Quality-assurance measures are proposed instruments for ensuring high quality and sustainability of PV systems, covering areas such as product quality, installation, service, repair, and disposal.",1,3,['41bd25afdc1cce74b36dd6db5e44e91354172fda16475ab6a3f6cf99bddc720aa91cb56b5ea1b1c4774c8c97017d6bb03c52ba2676d7cfaab1c73fed8ab82912'],,,,,
261,EUROPÄISCHE QUALITÄTSNORMEN,POLICY,Policy type: standard/regulation; Jurisdiction: European Union; Status: in force; Source meaning: European quality standards are referenced as the foundation for establishing transparent quality labels for PV installations and value chains.,1,1,['41bd25afdc1cce74b36dd6db5e44e91354172fda16475ab6a3f6cf99bddc720aa91cb56b5ea1b1c4774c8c97017d6bb03c52ba2676d7cfaab1c73fed8ab82912'],,,,,
262,TRANSPARENTE QUALITÄTSAUSZEICHNUNGEN,SUPPORT_SCHEME,"Transparent quality labels are proposed to be established for PV systems, based on existing European quality standards.",1,2,['41bd25afdc1cce74b36dd6db5e44e91354172fda16475ab6a3f6cf99bddc720aa91cb56b5ea1b1c4774c8c97017d6bb03c52ba2676d7cfaab1c73fed8ab82912'],,,,,
263,PV-AUSBAUZIELE 2030,TARGET,Target: PV expansion for 2030; Target value: not specified; Unit: not specified; Deadline: 2030; Geographic scope: Austria (Bund/Bundesländer); Status: official/planned; Source meaning: Austria (federal and Länder level) has PV expansion targets set for 2030.,1,4,['41bd25afdc1cce74b36dd6db5e44e91354172fda16475ab6a3f6cf99bddc720aa91cb56b5ea1b1c4774c8c97017d6bb03c52ba2676d7cfaab1c73fed8ab82912'],,,,,
264,PV-AUSBAUZIELE 2040,TARGET,"Target: PV expansion for 2040; Target value: not specified; Unit: not specified; Deadline: 2040; Geographic scope: Austria (Bund/Bundesländer); Status: proposed/planned; Source meaning: It is proposed that 2030 PV targets be complemented by 2040 targets, and zoning be adjusted to meet 2040 expansion needs.",1,3,['41bd25afdc1cce74b36dd6db5e44e91354172fda16475ab6a3f6cf99bddc720aa91cb56b5ea1b1c4774c8c97017d6bb03c52ba2676d7cfaab1c73fed8ab82912'],,,,,
265,FLÄCHENPOTENTIALE AN INFRASTRUKTUREINRICHTUNGEN,MARKET_METRIC,Metric: potential available surface area for PV installations on infrastructure facilities; Value: not stated; Unit: not stated; Reference year: not specified; Geographic scope: Austria; Approximate: no; Source meaning: The NIP includes the identification of infrastructure sites for PV area potential.,1,1,['41bd25afdc1cce74b36dd6db5e44e91354172fda16475ab6a3f6cf99bddc720aa91cb56b5ea1b1c4774c8c97017d6bb03c52ba2676d7cfaab1c73fed8ab82912'],,,,,
266,FLÄCHENPOTENTIALE AN FREIFLÄCHEN,MARKET_METRIC,Metric: potential available surface area for PV installations on open land or free-field sites; Value: not stated; Unit: not stated; Reference year: not specified; Geographic scope: Austria; Approximate: no; Source meaning: The NIP notes the potential of open areas for possible PV siting and expansion.,1,1,['41bd25afdc1cce74b36dd6db5e44e91354172fda16475ab6a3f6cf99bddc720aa91cb56b5ea1b1c4774c8c97017d6bb03c52ba2676d7cfaab1c73fed8ab82912'],,,,,
267,ERNENNUNG VON ERNEUERBAREN-BESCHLEUNIGUNGSGEBIETEN,SUPPORT_SCHEME,"Designation of renewable acceleration areas is a support mechanism whereby Member States identify specific zones for rapid renewable deployment, as required by RED III.",1,1,['41bd25afdc1cce74b36dd6db5e44e91354172fda16475ab6a3f6cf99bddc720aa91cb56b5ea1b1c4774c8c97017d6bb03c52ba2676d7cfaab1c73fed8ab82912'],,,,,
268,KLARE ZIELE DER BUNDESLÄNDER UND GEMEINDEN,POLICY,"Policy type: strategic target-setting; Jurisdiction: Austria (federal states and municipalities); Status: recommended; Source meaning: Clear, articulated PV expansion targets for Austria’s federal states and municipalities are identified as necessary for required development.",1,3,['41bd25afdc1cce74b36dd6db5e44e91354172fda16475ab6a3f6cf99bddc720aa91cb56b5ea1b1c4774c8c97017d6bb03c52ba2676d7cfaab1c73fed8ab82912'],,,,,
269,ANPASSUNG DER ZONIERUNGEN AN DEN AUSBAUBEDARF FÜR 2040,POLICY,Policy type: strategic spatial planning action; Jurisdiction: Austria; Status: recommendation/proposal; Source meaning: Zoning designations for PV development should be adjusted to reflect the needs for 2040 expansion.,1,1,['41bd25afdc1cce74b36dd6db5e44e91354172fda16475ab6a3f6cf99bddc720aa91cb56b5ea1b1c4774c8c97017d6bb03c52ba2676d7cfaab1c73fed8ab82912'],,,,,
270,REGELMÄSSIGE ANPASSUNG DER FLÄCHENPOTENTIALE IM NIP,POLICY,Policy type: planning requirement; Jurisdiction: Austria; Status: recommendation/proposed; Source meaning: The area potentials indicated in the NIP are to be regularly reviewed and updated in alignment with revision cycles and target needs.,1,1,['41bd25afdc1cce74b36dd6db5e44e91354172fda16475ab6a3f6cf99bddc720aa91cb56b5ea1b1c4774c8c97017d6bb03c52ba2676d7cfaab1c73fed8ab82912'],,,,,
271,LEBENSZYKLUS-ANSATZ DER EUROPÄISCHEN VERORDNUNG,POLICY,"Policy type: regulation; Jurisdiction: European Union; Status: planned/ongoing; Source meaning: The existing Ecodesign Directive is being transformed into a European regulation with a life-cycle approach, covering product quality, installation, service, repair, and disposal.",1,2,['41bd25afdc1cce74b36dd6db5e44e91354172fda16475ab6a3f6cf99bddc720aa91cb56b5ea1b1c4774c8c97017d6bb03c52ba2676d7cfaab1c73fed8ab82912'],,,,,
272,"PRODUKTQUALITÄT, INSTALLATION, SERVICE, REPARATUR UND ENTSORGUNG VON PV-ANLAGEN",SUPPORT_SCHEME,"Support scheme involving measures to assure quality across all stages of PV system life, from product standards to end-of-life processes, aiming for long-term economic viability and ecological sustainability.",1,2,['41bd25afdc1cce74b36dd6db5e44e91354172fda16475ab6a3f6cf99bddc720aa91cb56b5ea1b1c4774c8c97017d6bb03c52ba2676d7cfaab1c73fed8ab82912'],,,,,
273,ENERGIEEFFIZIENZZIELE DER EU,TARGET,Target: achievement of the EU’s energy efficiency objectives; Target value: not stated; Unit: not stated; Deadline: not stated; Geographic scope: European Union; Status: official; Source meaning: The Ecodesign Directive was significant for achieving energy efficiency goals of the EU.,1,1,['41bd25afdc1cce74b36dd6db5e44e91354172fda16475ab6a3f6cf99bddc720aa91cb56b5ea1b1c4774c8c97017d6bb03c52ba2676d7cfaab1c73fed8ab82912'],,,,,
274,EUROPÄISCHER STROMMARKT,GEOGRAPHIC_AREA,The European electricity market is referenced as the geographic and market area with which Austria's electricity infrastructure and renewable generation are interconnected and impacted.,1,0,['6a1a5132f360531b1174e0eac2b2c5b6ece3b0771a8037231306baf0af8e8ca23de435f581fc62d6794cab81a5dadf3235b66eda56c331a0043621c688fbe302'],,,,,
275,SPEICHERTECHNOLOGIEN,TECHNOLOGY,Storage technologies are mentioned as key participants working synergistically with photovoltaics and other generation technologies to ensure reliability and security of supply in the energy system.,1,1,['6a1a5132f360531b1174e0eac2b2c5b6ece3b0771a8037231306baf0af8e8ca23de435f581fc62d6794cab81a5dadf3235b66eda56c331a0043621c688fbe302'],,,,,
276,E-MOBILITÄT,TECHNOLOGY,"E-MOBILITÄT (e-mobility) refers to electric mobility technologies, such as electric vehicles, and is discussed as part of coordinated support schemes and sector coupling; it is identified as one of the systems to be synergistically integrated with photovoltaics and other components of the energy transition.",2,2,"['6a1a5132f360531b1174e0eac2b2c5b6ece3b0771a8037231306baf0af8e8ca23de435f581fc62d6794cab81a5dadf3235b66eda56c331a0043621c688fbe302'
 '2d9fdebd364caf6ea226dc0ee6624e0c2d54fc65848a9cd18f9b868675333d5be302c20a6cbb1b4f9503e536f5051a60a8783cd3657ab2cf1f9daf65be366c76']",,,,,
277,WÄRMEPUMPE,TECHNOLOGY,Heat pumps are mentioned as a technology to be integrated with photovoltaics and other energy technologies in achieving an advanced renewable energy system.,1,1,['6a1a5132f360531b1174e0eac2b2c5b6ece3b0771a8037231306baf0af8e8ca23de435f581fc62d6794cab81a5dadf3235b66eda56c331a0043621c688fbe302'],,,,,
278,VERTEILNETZ,INFRASTRUCTURE,"The electricity distribution grid (Verteilnetz) is referenced as required for integrating renewable and decentralized electricity generation, with a specific focus on digitalization and transparency for planning and management.",1,2,['6a1a5132f360531b1174e0eac2b2c5b6ece3b0771a8037231306baf0af8e8ca23de435f581fc62d6794cab81a5dadf3235b66eda56c331a0043621c688fbe302'],,,,,
279,ÜBERTRAGUNGSNETZ,INFRASTRUCTURE,The transmission grid is identified as a key level for integrated planning and expansion of energy infrastructure for electricity and gas in the context of Austria's transition to a climate-neutral energy system.,1,1,['6a1a5132f360531b1174e0eac2b2c5b6ece3b0771a8037231306baf0af8e8ca23de435f581fc62d6794cab81a5dadf3235b66eda56c331a0043621c688fbe302'],,,,,
280,ERZEUGUNGSINFRASTRUKTUR,INFRASTRUCTURE,The generation infrastructure references Austria's increasingly decentralized generation architecture due to ongoing photovoltaic expansion and related developments.,1,1,['6a1a5132f360531b1174e0eac2b2c5b6ece3b0771a8037231306baf0af8e8ca23de435f581fc62d6794cab81a5dadf3235b66eda56c331a0043621c688fbe302'],,,,,
281,INTELLIGENTES LASTMANAGEMENT,INFRASTRUCTURE,"Intelligent load management refers to advanced systems for optimizing and managing the use of generated PV energy, especially at the local and industrial/process level, to handle production peaks.",1,1,['6a1a5132f360531b1174e0eac2b2c5b6ece3b0771a8037231306baf0af8e8ca23de435f581fc62d6794cab81a5dadf3235b66eda56c331a0043621c688fbe302'],,,,,
282,ENERGIEMANAGEMENT,INFRASTRUCTURE,"Energy management systems are referenced, especially local and smart ones, as critical for managing generation and consumption peaks and increasing self-consumption by private stakeholders and companies.",1,4,['6a1a5132f360531b1174e0eac2b2c5b6ece3b0771a8037231306baf0af8e8ca23de435f581fc62d6794cab81a5dadf3235b66eda56c331a0043621c688fbe302'],,,,,
283,DIGITALE INFRASTRUKTUR DES STROMNETZES,INFRASTRUCTURE,The digital infrastructure of the electricity grid is noted as essential for integrating renewable and decentralized electricity generation and for increasing transparency and planning efficiency.,1,1,['6a1a5132f360531b1174e0eac2b2c5b6ece3b0771a8037231306baf0af8e8ca23de435f581fc62d6794cab81a5dadf3235b66eda56c331a0043621c688fbe302'],,,,,
284,AKTIONSPLAN NETZANSCHLUSS DER E-CONTROL,POLICY,Policy type: action plan; Jurisdiction: Austria; Status: in force/implemented (implied as existing in the text); Source meaning: E-Control's action plan for grid connection includes comprehensive measures for the rapid and smooth connection of customer installations.,1,2,['6a1a5132f360531b1174e0eac2b2c5b6ece3b0771a8037231306baf0af8e8ca23de435f581fc62d6794cab81a5dadf3235b66eda56c331a0043621c688fbe302'],,,,,
285,PV-AUSBAU,TARGET,Target: expansion of photovoltaics; Target value: not specified in this excerpt; Unit: not specified; Deadline: not specified; Geographic scope: Austria; Status: official/planned (recurrent as a major goal in the passage); Source meaning: Expansion of photovoltaics is a principal and reiterated goal throughout the passage.,1,4,['6a1a5132f360531b1174e0eac2b2c5b6ece3b0771a8037231306baf0af8e8ca23de435f581fc62d6794cab81a5dadf3235b66eda56c331a0043621c688fbe302'],,,,,
286,INNOVATION IM SOLARTECHNISCHEN BEREICH,TARGET,Target: increased innovation in solar technology and system solutions; Target value: not quantified; Unit: not applicable; Deadline: ongoing; Geographic scope: Austria; Status: official/planned; Source meaning: Increasing innovation to create intelligent products and system solutions is explicitly described as an accompanying goal of PV expansion.,1,3,['6a1a5132f360531b1174e0eac2b2c5b6ece3b0771a8037231306baf0af8e8ca23de435f581fc62d6794cab81a5dadf3235b66eda56c331a0043621c688fbe302'],,,,,
287,FÖRDERPROGRAMM MUSTER- & LEUCHTTURMPROJEKTE PHOTOVOLTAIK DES KLIMA- UND ENERGIEFONDS,SUPPORT_SCHEME,"Support scheme: Funding programme; Jurisdiction: Austria; Status: implemented/ongoing; Source meaning: The ""Muster- & Leuchtturmprojekte Photovoltaik"" funding programme of the Climate and Energy Fund contributes significantly to promoting innovation in the solar-technology sector and is planned to be continued long-term.",1,3,['6a1a5132f360531b1174e0eac2b2c5b6ece3b0771a8037231306baf0af8e8ca23de435f581fc62d6794cab81a5dadf3235b66eda56c331a0043621c688fbe302'],,,,,
288,PV-AUSTRIA,ORGANIZATION,PV Austria is referenced as participating in a cited study on renewable energy connections (role not further detailed in this passage).,1,0,['6a1a5132f360531b1174e0eac2b2c5b6ece3b0771a8037231306baf0af8e8ca23de435f581fc62d6794cab81a5dadf3235b66eda56c331a0043621c688fbe302'],,,,,
289,KUND:INNENANLAGEN,STAKEHOLDER,"Customer installations (operated by end users), such as PV systems, are the focus of measures for improved and accelerated grid connection and network integration.",1,1,['6a1a5132f360531b1174e0eac2b2c5b6ece3b0771a8037231306baf0af8e8ca23de435f581fc62d6794cab81a5dadf3235b66eda56c331a0043621c688fbe302'],,,,,
290,FLEXIBILITÄTSANREIZE,SUPPORT_SCHEME,Support scheme: Incentives; Jurisdiction: Austria; Status: proposed/planned; Source meaning: Flexibility incentives are described as contributing (in future) to smoothing PV generation peaks on both the consumption and generation side.,1,2,['6a1a5132f360531b1174e0eac2b2c5b6ece3b0771a8037231306baf0af8e8ca23de435f581fc62d6794cab81a5dadf3235b66eda56c331a0043621c688fbe302'],,,,,
291,SPEICHERINITIATIVE DES KLIMA- UND ENERGIEFONDS,SUPPORT_SCHEME,Support scheme: funding initiative for storage; Jurisdiction: Austria; Status: implemented/ongoing; Source meaning: The storage initiative of the Climate and Energy Fund forms a basis for further implementation measures supporting energy storage and management.,1,2,['6a1a5132f360531b1174e0eac2b2c5b6ece3b0771a8037231306baf0af8e8ca23de435f581fc62d6794cab81a5dadf3235b66eda56c331a0043621c688fbe302'],,,,,
292,FLEXIBILITÄTSSTUDIEN DER E-CONTROL,POLICY,Policy type: studies/research; Jurisdiction: Austria; Status: completed; Source meaning: Flexibility studies carried out by E-Control serve as a foundation for preparing further implementation measures regarding grid flexibility.,1,3,['6a1a5132f360531b1174e0eac2b2c5b6ece3b0771a8037231306baf0af8e8ca23de435f581fc62d6794cab81a5dadf3235b66eda56c331a0043621c688fbe302'],,,,,
293,PHOTOVOLTAIK-ERZEUGUNGSSPITZEN,CONSTRAINT,Constraint type: technical; Geographic scope: Austria; Source meaning: Peaks in PV generation can no longer be fully absorbed by the public electricity grid.,1,8,['6a1a5132f360531b1174e0eac2b2c5b6ece3b0771a8037231306baf0af8e8ca23de435f581fc62d6794cab81a5dadf3235b66eda56c331a0043621c688fbe302'],,,,,
294,DEZENTRALE ERZEUGUNGSSTRUKTUR,CONSTRAINT,"Constraint type: structural/technical; Geographic scope: Austria; Source meaning: Due to PV expansion, Austria's power generation infrastructure is becoming more decentralized over time, impacting grid and energy system operation.",1,4,['6a1a5132f360531b1174e0eac2b2c5b6ece3b0771a8037231306baf0af8e8ca23de435f581fc62d6794cab81a5dadf3235b66eda56c331a0043621c688fbe302'],,,,,
295,GERINGE BZW. NEGATIVE STROMMARKTPREISE ZU ERZEUGUNGSSTARKEN ZEITEN,CONSTRAINT,"Constraint type: economic/market; Geographic scope: Austria/EU electricity market; Source meaning: During times of strong PV production, low or even negative electricity market prices can occur, making export of PV energy less attractive.",1,1,['6a1a5132f360531b1174e0eac2b2c5b6ece3b0771a8037231306baf0af8e8ca23de435f581fc62d6794cab81a5dadf3235b66eda56c331a0043621c688fbe302'],,,,,
296,EPOOL,ORGANIZATION,"EPOOL is referenced as one of the organizations involved in the cited study ""Anschluss erneuerbare Energien"" related to renewable energy grid connection in Austria, and as a contributor or author of PV studies in Austria.",2,1,"['6a1a5132f360531b1174e0eac2b2c5b6ece3b0771a8037231306baf0af8e8ca23de435f581fc62d6794cab81a5dadf3235b66eda56c331a0043621c688fbe302'
 '6927535991c09031efd0df39ec21591dd3bb460da14c01bc36d343f0078b726ed44d06a0c6bb518236ea61ed8c8b15365630cf185b8012e963898f2e117f7d8a']",,,,,
297,ERGEBNISORIENTIERTE NETZENTWICKLUNGSPLÄNE,POLICY,Policy type: plan/regulation; Jurisdiction: Austria; Status: planned/proposed; Source meaning: Ambitious and regularly created network development plans at the distribution level are referenced as a foundational requirement for PV integration and expansion.,1,1,['6a1a5132f360531b1174e0eac2b2c5b6ece3b0771a8037231306baf0af8e8ca23de435f581fc62d6794cab81a5dadf3235b66eda56c331a0043621c688fbe302'],,,,,
298,BAUTEILAKTIVIERUNG,TECHNOLOGY,"Component activation (bauteilaktivierung) is referenced as an on-site use technology for generated PV energy, specifically to address generation peaks.",1,1,['6a1a5132f360531b1174e0eac2b2c5b6ece3b0771a8037231306baf0af8e8ca23de435f581fc62d6794cab81a5dadf3235b66eda56c331a0043621c688fbe302'],,,,,
299,E-LADEMANAGEMENT,TECHNOLOGY,E-charging management is referenced as a means for on-site usage and load management of PV electricity.,1,1,['6a1a5132f360531b1174e0eac2b2c5b6ece3b0771a8037231306baf0af8e8ca23de435f581fc62d6794cab81a5dadf3235b66eda56c331a0043621c688fbe302'],,,,,
300,WÄRMEPUMPENSTEUERUNG,TECHNOLOGY,Heat pump control (Wärmepumpensteuerung) is cited as a possible technology for demand-side management of PV power.,1,1,['6a1a5132f360531b1174e0eac2b2c5b6ece3b0771a8037231306baf0af8e8ca23de435f581fc62d6794cab81a5dadf3235b66eda56c331a0043621c688fbe302'],,,,,
301,PHOTOVOLTAIKANLAGEN MIT OST-WEST ODER WINTEROPTIMIERTER AUSRICHTUNG,TECHNOLOGY,PV systems with east-west or winter-optimized orientation are mentioned as potential responses to reduce the export of PV production during generation-strong periods.,1,1,['6a1a5132f360531b1174e0eac2b2c5b6ece3b0771a8037231306baf0af8e8ca23de435f581fc62d6794cab81a5dadf3235b66eda56c331a0043621c688fbe302'],,,,,
302,VOLKSWIRTSCHAFTLICHER MEHRWERT DURCH NETZ-INFRASTRUKTURWEITERENTWICKLUNG,MARKET_METRIC,Metric: macroeconomic value added due to rapid and cost-optimized network infrastructure development; Value: not specified; Unit: not specified; Reference year: not specified; Geographic scope: Austria; Approximate: yes; Source meaning: The passage states that network infrastructure development has high macroeconomic benefit for Austria.,1,1,['6a1a5132f360531b1174e0eac2b2c5b6ece3b0771a8037231306baf0af8e8ca23de435f581fc62d6794cab81a5dadf3235b66eda56c331a0043621c688fbe302'],,,,,
303,ZUKÜNFTIGE ZEITWEISE RELEVANTE ÜBERKAPAZITÄTEN AUS PHOTOVOLTAIK,CONSTRAINT,"Constraint type: technical/economic; Geographic scope: Austria; Source meaning: Future, occasionally significant overcapacity from photovoltaics is expected as a result of ongoing PV expansion.",1,2,['6a1a5132f360531b1174e0eac2b2c5b6ece3b0771a8037231306baf0af8e8ca23de435f581fc62d6794cab81a5dadf3235b66eda56c331a0043621c688fbe302'],,,,,
304,KOUPPLUNG DES EUROPÄISCHEN STROMMARKTES,CONSTRAINT,"Constraint type: market/technical; Geographic scope: European electricity market; Source meaning: The coupling of the European electricity market, alongside increased renewable generation and electricity demand, is cited as a major challenge for the operation of electricity networks.",1,1,['6a1a5132f360531b1174e0eac2b2c5b6ece3b0771a8037231306baf0af8e8ca23de435f581fc62d6794cab81a5dadf3235b66eda56c331a0043621c688fbe302'],,,,,
305,EUROPÄISCHER MARKT,GEOGRAPHIC_AREA,The European market refers to the larger European electricity and PV markets mentioned for comparison to Austrian production and pricing.,1,0,['2d9fdebd364caf6ea226dc0ee6624e0c2d54fc65848a9cd18f9b868675333d5be302c20a6cbb1b4f9503e536f5051a60a8783cd3657ab2cf1f9daf65be366c76'],,,,,
306,OST-WEST ORIENTIERUNGEN,TECHNOLOGY,"East-west orientations of PV systems, mentioned as an approach to optimize production over a broader range of hours.",1,1,['2d9fdebd364caf6ea226dc0ee6624e0c2d54fc65848a9cd18f9b868675333d5be302c20a6cbb1b4f9503e536f5051a60a8783cd3657ab2cf1f9daf65be366c76'],,,,,
307,VERTIKALE PV-ANLAGEN,TECHNOLOGY,"Vertical PV installations, listed as a technology for expanding periods of high PV yields.",1,1,['2d9fdebd364caf6ea226dc0ee6624e0c2d54fc65848a9cd18f9b868675333d5be302c20a6cbb1b4f9503e536f5051a60a8783cd3657ab2cf1f9daf65be366c76'],,,,,
308,GROSSSPEICHER,INFRASTRUCTURE,Large-scale storage systems for long-term electricity storage in Austria.,1,4,['2d9fdebd364caf6ea226dc0ee6624e0c2d54fc65848a9cd18f9b868675333d5be302c20a6cbb1b4f9503e536f5051a60a8783cd3657ab2cf1f9daf65be366c76'],,,,,
309,WASSERSTOFF-ELEKTROLYSEURE,INFRASTRUCTURE,"Hydrogen electrolysers, referenced as infrastructure for long-term energy storage.",1,2,['2d9fdebd364caf6ea226dc0ee6624e0c2d54fc65848a9cd18f9b868675333d5be302c20a6cbb1b4f9503e536f5051a60a8783cd3657ab2cf1f9daf65be366c76'],,,,,
310,NIP,POLICY,Policy type: plan; Jurisdiction: Austria; Status: unknown; Source meaning: The NIP is referenced as containing first assessments of grid hosting capacities and economic sense for storage and hydrogen infrastructure. The acronym is not expanded in this passage.,1,3,['2d9fdebd364caf6ea226dc0ee6624e0c2d54fc65848a9cd18f9b868675333d5be302c20a6cbb1b4f9503e536f5051a60a8783cd3657ab2cf1f9daf65be366c76'],,,,,
311,FÖRDERPROGRAMM FÜR GROSSSPEICHER,SUPPORT_SCHEME,A specific subsidy programme for large-scale storage launched by Klima- und Energiefonds in 2023.,1,2,['2d9fdebd364caf6ea226dc0ee6624e0c2d54fc65848a9cd18f9b868675333d5be302c20a6cbb1b4f9503e536f5051a60a8783cd3657ab2cf1f9daf65be366c76'],,,,,
312,NOTSTROMSYSTEME,TECHNOLOGY,"Emergency power systems, which supply only the most essential loads during a power outage.",1,2,['2d9fdebd364caf6ea226dc0ee6624e0c2d54fc65848a9cd18f9b868675333d5be302c20a6cbb1b4f9503e536f5051a60a8783cd3657ab2cf1f9daf65be366c76'],,,,,
313,ERSATZSTROMSYSTEME,TECHNOLOGY,Backup power systems that ensure almost complete power supply in a household or company during a power failure.,1,2,['2d9fdebd364caf6ea226dc0ee6624e0c2d54fc65848a9cd18f9b868675333d5be302c20a6cbb1b4f9503e536f5051a60a8783cd3657ab2cf1f9daf65be366c76'],,,,,
314,QUARTIERSSPEICHERANLAGEN,TECHNOLOGY,District (quarter-scale) storage installations operated jointly by energy communities and PV operators.,1,1,['2d9fdebd364caf6ea226dc0ee6624e0c2d54fc65848a9cd18f9b868675333d5be302c20a6cbb1b4f9503e536f5051a60a8783cd3657ab2cf1f9daf65be366c76'],,,,,
315,WECHSELRICHTER,TECHNOLOGY,"Inverters, referenced as part of newer technical solutions enabling flexible and optimal use of electricity grids.",1,2,['2d9fdebd364caf6ea226dc0ee6624e0c2d54fc65848a9cd18f9b868675333d5be302c20a6cbb1b4f9503e536f5051a60a8783cd3657ab2cf1f9daf65be366c76'],,,,,
316,FERNSTEUERMÖGLICHKEITEN,TECHNOLOGY,Remote control capabilities referenced as technical measures to evaluate and optimize storage strategies.,1,1,['2d9fdebd364caf6ea226dc0ee6624e0c2d54fc65848a9cd18f9b868675333d5be302c20a6cbb1b4f9503e536f5051a60a8783cd3657ab2cf1f9daf65be366c76'],,,,,
317,"SEKTORENKOPPLUNG MIT MOBILITÄT, WÄRME UND WASSERSTOFF",TECHNOLOGY,"Sector coupling with mobility, heating, and hydrogen; mentioned as an approach to increase overall system flexibility.",1,1,['2d9fdebd364caf6ea226dc0ee6624e0c2d54fc65848a9cd18f9b868675333d5be302c20a6cbb1b4f9503e536f5051a60a8783cd3657ab2cf1f9daf65be366c76'],,,,,
318,ANLAGENBETREIBER:INNEN,STAKEHOLDER,"PV system owners/operators, whose ability to finance installations up to 2040 is emphasized as essential.",1,2,['2d9fdebd364caf6ea226dc0ee6624e0c2d54fc65848a9cd18f9b868675333d5be302c20a6cbb1b4f9503e536f5051a60a8783cd3657ab2cf1f9daf65be366c76'],,,,,
319,MARKTPRÄMIE,SUPPORT_SCHEME,Feed-in market premium (Marktprämie) introduced with the Erneuerbaren-Ausbau-Gesetz (EAG); stipulated as a prerequisite for long-term economic PV operation.,1,2,['2d9fdebd364caf6ea226dc0ee6624e0c2d54fc65848a9cd18f9b868675333d5be302c20a6cbb1b4f9503e536f5051a60a8783cd3657ab2cf1f9daf65be366c76'],,,,,
320,"FÖRDERUNGEN FÜR PV, E-MOBILITÄT UND BIDIREKTIONALES LADEN",SUPPORT_SCHEME,"Financial support schemes for PV systems, e-mobility, and bidirectional charging; referenced as synergistically developed support measures.",1,2,['2d9fdebd364caf6ea226dc0ee6624e0c2d54fc65848a9cd18f9b868675333d5be302c20a6cbb1b4f9503e536f5051a60a8783cd3657ab2cf1f9daf65be366c76'],,,,,
321,STROMMARKTPREISE,MARKET_METRIC,Metric: Electricity market prices; Unit: Euro or similar (not specified in this passage); Reference year: not specified; Geographic scope: Austria and European market; Approximate: yes; Source meaning: Market prices are sometimes low or negative during high PV production periods.,1,1,['2d9fdebd364caf6ea226dc0ee6624e0c2d54fc65848a9cd18f9b868675333d5be302c20a6cbb1b4f9503e536f5051a60a8783cd3657ab2cf1f9daf65be366c76'],,,,,
322,DYNAMISCHE TARIFE,SUPPORT_SCHEME,Dynamic (electricity) tariffs that can incentivize higher consumption in times of high PV generation.,1,1,['2d9fdebd364caf6ea226dc0ee6624e0c2d54fc65848a9cd18f9b868675333d5be302c20a6cbb1b4f9503e536f5051a60a8783cd3657ab2cf1f9daf65be366c76'],,,,,
323,UMSATZSTEUERBEFREIUNG FÜR PV-ANLAGEN BIS 35 KWP (2024-2025),SUPPORT_SCHEME,Zero-percent VAT for PV systems up to 35 kWp in 2024 and 2025; a key step to reducing bureaucratic burden and costs.,1,3,['2d9fdebd364caf6ea226dc0ee6624e0c2d54fc65848a9cd18f9b868675333d5be302c20a6cbb1b4f9503e536f5051a60a8783cd3657ab2cf1f9daf65be366c76'],,,,,
324,AUSSETZUNG DER UMSATZSTEUER AUF PV-ANLAGEN BIS 35 KWP AB 2024,SUPPORT_SCHEME,"VAT waiver for PV systems up to 35 kWp applicable from 2024, subject to evaluation for long-term effectiveness and possible extension.",1,2,['2d9fdebd364caf6ea226dc0ee6624e0c2d54fc65848a9cd18f9b868675333d5be302c20a6cbb1b4f9503e536f5051a60a8783cd3657ab2cf1f9daf65be366c76'],,,,,
325,NIEDRIGE ODER NEGATIVE STROMMARKTPREISE IN ZEITEN STARKER PV-PRODUKTION,CONSTRAINT,"Low or sometimes negative electricity market prices during periods of high photovoltaic production in Austria and the European market, posing an economic constraint.",1,3,['2d9fdebd364caf6ea226dc0ee6624e0c2d54fc65848a9cd18f9b868675333d5be302c20a6cbb1b4f9503e536f5051a60a8783cd3657ab2cf1f9daf65be366c76'],,,,,
326,BÜROKRATISCHER AUFWAND BEI FÖRDERUNGEN UND GENEHMIGUNGEN,CONSTRAINT,Bureaucratic burden associated with subsidies and permitting; identified as a factor to be minimized for facilitation of PV deployment.,1,1,['2d9fdebd364caf6ea226dc0ee6624e0c2d54fc65848a9cd18f9b868675333d5be302c20a6cbb1b4f9503e536f5051a60a8783cd3657ab2cf1f9daf65be366c76'],,,,,
327,WIRTSCHAFTLICHKEIT DES PV-ANLAGENBETRIEBS,CONSTRAINT,"Economic viability of PV operations, stated as the fundamental basis for a stable national PV market.",1,3,['2d9fdebd364caf6ea226dc0ee6624e0c2d54fc65848a9cd18f9b868675333d5be302c20a6cbb1b4f9503e536f5051a60a8783cd3657ab2cf1f9daf65be366c76'],,,,,
328,NEUE GESCHÄFTSMODELLE RUND UM SPEICHER UND FLEXIBILISIERUNG,TECHNOLOGY,"New business models focused on (grid-serving) storage and grid flexibility, anticipated as a result of lower market prices in surplus PV hours.",1,1,['2d9fdebd364caf6ea226dc0ee6624e0c2d54fc65848a9cd18f9b868675333d5be302c20a6cbb1b4f9503e536f5051a60a8783cd3657ab2cf1f9daf65be366c76'],,,,,
329,KONSTANTER JÄHRLICHER PV-ZUBAU — CA. 2 GW P.A. (ÖSTERREICH),TARGET,Target: constant annual PV expansion; Target value: approximately 2; Unit: GW per year; Deadline: ongoing; Geographic scope: Austria; Status: scenario/planned; Source meaning: The aim is to maintain a stable volume of approximately 2 GW of new PV capacity per year through incentives and funding schemes for economic viability up to at least 2040.,1,4,['2d9fdebd364caf6ea226dc0ee6624e0c2d54fc65848a9cd18f9b868675333d5be302c20a6cbb1b4f9503e536f5051a60a8783cd3657ab2cf1f9daf65be366c76'],,,,,
330,PV-ERZEUGUNGSPOTENTIAL — 41 TWH BIS 2040 (ÖSTERREICH),TARGET,Target: PV generation potential; Target value: 41; Unit: TWh; Deadline: 2040; Geographic scope: Austria; Status: scenario/planned; Source meaning: Achieving a cumulative photovoltaic electricity generation potential of 41 TWh in Austria by 2040 is described as possible if the market and support instruments are maintained.,1,2,['2d9fdebd364caf6ea226dc0ee6624e0c2d54fc65848a9cd18f9b868675333d5be302c20a6cbb1b4f9503e536f5051a60a8783cd3657ab2cf1f9daf65be366c76'],,,,,
331,AKTIONSPLAN NETZANSCHLUSS,POLICY,Policy type: action plan; Jurisdiction: Austria; Status: adopted (published July 2023); Source meaning: The E-Control “Aktionsplan Netzanschluss” is referenced as a planning document related to grid connection measures.,1,1,['2d9fdebd364caf6ea226dc0ee6624e0c2d54fc65848a9cd18f9b868675333d5be302c20a6cbb1b4f9503e536f5051a60a8783cd3657ab2cf1f9daf65be366c76'],,,,,
332,STEUERLICHE ASPEKTE FÜR PV-ANLAGEN,POLICY,"Policy type: fiscal/tax measure; Jurisdiction: Austria; Status: planned/implemented (partial, such as VAT waiver); Source meaning: Taxation aspects for PV systems are discussed, including VAT waiver and its evaluation for cost-effectiveness and possible expansion.",1,3,['2d9fdebd364caf6ea226dc0ee6624e0c2d54fc65848a9cd18f9b868675333d5be302c20a6cbb1b4f9503e536f5051a60a8783cd3657ab2cf1f9daf65be366c76'],,,,,
333,GRÖSSERE SPEICHERSYSTEME,TECHNOLOGY,Larger storage systems referenced as potential candidates for inclusion in further VAT/tax relief schemes.,1,1,['2d9fdebd364caf6ea226dc0ee6624e0c2d54fc65848a9cd18f9b868675333d5be302c20a6cbb1b4f9503e536f5051a60a8783cd3657ab2cf1f9daf65be366c76'],,,,,
334,GRÖSSERE PV-ANLAGEN,TECHNOLOGY,Larger photovoltaic systems considered for potential expansion of VAT exemption/tax relief measures.,1,1,['2d9fdebd364caf6ea226dc0ee6624e0c2d54fc65848a9cd18f9b868675333d5be302c20a6cbb1b4f9503e536f5051a60a8783cd3657ab2cf1f9daf65be366c76'],,,,,
335,FÖRDERBEDINGUNGEN,SUPPORT_SCHEME,"Funding conditions (subsidy terms) for PV deployment, highlighted as a critical part of the PV support framework.",1,3,['2d9fdebd364caf6ea226dc0ee6624e0c2d54fc65848a9cd18f9b868675333d5be302c20a6cbb1b4f9503e536f5051a60a8783cd3657ab2cf1f9daf65be366c76'],,,,,
336,FÖRDERHÖHEN IN DEN VERORDNUNGEN,SUPPORT_SCHEME,Levels/amounts of support for PV systems defined in relevant regulations (“Förderhöhen in den entsprechenden Verordnungen”).,1,1,['2d9fdebd364caf6ea226dc0ee6624e0c2d54fc65848a9cd18f9b868675333d5be302c20a6cbb1b4f9503e536f5051a60a8783cd3657ab2cf1f9daf65be366c76'],,,,,
337,BIDIREKTIONALES LADEN,TECHNOLOGY,"Bidirectional charging, mentioned in connection with synergies between support conditions for PV, e-mobility, and power flexibility.",1,1,['2d9fdebd364caf6ea226dc0ee6624e0c2d54fc65848a9cd18f9b868675333d5be302c20a6cbb1b4f9503e536f5051a60a8783cd3657ab2cf1f9daf65be366c76'],,,,,
338,ERZEUGUNGSSTARKE ZEITEN,CONSTRAINT,"Periods with strong/peak PV generation, mentioned as a temporal factor leading to low or negative market prices and export limitations for Austrian PV production.",1,1,['2d9fdebd364caf6ea226dc0ee6624e0c2d54fc65848a9cd18f9b868675333d5be302c20a6cbb1b4f9503e536f5051a60a8783cd3657ab2cf1f9daf65be366c76'],,,,,
339,NEUE WECHSELRICHTER,TECHNOLOGY,"Newer models of inverters, which already offer grid flexibility and storage optimization options.",1,1,['2d9fdebd364caf6ea226dc0ee6624e0c2d54fc65848a9cd18f9b868675333d5be302c20a6cbb1b4f9503e536f5051a60a8783cd3657ab2cf1f9daf65be366c76'],,,,,
340,SPEICHERSTRATEGIEN,TECHNOLOGY,"Strategies for electricity or energy storage, referenced in the context of evaluating short-, medium-, and long-term storage needs in the PV sector.",1,1,['2d9fdebd364caf6ea226dc0ee6624e0c2d54fc65848a9cd18f9b868675333d5be302c20a6cbb1b4f9503e536f5051a60a8783cd3657ab2cf1f9daf65be366c76'],,,,,
341,"KURZ-, MITTEL- UND LANGFRISTIGER SPEICHERBEDARF",CONSTRAINT,"Short-, medium-, and long-term storage demand, which must be evaluated as part of grid and flexibility optimisation.",1,2,['2d9fdebd364caf6ea226dc0ee6624e0c2d54fc65848a9cd18f9b868675333d5be302c20a6cbb1b4f9503e536f5051a60a8783cd3657ab2cf1f9daf65be366c76'],,,,,
342,PV-RAHMENBEDINGUNGEN,POLICY,"Policy type: framework/conditions; Jurisdiction: Austria; Status: planned/ongoing; Source meaning: The regulatory and policy context for PV deployment, including support and permitting aspects.",1,2,['2d9fdebd364caf6ea226dc0ee6624e0c2d54fc65848a9cd18f9b868675333d5be302c20a6cbb1b4f9503e536f5051a60a8783cd3657ab2cf1f9daf65be366c76'],,,,,
343,ENERGIETRANSFORMATION,POLICY,"Policy type: transformation/programme; Jurisdiction: Austria; Status: planned/ongoing; Source meaning: General context of energy transformation in Austria, with which PV support schemes are to be synergistically aligned or developed.",1,1,['2d9fdebd364caf6ea226dc0ee6624e0c2d54fc65848a9cd18f9b868675333d5be302c20a6cbb1b4f9503e536f5051a60a8783cd3657ab2cf1f9daf65be366c76'],,,,,
344,EVALUIERUNG DER UMSATZSTEUERBEFREIUNG,POLICY,Policy type: evaluation; Jurisdiction: Austria; Status: proposed/planned; Source meaning: The VAT exemption is subject to evaluation as to whether a permanent waiver or minimisation is effective and whether it should be expanded to larger systems.,1,3,['2d9fdebd364caf6ea226dc0ee6624e0c2d54fc65848a9cd18f9b868675333d5be302c20a6cbb1b4f9503e536f5051a60a8783cd3657ab2cf1f9daf65be366c76'],,,,,
345,ANREIZE FÜR PV-AUSBAU,SUPPORT_SCHEME,"Incentives for PV expansion, including funding and policy-driven measures, referenced as crucial for maintaining market growth.",1,1,['2d9fdebd364caf6ea226dc0ee6624e0c2d54fc65848a9cd18f9b868675333d5be302c20a6cbb1b4f9503e536f5051a60a8783cd3657ab2cf1f9daf65be366c76'],,,,,
346,DURCHGEHENDE SICHERSTELLUNG DER FINANZIERBARKEIT FÜR ANLAGENBETREIBER:INNEN BIS 2040,TARGET,Target: continuous guarantee of financing; Target value: not quantified; Unit: not specified; Deadline: 2040; Geographic scope: Austria; Status: scenario/planned; Source meaning: The ability for PV system operators to finance installations is to be ensured throughout the expansion phase up to 2040.,1,1,['2d9fdebd364caf6ea226dc0ee6624e0c2d54fc65848a9cd18f9b868675333d5be302c20a6cbb1b4f9503e536f5051a60a8783cd3657ab2cf1f9daf65be366c76'],,,,,
347,PHOTOVOLTAIK (PV),TECHNOLOGY,"Photovoltaics (PV) is a solar energy technology explicitly mentioned as central to Austria’s domestic solar market and value creation, and is referenced as a focus of acceptance, technical, ecological, and economic measures in Austria.",2,18,"['4d221520fe7090409cfa9cda598db30683356c340ab3584a063ffe92486f2fe7225fc056f8b997f085ff0c0f7475828879fa678b7b1709148cb03584b292dab0'
 '7a01190bcf30936758d004f89d7553c62632e91427f92e6420a9e453f2c5d92ab18ae9e62c46bc28aeb398621b28cfd3af89bf2317c887a5eec276b5b7a51052']",,,,,
348,FREIFLÄCHENANLAGE,TECHNOLOGY,"Ground-mounted PV installations (solar parks), referenced for biodiversity and acceptance in Austria’s PV expansion.",1,2,['4d221520fe7090409cfa9cda598db30683356c340ab3584a063ffe92486f2fe7225fc056f8b997f085ff0c0f7475828879fa678b7b1709148cb03584b292dab0'],,,,,
349,BIODIVERSITÄTS-PV-ANLAGE,TECHNOLOGY,"PV systems intentionally designed or managed as biodiversity-promoting installations, creating habitat and enhancing soil quality, and supporting acceptance goals.",1,3,['4d221520fe7090409cfa9cda598db30683356c340ab3584a063ffe92486f2fe7225fc056f8b997f085ff0c0f7475828879fa678b7b1709148cb03584b292dab0'],,,,,
350,PV-NUTZUNGEN BEI INFRASTRUKTUREN,TECHNOLOGY,"PV utilization on infrastructural elements and their auxiliary areas, including large parking areas, referenced as a measure to support acceptance and expansion.",1,3,['4d221520fe7090409cfa9cda598db30683356c340ab3584a063ffe92486f2fe7225fc056f8b997f085ff0c0f7475828879fa678b7b1709148cb03584b292dab0'],,,,,
351,GEBÄUDEINTEGRIERTE PV,TECHNOLOGY,"Building-integrated PV including showcase and flagship projects implemented across Austria, referenced for mobilizing sealed surfaces.",1,5,['4d221520fe7090409cfa9cda598db30683356c340ab3584a063ffe92486f2fe7225fc056f8b997f085ff0c0f7475828879fa678b7b1709148cb03584b292dab0'],,,,,
352,DAUCHFLÄCHENMIETE UND STATIK-ANALYSE,SUPPORT_SCHEME,Rooftop leasing and structural analysis models referenced as mechanisms to increase PV deployment and acceptance by utilizing sealed surfaces.,1,1,['4d221520fe7090409cfa9cda598db30683356c340ab3584a063ffe92486f2fe7225fc056f8b997f085ff0c0f7475828879fa678b7b1709148cb03584b292dab0'],,,,,
353,ORTS- UND DENKMALSCHUTZ-ANGEPASSTE PV-MODULE,TECHNOLOGY,"PV modules adapted to the needs of local and heritage protection, referenced as contributing to acceptance and expansion.",1,1,['4d221520fe7090409cfa9cda598db30683356c340ab3584a063ffe92486f2fe7225fc056f8b997f085ff0c0f7475828879fa678b7b1709148cb03584b292dab0'],,,,,
354,PV-ANLAGEN AN LÄRMSCHUTZWÄNDEN,TECHNOLOGY,"PV system deployment on noise barriers in road and rail sectors, referenced as an expansion and acceptance solution to be further examined.",1,3,['4d221520fe7090409cfa9cda598db30683356c340ab3584a063ffe92486f2fe7225fc056f8b997f085ff0c0f7475828879fa678b7b1709148cb03584b292dab0'],,,,,
355,EABG,POLICY,Policy type: law or regulatory framework (not fully specified in passage); Jurisdiction: Austria; Status: unknown; Source meaning: referenced as a driver for PV uses in infrastructure and auxiliary areas such as large parking facilities.,1,1,['4d221520fe7090409cfa9cda598db30683356c340ab3584a063ffe92486f2fe7225fc056f8b997f085ff0c0f7475828879fa678b7b1709148cb03584b292dab0'],,,,,
356,GEBÄUDE DES BUNDES,INFRASTRUCTURE,"Federal government buildings in Austria, referenced as a target for PV installation where technically and economically feasible.",1,1,['4d221520fe7090409cfa9cda598db30683356c340ab3584a063ffe92486f2fe7225fc056f8b997f085ff0c0f7475828879fa678b7b1709148cb03584b292dab0'],,,,,
357,PV-GEBÄUDENUTZUNG,TECHNOLOGY,"PV usage on buildings, referenced as coinciding with expanded use of biodiversity-oriented ground-mounted installations in meeting Austria's PV expansion goals.",1,1,['4d221520fe7090409cfa9cda598db30683356c340ab3584a063ffe92486f2fe7225fc056f8b997f085ff0c0f7475828879fa678b7b1709148cb03584b292dab0'],,,,,
358,LANDWIRTSCHAFTLICHE DOPPELNUTZUNG (IM RAHMEN VON AGRI-PV-ANLAGEN),TECHNOLOGY,"Agricultural dual-use under Agri-PV as a special form of multifunctionality, specifically supported for expansion and acceptance.",1,1,['4d221520fe7090409cfa9cda598db30683356c340ab3584a063ffe92486f2fe7225fc056f8b997f085ff0c0f7475828879fa678b7b1709148cb03584b292dab0'],,,,,
359,ÖKOLOGISCHER MEHRWERT VON PV-BIODIVERSITÄTSANLAGEN,MARKET_METRIC,Metric: ecological added value of PV-biodiversity installations; Value: qualitative (demonstrable benefits for habitat and soil quality); Reference year: unknown; Geographic scope: Austria (studies cited); Approximate: no; Source meaning: studies show that PV-biodiversity installations provide significant ecological benefits by creating habitats and improving soil quality.,1,3,['4d221520fe7090409cfa9cda598db30683356c340ab3584a063ffe92486f2fe7225fc056f8b997f085ff0c0f7475828879fa678b7b1709148cb03584b292dab0'],,,,,
360,"SOZIALE ZUSTIMMUNG ZU PHOTOVOLTAIK IN ÖSTERREICH — 83% PROJEKTE IN DER GEMEINDE, 61% FREIFLÄCHENANLAGEN (2024)",MARKET_METRIC,"Metric: public acceptance of PV projects; Value: 83% (PV projects in municipalities), 61% (ground-mounted PV installations fully or somewhat approved); Unit: percent; Reference year: 2024; Geographic scope: Austria; Approximate: no; Source meaning: survey data on Austrian public opinion regarding PV, including ground-mounted projects.",1,2,['4d221520fe7090409cfa9cda598db30683356c340ab3584a063ffe92486f2fe7225fc056f8b997f085ff0c0f7475828879fa678b7b1709148cb03584b292dab0'],,,,,
361,PROJEKTENTWICKLUNGSPHASE,CONSTRAINT,"Project development phase, referenced as a stage where active public involvement is required to address social acceptance and potential neighborly resistance.",1,1,['4d221520fe7090409cfa9cda598db30683356c340ab3584a063ffe92486f2fe7225fc056f8b997f085ff0c0f7475828879fa678b7b1709148cb03584b292dab0'],,,,,
362,NATURSCHUTZ,CONSTRAINT,"Nature protection: The requirement to address nature conservation in PV project planning, especially for ground-mounted installations, referenced as a condition for public acceptance.",1,1,['4d221520fe7090409cfa9cda598db30683356c340ab3584a063ffe92486f2fe7225fc056f8b997f085ff0c0f7475828879fa678b7b1709148cb03584b292dab0'],,,,,
363,ÄSTHETISCHE FRAGEN IM BAUWESEN,CONSTRAINT,"Aesthetic questions in construction, which must be addressed, balancing building tradition with innovation, in order to secure social acceptance for PV projects.",1,1,['4d221520fe7090409cfa9cda598db30683356c340ab3584a063ffe92486f2fe7225fc056f8b997f085ff0c0f7475828879fa678b7b1709148cb03584b292dab0'],,,,,
364,QUALITÄT BEI PLANUNG UND UMSETZUNG,CONSTRAINT,"Quality in planning and implementation of large and small PV projects, stipulated as essential for securing acceptance.",1,3,['4d221520fe7090409cfa9cda598db30683356c340ab3584a063ffe92486f2fe7225fc056f8b997f085ff0c0f7475828879fa678b7b1709148cb03584b292dab0'],,,,,
365,"MEHRFACHNUTZUNG BEI BAULICHEN INFRASTRUKTUREN, LANDWIRTSCHAFT UND VERKEHR",CONSTRAINT,"Multiple uses of built infrastructure, agriculture (Agri-PV), and transport sectors, referenced as an important measure for acceptance and efficient use of land and structures.",1,2,['4d221520fe7090409cfa9cda598db30683356c340ab3584a063ffe92486f2fe7225fc056f8b997f085ff0c0f7475828879fa678b7b1709148cb03584b292dab0'],,,,,
366,FAKTENBASIERTE INFORMATION BEI PROJEKTUMSETZUNG,SUPPORT_SCHEME,Provision of fact-based information at every project stage as a means to secure and increase social acceptance of PV.,1,1,['4d221520fe7090409cfa9cda598db30683356c340ab3584a063ffe92486f2fe7225fc056f8b997f085ff0c0f7475828879fa678b7b1709148cb03584b292dab0'],,,,,
367,INFORMATIONS- UND SCHULUNGSKAMPAGNEN,SUPPORT_SCHEME,"Information and training campaigns for awareness building and communication of PV advantages and challenges, especially for biodiversity and Agri-PV installations.",1,1,['4d221520fe7090409cfa9cda598db30683356c340ab3584a063ffe92486f2fe7225fc056f8b997f085ff0c0f7475828879fa678b7b1709148cb03584b292dab0'],,,,,
368,"UNTERNEHMEN DER ELEKTRO-ELEKTRONIK, HALBLEITERTECHNOLOGIE, GLAS- UND METALLVERARBEITENDEN INDUSTRIE, DIGITALISIERUNG UND SOFTWAREUNTERNEHMEN",STAKEHOLDER,"Companies in electronics, semiconductors, glass/metal processing, digitalization, and software sectors, named as actors with major opportunities in the Austrian PV mass market.",1,1,['4d221520fe7090409cfa9cda598db30683356c340ab3584a063ffe92486f2fe7225fc056f8b997f085ff0c0f7475828879fa678b7b1709148cb03584b292dab0'],,,,,
369,INNOVATIVE HANDWERKSBETRIEBE,STAKEHOLDER,"Innovative craft enterprises, referenced as additional actors who can play a role in the growing Austrian PV market.",1,1,['4d221520fe7090409cfa9cda598db30683356c340ab3584a063ffe92486f2fe7225fc056f8b997f085ff0c0f7475828879fa678b7b1709148cb03584b292dab0'],,,,,
370,LÄRMSCHUTZWÄNDE,INFRASTRUCTURE,"Noise barriers, identified as infrastructural features (in road and rail sectors) for potential PV system deployment and increasing renewable energy integration.",1,1,['4d221520fe7090409cfa9cda598db30683356c340ab3584a063ffe92486f2fe7225fc056f8b997f085ff0c0f7475828879fa678b7b1709148cb03584b292dab0'],,,,,
371,BETRIEBSANLAGEN,INFRASTRUCTURE,"Operational facilities, referenced as existing built structures suitable for accelerated PV system installations as part of acceptance-boosting measures.",1,1,['4d221520fe7090409cfa9cda598db30683356c340ab3584a063ffe92486f2fe7225fc056f8b997f085ff0c0f7475828879fa678b7b1709148cb03584b292dab0'],,,,,
372,VERKEHRSBEREICH,INFRASTRUCTURE,"Transport sector infrastructure, referenced as a relevant context for multifunctional PV usage alongside agricultural and built infrastructures.",1,1,['4d221520fe7090409cfa9cda598db30683356c340ab3584a063ffe92486f2fe7225fc056f8b997f085ff0c0f7475828879fa678b7b1709148cb03584b292dab0'],,,,,
373,GROSSPROJEKTE,TECHNOLOGY,"Large-scale PV projects, referenced as a category whose planning and implementation quality is deemed essential for project acceptance.",1,1,['4d221520fe7090409cfa9cda598db30683356c340ab3584a063ffe92486f2fe7225fc056f8b997f085ff0c0f7475828879fa678b7b1709148cb03584b292dab0'],,,,,
374,KLEINPROJEKTE,TECHNOLOGY,"Small-scale PV projects, referenced as a category for which high-quality planning and implementation is required to secure public acceptance.",1,1,['4d221520fe7090409cfa9cda598db30683356c340ab3584a063ffe92486f2fe7225fc056f8b997f085ff0c0f7475828879fa678b7b1709148cb03584b292dab0'],,,,,
375,GROSSPARKFLÄCHEN,INFRASTRUCTURE,"Large parking areas, mentioned as an example of auxiliary infrastructure areas suited for expanded PV utilization, to be advanced through EABG.",1,1,['4d221520fe7090409cfa9cda598db30683356c340ab3584a063ffe92486f2fe7225fc056f8b997f085ff0c0f7475828879fa678b7b1709148cb03584b292dab0'],,,,,
376,BEBÄUTE FLÄCHEN,INFRASTRUCTURE,"Built-up areas (""versiegelte Flächen""), referenced as already sealed surfaces that should be mobilized for PV deployment as part of acceptance and expansion measures.",1,1,['4d221520fe7090409cfa9cda598db30683356c340ab3584a063ffe92486f2fe7225fc056f8b997f085ff0c0f7475828879fa678b7b1709148cb03584b292dab0'],,,,,
377,MUSTER- UND LEUCHTTURMPROJEKTE,SUPPORT_SCHEME,"Exemplary and flagship building-integrated PV projects, intended for implementation across Austria to increase visibility and acceptance of PV technologies.",1,2,['4d221520fe7090409cfa9cda598db30683356c340ab3584a063ffe92486f2fe7225fc056f8b997f085ff0c0f7475828879fa678b7b1709148cb03584b292dab0'],,,,,
378,DACHFLÄCHENMIETE,SUPPORT_SCHEME,"Rooftop leasing, described as a model to facilitate PV deployment by utilizing existing roof surfaces on buildings.",1,1,['4d221520fe7090409cfa9cda598db30683356c340ab3584a063ffe92486f2fe7225fc056f8b997f085ff0c0f7475828879fa678b7b1709148cb03584b292dab0'],,,,,
379,STATIK-ANALYSE,SUPPORT_SCHEME,"Structural analysis, referenced as a support instrument or prerequisite to ensure safe PV system installation on buildings, contributing to acceptance efforts.",1,1,['4d221520fe7090409cfa9cda598db30683356c340ab3584a063ffe92486f2fe7225fc056f8b997f085ff0c0f7475828879fa678b7b1709148cb03584b292dab0'],,,,,
380,PV-BIODIVERSITÄTSANLAGEN,TECHNOLOGY,"Photovoltaic biodiversity installations, referenced as PV systems constructed or managed with the specific aim of enhancing biodiversity and providing ecological value, distinct from general Freiflächenanlagen.",1,3,['4d221520fe7090409cfa9cda598db30683356c340ab3584a063ffe92486f2fe7225fc056f8b997f085ff0c0f7475828879fa678b7b1709148cb03584b292dab0'],,,,,
381,PFLANZEN UND TIERE,STAKEHOLDER,"Plants and animals, referenced as beneficiaries of the new habitats established by PV-biodiversity installations.",1,1,['4d221520fe7090409cfa9cda598db30683356c340ab3584a063ffe92486f2fe7225fc056f8b997f085ff0c0f7475828879fa678b7b1709148cb03584b292dab0'],,,,,
382,BODENQUALITÄT,MARKET_METRIC,Metric: soil quality improvement; Value: qualitative; Unit: not specified; Reference year: not specified; Geographic scope: Austria (as shown by studies referenced for PV-biodiversity installations as improving soil quality); Approximate: no; Source meaning: studies show improved soil quality as one ecological benefit of biodiversity PV installations.,1,1,['4d221520fe7090409cfa9cda598db30683356c340ab3584a063ffe92486f2fe7225fc056f8b997f085ff0c0f7475828879fa678b7b1709148cb03584b292dab0'],,,,,
383,REGELUNGEN FÜR PV-ANLAGEN AN LÄRMSCHUTZWÄNDEN,POLICY,Policy type: regulation (proposed/under review); Jurisdiction: Austria; Status: planned/proposed; Source meaning: analog regulations for PV installations on noise barriers in road and rail are to be examined.,1,1,['4d221520fe7090409cfa9cda598db30683356c340ab3584a063ffe92486f2fe7225fc056f8b997f085ff0c0f7475828879fa678b7b1709148cb03584b292dab0'],,,,,
384,STUDIEN ZU ÖKOLOGISCHEM MEHRWERT DER PV-BIODIVERSITÄTSANLAGEN,ORGANIZATION,"Studies conducted by Austrian universities and organizations, referenced as sources demonstrating ecological benefits of biodiversity PV installations.",1,1,['4d221520fe7090409cfa9cda598db30683356c340ab3584a063ffe92486f2fe7225fc056f8b997f085ff0c0f7475828879fa678b7b1709148cb03584b292dab0'],,,,,
385,METHODEN ZUR FÖRDERUNG SOZIALER INNOVATION IM KONTEXT DER ENERGIEWENDE,SUPPORT_SCHEME,"METHODEN ZUR FÖRDERUNG SOZIALER INNOVATION IM KONTEXT DER ENERGIEWENDE refers to methods for promoting social innovation in the context of the energy transition, described by ÖGUT and referenced as a documented basis for further development of social process recommendations in PV rollout.",2,2,"['4d221520fe7090409cfa9cda598db30683356c340ab3584a063ffe92486f2fe7225fc056f8b997f085ff0c0f7475828879fa678b7b1709148cb03584b292dab0'
 '6927535991c09031efd0df39ec21591dd3bb460da14c01bc36d343f0078b726ed44d06a0c6bb518236ea61ed8c8b15365630cf185b8012e963898f2e117f7d8a']",,,,,
386,"UNTERNEHMEN DER ELEKTRO-ELEKTRONIK, HALBLEITERTECHNOLOGIE, GLAS- UND METALLVERARBEITENDEN INDUSTRIE, DIGITALISIERTUNG UND SOFTWAREUNTERNEHMEN, INNOVATIVE HANDWERKSBETRIEBE",STAKEHOLDER,"Cluster of Austrian companies in electrical-electronics, semiconductor technology, glass and metal processing, digitalization, software, and innovative trades, identified as able to position themselves in the solar market.",1,2,['7a01190bcf30936758d004f89d7553c62632e91427f92e6420a9e453f2c5d92ab18ae9e62c46bc28aeb398621b28cfd3af89bf2317c887a5eec276b5b7a51052'],,,,,
387,PRIVATE UND INSTITUTIONELLE INVESTOR:INNEN,STAKEHOLDER,"Private and institutional investors who can direct capital to sustainable projects, particularly in the domestic PV sector.",1,2,['7a01190bcf30936758d004f89d7553c62632e91427f92e6420a9e453f2c5d92ab18ae9e62c46bc28aeb398621b28cfd3af89bf2317c887a5eec276b5b7a51052'],,,,,
388,PV-SYSTEM,TECHNOLOGY,A photovoltaic system; referenced as consisting of various components which may be sourced globally and targeted by European policy for increased domestic production.,1,3,['7a01190bcf30936758d004f89d7553c62632e91427f92e6420a9e453f2c5d92ab18ae9e62c46bc28aeb398621b28cfd3af89bf2317c887a5eec276b5b7a51052'],,,,,
389,"NETTO-NULL-INDUSTRIE-GESETZ (NET ZERO INDUSTRY ACT, NZIA)",POLICY,"Policy type: law; Jurisdiction: European Union; Status: adopted (explicit mention as in force and operational); Source meaning: EU law to increase clean-technology production within the union, especially technologies advancing the energy transition and with very low greenhouse-gas emissions.",1,3,['7a01190bcf30936758d004f89d7553c62632e91427f92e6420a9e453f2c5d92ab18ae9e62c46bc28aeb398621b28cfd3af89bf2317c887a5eec276b5b7a51052'],,,,,
390,GRÜNER INDUSTRIEPLAN DER EU,POLICY,"Policy type: programme; Jurisdiction: European Union; Status: ongoing; Source meaning: EU programme of which the Net Zero Industry Act is a part, aiming to promote clean industrial development.",1,1,['7a01190bcf30936758d004f89d7553c62632e91427f92e6420a9e453f2c5d92ab18ae9e62c46bc28aeb398621b28cfd3af89bf2317c887a5eec276b5b7a51052'],,,,,
391,EU-TAXONOMIE (EU TAXONOMY),POLICY,"Policy type: regulation; Jurisdiction: European Union; Status: in force; Source meaning: regulation that defines ecological sustainability for investment purposes and aims to guide financial flows toward sustainable investments, providing a reference point for investors, companies, and member states.",1,2,['7a01190bcf30936758d004f89d7553c62632e91427f92e6420a9e453f2c5d92ab18ae9e62c46bc28aeb398621b28cfd3af89bf2317c887a5eec276b5b7a51052'],,,,,
392,ÖSTERREICHISCHE GREEN FINANCE AGENDA,POLICY,"Policy type: reform initiative; Jurisdiction: Austria; Status: ongoing; Source meaning: Austrian policy instrument identifying 25 measures to stimulate growth, innovation, and the redirection of financial flows for climate-friendly investments, as part of the Austrian Recovery and Resilience Plan.",1,5,['7a01190bcf30936758d004f89d7553c62632e91427f92e6420a9e453f2c5d92ab18ae9e62c46bc28aeb398621b28cfd3af89bf2317c887a5eec276b5b7a51052'],,,,,
393,ÖSTERREICHISCHER AUFBAU- UND RESILIENZPLAN,POLICY,"Policy type: national recovery and resilience plan; Jurisdiction: Austria; Status: ongoing; Source meaning: Austrian national programme under the EU 2021/241 regulation, providing the basis for reforms and funding including the Green Finance Agenda.",1,1,['7a01190bcf30936758d004f89d7553c62632e91427f92e6420a9e453f2c5d92ab18ae9e62c46bc28aeb398621b28cfd3af89bf2317c887a5eec276b5b7a51052'],,,,,
394,GREEN FINANCE ALLIANCE,SUPPORT_SCHEME,An alliance focusing on aligning participating Austrian financial sector companies' portfolios with the 1.5-degree target and expanding green activities in their core businesses.,1,3,['7a01190bcf30936758d004f89d7553c62632e91427f92e6420a9e453f2c5d92ab18ae9e62c46bc28aeb398621b28cfd3af89bf2317c887a5eec276b5b7a51052'],,,,,
395,AUSTRIAN GREEN INVESTMENT PIONEERS PROGRAMM (KLIMAAKTIV),SUPPORT_SCHEME,Support programme (klimaaktiv) aiming to promote pioneering green investments in Austria.,1,1,['7a01190bcf30936758d004f89d7553c62632e91427f92e6420a9e453f2c5d92ab18ae9e62c46bc28aeb398621b28cfd3af89bf2317c887a5eec276b5b7a51052'],,,,,
396,GREEN FINANCE FÖRDERPROGRAMM (KLIMA- UND ENERGIEFONDS),SUPPORT_SCHEME,A funding programme (administered by the Klima- und Energiefonds) to support green finance activities in Austria.,1,2,['7a01190bcf30936758d004f89d7553c62632e91427f92e6420a9e453f2c5d92ab18ae9e62c46bc28aeb398621b28cfd3af89bf2317c887a5eec276b5b7a51052'],,,,,
397,BMK-AUSBILDUNGSINITIATIVE „JUST TRANSITION“,SUPPORT_SCHEME,"Training initiative by Austria’s BMK focusing on education and upskilling in photovoltaics, electrotechnology/installation, and roofing to provide necessary competencies for the energy transition.",1,6,['7a01190bcf30936758d004f89d7553c62632e91427f92e6420a9e453f2c5d92ab18ae9e62c46bc28aeb398621b28cfd3af89bf2317c887a5eec276b5b7a51052'],,,,,
398,QUALIFIZIERUNGSVERBUND-AUSBILDUNGSOFFENSIVE,SUPPORT_SCHEME,"An offensive (campaign) for vocational training in qualification alliances, targeting energy-transition-relevant apprenticeships in Austria.",1,2,['7a01190bcf30936758d004f89d7553c62632e91427f92e6420a9e453f2c5d92ab18ae9e62c46bc28aeb398621b28cfd3af89bf2317c887a5eec276b5b7a51052'],,,,,
399,EU SOLAR PV INDUSTRY ALLIANCE (ESIA),ORGANIZATION,"European alliance, founded in spring 2022, aiming to preserve and strengthen the European photovoltaic production value chain.",1,2,['7a01190bcf30936758d004f89d7553c62632e91427f92e6420a9e453f2c5d92ab18ae9e62c46bc28aeb398621b28cfd3af89bf2317c887a5eec276b5b7a51052'],,,,,
400,SOLAR-CHARTA,POLICY,Policy type: initiative; Jurisdiction: European Union; Status: ongoing; Source meaning: Charter signed by Austria in April 2024 with the purpose of strengthening European PV production value chains and energy sovereignty.,1,3,['7a01190bcf30936758d004f89d7553c62632e91427f92e6420a9e453f2c5d92ab18ae9e62c46bc28aeb398621b28cfd3af89bf2317c887a5eec276b5b7a51052'],,,,,
401,IPCEI-PV,POLICY,Policy type: initiative; Jurisdiction: European Union; Status: ongoing; Source meaning: Important Project of Common European Interest in photovoltaics; Austria joined in May 2022 to strengthen European production.,1,3,['7a01190bcf30936758d004f89d7553c62632e91427f92e6420a9e453f2c5d92ab18ae9e62c46bc28aeb398621b28cfd3af89bf2317c887a5eec276b5b7a51052'],,,,,
402,FÖRDERUNG DER FINANZBILDUNG IM BEREICH NACHHALTIGKEIT,SUPPORT_SCHEME,"A set of activities promoting financial literacy in the field of sustainability in Austria, aiming to enhance awareness of the relationship between the financial sector and the transformation to a sustainable economy.",1,1,['7a01190bcf30936758d004f89d7553c62632e91427f92e6420a9e453f2c5d92ab18ae9e62c46bc28aeb398621b28cfd3af89bf2317c887a5eec276b5b7a51052'],,,,,
403,"1,5-GRAD-ZIEL",TARGET,Target: portfolio alignment with the 1.5-degree Celsius climate goal; Target value: 1.5; Unit: degrees Celsius; Deadline: not explicitly stated; Geographic scope: Austria (for Green Finance Alliance participant companies); Status: official (in the context of finance sector participation); Source meaning: participating companies in the Green Finance Alliance should align their portfolios with the 1.5-degree temperature target.,1,1,['7a01190bcf30936758d004f89d7553c62632e91427f92e6420a9e453f2c5d92ab18ae9e62c46bc28aeb398621b28cfd3af89bf2317c887a5eec276b5b7a51052'],,,,,
404,FINANZSEKTORUNTERNEHMEN (TEILNEHMENDE AN GREEN FINANCE ALLIANCE),STAKEHOLDER,"Austrian financial sector companies participating in the Green Finance Alliance, aiming to align their core business portfolios with the 1.5-degree target and expand green activities.",1,1,['7a01190bcf30936758d004f89d7553c62632e91427f92e6420a9e453f2c5d92ab18ae9e62c46bc28aeb398621b28cfd3af89bf2317c887a5eec276b5b7a51052'],,,,,
405,ELEKTROTECHNIK/ELEKTROINSTALLATION (LEHRBERUF),STAKEHOLDER,"Apprentices and professionals trained in electrotechnology/electrical installation, highlighted as a priority group for upskilling through the BMK ""Just Transition"" initiative to support the energy transition.",1,1,['7a01190bcf30936758d004f89d7553c62632e91427f92e6420a9e453f2c5d92ab18ae9e62c46bc28aeb398621b28cfd3af89bf2317c887a5eec276b5b7a51052'],,,,,
406,DACHDECKER:INNEN (LEHRBERUF),STAKEHOLDER,"Apprentices and professionals in the roofing trade, specifically targeted in the BMK ""Just Transition"" skills initiatives relevant to PV system deployment.",1,1,['7a01190bcf30936758d004f89d7553c62632e91427f92e6420a9e453f2c5d92ab18ae9e62c46bc28aeb398621b28cfd3af89bf2317c887a5eec276b5b7a51052'],,,,,
407,FÜR DIE ENERGIEWENDE RELEVANTE LEHRBERUFE,STAKEHOLDER,"Vocational professions considered especially relevant to the energy transition, which are to be particularly supported in Austria (e.g. through training and qualification offensives).",1,2,['7a01190bcf30936758d004f89d7553c62632e91427f92e6420a9e453f2c5d92ab18ae9e62c46bc28aeb398621b28cfd3af89bf2317c887a5eec276b5b7a51052'],,,,,
408,PROJEKT- UND FINANZIERUNGSEBENE,INFRASTRUCTURE,"The project and financing levels, described as critical infrastructure for bridging project execution and capital investment in Austria for climate and energy transition.",1,1,['7a01190bcf30936758d004f89d7553c62632e91427f92e6420a9e453f2c5d92ab18ae9e62c46bc28aeb398621b28cfd3af89bf2317c887a5eec276b5b7a51052'],,,,,
409,PV-INDUSTRIE,STAKEHOLDER,The photovoltaic industry refers to companies and enterprises engaged in PV production and related value chains in Austria and Europe.,1,2,['9ce049a98570c6bf53cf9e547168db075af2795fa519422bd27a2c9aa5b490c4b26aef25883802c4d8eb6e4dcb09c866e7d31677352f7beb6c4f9fcbbcc75e9b'],,,,,
410,PV-PRODUKTION,STAKEHOLDER,"Photovoltaic production actors and sectors, especially in Austria, referenced in connection with innovation, supply chains, and international competitiveness.",1,1,['9ce049a98570c6bf53cf9e547168db075af2795fa519422bd27a2c9aa5b490c4b26aef25883802c4d8eb6e4dcb09c866e7d31677352f7beb6c4f9fcbbcc75e9b'],,,,,
411,PV-BRANCHENVERTRETUNG,STAKEHOLDER,"PV-sector advocacy or representative bodies involved in Austrian photovoltaic workforce, training, and policy initiatives.",1,0,['9ce049a98570c6bf53cf9e547168db075af2795fa519422bd27a2c9aa5b490c4b26aef25883802c4d8eb6e4dcb09c866e7d31677352f7beb6c4f9fcbbcc75e9b'],,,,,
412,FORSCHUNG,STAKEHOLDER,Research institutions and actors involved in PV-related research and innovation.,1,2,['9ce049a98570c6bf53cf9e547168db075af2795fa519422bd27a2c9aa5b490c4b26aef25883802c4d8eb6e4dcb09c866e7d31677352f7beb6c4f9fcbbcc75e9b'],,,,,
413,ARBEITNEHMER:INNENVERTRETUNG,STAKEHOLDER,Worker representation organizations involved in PV workforce and training initiatives in Austria.,1,1,['9ce049a98570c6bf53cf9e547168db075af2795fa519422bd27a2c9aa5b490c4b26aef25883802c4d8eb6e4dcb09c866e7d31677352f7beb6c4f9fcbbcc75e9b'],,,,,
414,MADE IN EUROPE-BONUS,SUPPORT_SCHEME,The “Made in Europe-Bonus” is a national Austrian measure that offers a subsidy premium of up to 20% of the funding level for PV projects using components produced in Europe.,1,7,['9ce049a98570c6bf53cf9e547168db075af2795fa519422bd27a2c9aa5b490c4b26aef25883802c4d8eb6e4dcb09c866e7d31677352f7beb6c4f9fcbbcc75e9b'],,,,,
415,IPCEI-PV23,POLICY,"Policy type: initiative/programme; Jurisdiction: European Union, with Austrian participation; Status: ongoing; Source meaning: Important Project of Common European Interest (IPCEI) for photovoltaics, joined by Austria in May 2022, intended to rebuild and strengthen central European PV value chains.",1,4,['9ce049a98570c6bf53cf9e547168db075af2795fa519422bd27a2c9aa5b490c4b26aef25883802c4d8eb6e4dcb09c866e7d31677352f7beb6c4f9fcbbcc75e9b'],,,,,
416,NET ZERO INDUSTRY ACT,POLICY,Policy type: regulation/act; Jurisdiction: European Union; Status: proposed/unknown; Source meaning: EU-level regulation enabling specification of a minimum share of European value added in eligible projects.,1,0,['9ce049a98570c6bf53cf9e547168db075af2795fa519422bd27a2c9aa5b490c4b26aef25883802c4d8eb6e4dcb09c866e7d31677352f7beb6c4f9fcbbcc75e9b'],,,,,
417,JUST TRANSITION AKTIONSPLAN FÜR AUS- UND WEITERBILDUNG,POLICY,Policy type: action plan; Jurisdiction: Austria; Status: planned/intended; Source meaning: The Just Transition action plan defines measures for PV-relevant education and training with the aim of making the PV sector a more attractive employment environment.,1,2,['9ce049a98570c6bf53cf9e547168db075af2795fa519422bd27a2c9aa5b490c4b26aef25883802c4d8eb6e4dcb09c866e7d31677352f7beb6c4f9fcbbcc75e9b'],,,,,
418,"FORSCHUNGS-, ENTWICKLUNGS- UND INNOVATIONSPROGRAMME",SUPPORT_SCHEME,"Research, development, and innovation programmes (Forschungs-, Entwicklungs- und Innovationsprogramme) fund and support the development and improvement of new PV technologies and components in Austria.",1,1,['9ce049a98570c6bf53cf9e547168db075af2795fa519422bd27a2c9aa5b490c4b26aef25883802c4d8eb6e4dcb09c866e7d31677352f7beb6c4f9fcbbcc75e9b'],,,,,
419,FTI-SCHWERPUNKT „ENERGIEWENDE“,SUPPORT_SCHEME,"The national research and innovation focus “Energiewende” (energy transition) funds energy research with the aim of developing and demonstrating solutions for achieving 2040 climate neutrality, including PV technologies and components “Made in Austria.”",1,3,['9ce049a98570c6bf53cf9e547168db075af2795fa519422bd27a2c9aa5b490c4b26aef25883802c4d8eb6e4dcb09c866e7d31677352f7beb6c4f9fcbbcc75e9b'],,,,,
420,PV-TECHNOLOGIEN,TECHNOLOGY,"Photovoltaic technologies, including new and improved PV solutions and components, targeted by research, innovation, and industrial support measures.",1,6,['9ce049a98570c6bf53cf9e547168db075af2795fa519422bd27a2c9aa5b490c4b26aef25883802c4d8eb6e4dcb09c866e7d31677352f7beb6c4f9fcbbcc75e9b'],,,,,
421,PV-KOMPONENTEN,TECHNOLOGY,"PV-KOMPONENTEN refers to photovoltaic (PV) system components, including parts and materials produced in Europe or Austria, which are specifically referenced in support incentives and research and innovation activities, and include items such as modules and inverters targeted for improved life cycle performance (durability, reparability, reuse, and recycling) in the Austrian PV innovation system.",2,2,"['9ce049a98570c6bf53cf9e547168db075af2795fa519422bd27a2c9aa5b490c4b26aef25883802c4d8eb6e4dcb09c866e7d31677352f7beb6c4f9fcbbcc75e9b'
 'dafd7f2f39e49c87969ec1360e9fae0af9de6f290655205c8c120dd24dcc85da04f0536237f7f9529d31deed892d5abae3b8f58fb66ae9e497327f23b1e6b750']",,,,,
422,PV-LÖSUNGEN,TECHNOLOGY,"PV solutions, generic term for practical applications or system approaches for photovoltaic integration and usage.",1,1,['9ce049a98570c6bf53cf9e547168db075af2795fa519422bd27a2c9aa5b490c4b26aef25883802c4d8eb6e4dcb09c866e7d31677352f7beb6c4f9fcbbcc75e9b'],,,,,
423,DIGITALISIERUNG VON ENERGIEINFRASTRUKTUREN,INFRASTRUCTURE,"Digitalisation of energy infrastructures, relevant for enabling integration of PV and flexible energy systems.",1,1,['9ce049a98570c6bf53cf9e547168db075af2795fa519422bd27a2c9aa5b490c4b26aef25883802c4d8eb6e4dcb09c866e7d31677352f7beb6c4f9fcbbcc75e9b'],,,,,
424,LIEFERKETTEN FÜR VORPRODUKTE,CONSTRAINT,Supply chains for intermediate products; securing these supply chains is described as necessary for successful Austrian PV industry international positioning.,1,1,['9ce049a98570c6bf53cf9e547168db075af2795fa519422bd27a2c9aa5b490c4b26aef25883802c4d8eb6e4dcb09c866e7d31677352f7beb6c4f9fcbbcc75e9b'],,,,,
425,ABHÄNGIGKEIT VON DRITTSTAATEN IM BEREICH DES AUSBAUS DER ERNEUERBAREN ENERGIEN,CONSTRAINT,"Dependence on third countries in the field of renewable energy expansion, referenced as a risk to be reduced through greater use of European-produced PV components and support measures.",1,1,['9ce049a98570c6bf53cf9e547168db075af2795fa519422bd27a2c9aa5b490c4b26aef25883802c4d8eb6e4dcb09c866e7d31677352f7beb6c4f9fcbbcc75e9b'],,,,,
426,QUALIFIZIERTE FACHKRÄFTE,STAKEHOLDER,"Qualified skilled workers needed for the expansion and operation of the photovoltaic sector in Austria, whose securing is an explicit policy and training goal.",1,8,['9ce049a98570c6bf53cf9e547168db075af2795fa519422bd27a2c9aa5b490c4b26aef25883802c4d8eb6e4dcb09c866e7d31677352f7beb6c4f9fcbbcc75e9b'],,,,,
427,KLIMANEUTRALITÄT 2040 (ÖSTERREICH),TARGET,Target: climate neutrality; Target value: 0; Unit: net greenhouse gas emissions; Deadline: 2040; Geographic scope: Austria; Status: planned/official; Source meaning: Achieving climate neutrality by 2040 is explicitly named as a goal of PV research under the national FTI focus “Energiewende.”,1,4,['9ce049a98570c6bf53cf9e547168db075af2795fa519422bd27a2c9aa5b490c4b26aef25883802c4d8eb6e4dcb09c866e7d31677352f7beb6c4f9fcbbcc75e9b'],,,,,
428,EU-FÖRDERUNGEN FÜR FORSCHUNG UND PV-INDUSTRIEAUFBAU,SUPPORT_SCHEME,"EU-level funding schemes for research and for building up the PV industry, referenced as financial instruments to be increasingly utilized.",1,1,['9ce049a98570c6bf53cf9e547168db075af2795fa519422bd27a2c9aa5b490c4b26aef25883802c4d8eb6e4dcb09c866e7d31677352f7beb6c4f9fcbbcc75e9b'],,,,,
429,MARKT-FÖRDERUNGEN,SUPPORT_SCHEME,Market-oriented support schemes (Markt-Förderungen) referenced as needing to be designed to secure high European value added in the PV sector.,1,1,['9ce049a98570c6bf53cf9e547168db075af2795fa519422bd27a2c9aa5b490c4b26aef25883802c4d8eb6e4dcb09c866e7d31677352f7beb6c4f9fcbbcc75e9b'],,,,,
430,HOHE EUROPÄISCHE WERTSCHÖPFUNG,TARGET,Target: high European value added in the PV sector; Target value: high; Unit: value added (qualitative); Deadline: unknown; Geographic scope: Europe; Status: proposed/unknown; Source meaning: The goal is to secure and strengthen high European value creation in the PV industry.,1,3,['9ce049a98570c6bf53cf9e547168db075af2795fa519422bd27a2c9aa5b490c4b26aef25883802c4d8eb6e4dcb09c866e7d31677352f7beb6c4f9fcbbcc75e9b'],,,,,
431,ÖKONOMISCHE RESILIENZ UND WIRTSCHAFTSKRAFT EUROPAS,TARGET,Target: economic resilience and economic strength of Europe; Target value: increased; Unit: qualitative (resilience and strength); Deadline: unknown; Geographic scope: Europe; Status: proposed/unknown; Source meaning: Improving economic resilience and strength in Europe is cited as a purpose for supporting European PV production and value chains.,1,2,['9ce049a98570c6bf53cf9e547168db075af2795fa519422bd27a2c9aa5b490c4b26aef25883802c4d8eb6e4dcb09c866e7d31677352f7beb6c4f9fcbbcc75e9b'],,,,,
432,EFFIZIENTERE UND NACHHALTIGERE TECHNOLOGIEN,TARGET,Target: more efficient and sustainable technologies; Target value: increased efficiency and sustainability; Unit: qualitative; Deadline: unknown; Geographic scope: Austria (and Europe); Status: proposed/unknown; Source meaning: Innovation is intended to enable the offering of more efficient and sustainable (PV) technologies.,1,1,['9ce049a98570c6bf53cf9e547168db075af2795fa519422bd27a2c9aa5b490c4b26aef25883802c4d8eb6e4dcb09c866e7d31677352f7beb6c4f9fcbbcc75e9b'],,,,,
433,INNOVATIVE PV-LÖSUNGEN,TECHNOLOGY,Innovative PV solutions developed through research and innovation programmes to advance electrification and heat supply and the attainment of climate and energy goals.,1,0,['9ce049a98570c6bf53cf9e547168db075af2795fa519422bd27a2c9aa5b490c4b26aef25883802c4d8eb6e4dcb09c866e7d31677352f7beb6c4f9fcbbcc75e9b'],,,,,
434,ÖFFENTLICHE BEDARFSTRÄGER,STAKEHOLDER,Public procurers or public-sector demand actors referenced in the context of implementing research results in practical environments.,1,1,['9ce049a98570c6bf53cf9e547168db075af2795fa519422bd27a2c9aa5b490c4b26aef25883802c4d8eb6e4dcb09c866e7d31677352f7beb6c4f9fcbbcc75e9b'],,,,,
435,PRAXISNAHE LERNUMGEBUNGEN,INFRASTRUCTURE,Practice-oriented learning environments created for the implementation and dissemination of research results in PV innovation and workforce training.,1,1,['9ce049a98570c6bf53cf9e547168db075af2795fa519422bd27a2c9aa5b490c4b26aef25883802c4d8eb6e4dcb09c866e7d31677352f7beb6c4f9fcbbcc75e9b'],,,,,
436,SCHULEN,INFRASTRUCTURE,"Schools considered as physical infrastructure for improving PV-relevant educational outcomes via better equipment, training, and materials.",1,1,['9ce049a98570c6bf53cf9e547168db075af2795fa519422bd27a2c9aa5b490c4b26aef25883802c4d8eb6e4dcb09c866e7d31677352f7beb6c4f9fcbbcc75e9b'],,,,,
437,AUSBILDNER:INNEN,STAKEHOLDER,Trainers and educators involved in vocational schools and other PV-relevant training initiatives.,1,1,['9ce049a98570c6bf53cf9e547168db075af2795fa519422bd27a2c9aa5b490c4b26aef25883802c4d8eb6e4dcb09c866e7d31677352f7beb6c4f9fcbbcc75e9b'],,,,,
438,AUSBILDUNGSSTANDORTE,INFRASTRUCTURE,Training locations intended to improve provision of qualified photovoltaic-relevant training.,1,1,['9ce049a98570c6bf53cf9e547168db075af2795fa519422bd27a2c9aa5b490c4b26aef25883802c4d8eb6e4dcb09c866e7d31677352f7beb6c4f9fcbbcc75e9b'],,,,,
439,PV-LEHRE,SUPPORT_SCHEME,PV apprenticeship or vocational training schemes referenced as under evaluation and potentially to be established to build a qualified workforce.,1,1,['9ce049a98570c6bf53cf9e547168db075af2795fa519422bd27a2c9aa5b490c4b26aef25883802c4d8eb6e4dcb09c866e7d31677352f7beb6c4f9fcbbcc75e9b'],,,,,
440,FACHKRÄFTESICHERUNG,TARGET,Target: securing qualified workers in the PV sector; Target value: secured; Unit: workforce qualification (qualitative); Deadline: unknown; Geographic scope: Austria; Status: proposed/unknown; Source meaning: The policy aim is to safeguard the supply of qualified skilled workers for the PV sector.,1,1,['9ce049a98570c6bf53cf9e547168db075af2795fa519422bd27a2c9aa5b490c4b26aef25883802c4d8eb6e4dcb09c866e7d31677352f7beb6c4f9fcbbcc75e9b'],,,,,
441,BRANCHENÜBERGREIFENDES ARBEITEN,TARGET,Target: cross-sector working; Target value: increased; Unit: collaboration (qualitative); Deadline: unknown; Geographic scope: Austria; Status: proposed/unknown; Source meaning: The goal is to promote collaboration across sectors in PV-related work environments.,1,0,['9ce049a98570c6bf53cf9e547168db075af2795fa519422bd27a2c9aa5b490c4b26aef25883802c4d8eb6e4dcb09c866e7d31677352f7beb6c4f9fcbbcc75e9b'],,,,,
442,ATTRAKTIVIERUNG DER PV-BRANCHE ALS ARBEITGEBER,TARGET,"Target: making the PV sector more attractive as an employer; Target value: increased attractiveness; Unit: qualitative; Deadline: unknown; Geographic scope: Austria; Status: proposed/unknown; Source meaning: The intended aim is to increase the appeal of the PV sector for employment, especially through better training and innovation.",1,1,['9ce049a98570c6bf53cf9e547168db075af2795fa519422bd27a2c9aa5b490c4b26aef25883802c4d8eb6e4dcb09c866e7d31677352f7beb6c4f9fcbbcc75e9b'],,,,,
443,KNOW-HOW- UND INNOVATIONSSTANDORT ÖSTERREICH,TARGET,Target: strengthening Austria as a site of know-how and innovation; Target value: strengthened; Unit: qualitative; Deadline: unknown; Geographic scope: Austria; Status: proposed/unknown; Source meaning: Policy aims to strengthen Austria’s international positioning and capabilities in PV technology innovation.,1,1,['9ce049a98570c6bf53cf9e547168db075af2795fa519422bd27a2c9aa5b490c4b26aef25883802c4d8eb6e4dcb09c866e7d31677352f7beb6c4f9fcbbcc75e9b'],,,,,
444,EXPORTCHANCEN FÜR PV-TECHNOLOGIEN UND KOMPONENTEN,TARGET,Target: improving export opportunities for PV technologies and components; Target value: improved; Unit: opportunity (qualitative); Deadline: unknown; Geographic scope: Austria; Status: proposed/unknown; Source meaning: Strengthening innovation and competencies aims to raise the export potential for Austrian PV innovation.,1,1,['9ce049a98570c6bf53cf9e547168db075af2795fa519422bd27a2c9aa5b490c4b26aef25883802c4d8eb6e4dcb09c866e7d31677352f7beb6c4f9fcbbcc75e9b'],,,,,
445,TECHNOLOGIEFÜHRERSCHAFTEN DER ÖSTERREICHISCHEN PV-INDUSTRIE,TARGET,"Target: global technology leadership for the Austrian PV industry; Target value: achieved; Unit: leadership (qualitative); Deadline: unknown; Geographic scope: Austria/Global; Status: aspirational; Source meaning: A potential outcome of supporting innovation, value added, and regulatory measures is global leadership by Austria’s PV industry.",1,1,['9ce049a98570c6bf53cf9e547168db075af2795fa519422bd27a2c9aa5b490c4b26aef25883802c4d8eb6e4dcb09c866e7d31677352f7beb6c4f9fcbbcc75e9b'],,,,,
446,VIELE ATTRAKTIVE DIREKTE UND INDIREKTE ARBEITSPLÄTZE IN DER ÖSTERREICHISCHEN PV-INDUSTRIE,TARGET,Target: many attractive direct and indirect jobs in the Austrian PV industry; Target value: increased employment; Unit: jobs (qualitative); Deadline: unknown; Geographic scope: Austria; Status: proposed/unknown; Source meaning: National support measures and high local value added are associated with job creation in the Austrian PV industry.,1,1,['9ce049a98570c6bf53cf9e547168db075af2795fa519422bd27a2c9aa5b490c4b26aef25883802c4d8eb6e4dcb09c866e7d31677352f7beb6c4f9fcbbcc75e9b'],,,,,
447,ENERGIEWENDE (FTI-SCHWERPUNKT),POLICY,"Policy type: research and innovation programme; Jurisdiction: Austria; Status: ongoing; Source meaning: the FTI-Schwerpunkt Energiewende (""energy transition"" RDI focus area) develops and demonstrates solutions to achieve Austria's target of climate neutrality by 2040 through research and development of climate-friendly energy technologies and components.</|>",1,2,['dafd7f2f39e49c87969ec1360e9fae0af9de6f290655205c8c120dd24dcc85da04f0536237f7f9529d31deed892d5abae3b8f58fb66ae9e497327f23b1e6b750'],,,,,
448,KLIMANEUTRALITÄT 2040,TARGET,Target: climate neutrality; Target value: not numerically specified; Unit: N/A; Deadline: 2040; Geographic scope: Austria; Status: official; Source meaning: the achievement of climate neutrality in Austria by 2040 is the principal articulated target of the Energiewende RDI focus area.</|>,1,1,['dafd7f2f39e49c87969ec1360e9fae0af9de6f290655205c8c120dd24dcc85da04f0536237f7f9529d31deed892d5abae3b8f58fb66ae9e497327f23b1e6b750'],,,,,
449,KLIMAFREUNDLICHE ENERGIETECHNOLOGIEN UND -KOMPONENTEN „MADE IN AUSTRIA“,TECHNOLOGY,"Climate-friendly energy technologies and components developed and produced in Austria, intended to support decarbonisation, innovation, and export opportunities as part of the Energiewende programme.</|>",1,2,['dafd7f2f39e49c87969ec1360e9fae0af9de6f290655205c8c120dd24dcc85da04f0536237f7f9529d31deed892d5abae3b8f58fb66ae9e497327f23b1e6b750'],,,,,
450,NATIONALE UND TRANSNATIONALE FTI-AKTIVITÄTEN,SUPPORT_SCHEME,"Financial and project-based support for Austrian companies to participate in national and transnational research, technology, and innovation (FTI) activities, with the aim to promote their involvement in future solar value chains.</|>",1,3,['dafd7f2f39e49c87969ec1360e9fae0af9de6f290655205c8c120dd24dcc85da04f0536237f7f9529d31deed892d5abae3b8f58fb66ae9e497327f23b1e6b750'],,,,,
451,"RESSOURCENEFFIZIENZ, HALTBARKEIT, REPARATURMÖGLICHKEIT, NACHNUTZUNG UND WIEDERVERWERTUNG VON PV-KOMPONENTEN",CONSTRAINT,"The need for resource efficiency, durability, repairability, reuse, and recycling of PV components is a core research and development area, and represents supporting and constraining factors for participation in future solar value chains.</|>",1,1,['dafd7f2f39e49c87969ec1360e9fae0af9de6f290655205c8c120dd24dcc85da04f0536237f7f9529d31deed892d5abae3b8f58fb66ae9e497327f23b1e6b750'],,,,,
452,BILDUNG UND AUSBILDUNG,INFRASTRUCTURE,Education and training are structural channels for disseminating research and development results to all relevant demand groups in the context of Austrian PV system and technology advancement.</|>,1,1,['dafd7f2f39e49c87969ec1360e9fae0af9de6f290655205c8c120dd24dcc85da04f0536237f7f9529d31deed892d5abae3b8f58fb66ae9e497327f23b1e6b750'],,,,,
453,INTERNATIONALE ENERGIEAGENTUR (IEA),ORGANIZATION,"International Energy Agency, cited as the organizer of international technology programmes in which Austrian experts and companies participate.</|>",1,1,['dafd7f2f39e49c87969ec1360e9fae0af9de6f290655205c8c120dd24dcc85da04f0536237f7f9529d31deed892d5abae3b8f58fb66ae9e497327f23b1e6b750'],,,,,
454,IEA PHOTOVOLTAIC POWER SYSTEMS PROGRAMME (IEA PVPS),POLICY,Policy type: international technology programme; Jurisdiction: international; Status: ongoing; Source meaning: IEA PVPS is an International Energy Agency (IEA) programme in which Austrian experts and companies participate to promote international cooperation in photovoltaic research and deployment.</|>,1,2,['dafd7f2f39e49c87969ec1360e9fae0af9de6f290655205c8c120dd24dcc85da04f0536237f7f9529d31deed892d5abae3b8f58fb66ae9e497327f23b1e6b750'],,,,,
455,STRATEGIEPLAN FÜR ENERGIETECHNOLOGIE (SET),POLICY,Policy type: strategic plan; Jurisdiction: European Union; Status: ongoing; Source meaning: The SET Plan is cited as one of the essential activities for Austrian research actors to build expertise and cooperation.</|>,1,0,['dafd7f2f39e49c87969ec1360e9fae0af9de6f290655205c8c120dd24dcc85da04f0536237f7f9529d31deed892d5abae3b8f58fb66ae9e497327f23b1e6b750'],,,,,
456,EU-RAHMENPROGRAMM,POLICY,"Policy type: European research and innovation framework programme; Jurisdiction: European Union; Status: ongoing; Source meaning: The EU framework programme is described as essential for Austrian research actors to acquire expertise, resources, and networks.</|>",1,0,['dafd7f2f39e49c87969ec1360e9fae0af9de6f290655205c8c120dd24dcc85da04f0536237f7f9529d31deed892d5abae3b8f58fb66ae9e497327f23b1e6b750'],,,,,
457,CLEAN ENERGY TRANSITION (CET) PARTNERSHIP,POLICY,"Policy type: multilateral partnership for energy research, development, and innovation; Jurisdiction: European Union and international; Status: ongoing; Source meaning: CET Partnership is an EU partnership aiming to accelerate the energy transition and foster transnational exchange through research, development, and innovation programmes.</|>",1,2,['dafd7f2f39e49c87969ec1360e9fae0af9de6f290655205c8c120dd24dcc85da04f0536237f7f9529d31deed892d5abae3b8f58fb66ae9e497327f23b1e6b750'],,,,,
458,"FORSCHUNGS-, ENTWICKLUNGS- UND INNOVATIONSPROGRAMME (FEI)",POLICY,"Policy type: research, development, and innovation programmes; Jurisdiction: European Union and international; Status: ongoing; Source meaning: FEI programmes, including those sponsored by CET Partnership, aim to accelerate energy transition and enhance transnational cooperation in energy research.</|>",1,1,['dafd7f2f39e49c87969ec1360e9fae0af9de6f290655205c8c120dd24dcc85da04f0536237f7f9529d31deed892d5abae3b8f58fb66ae9e497327f23b1e6b750'],,,,,
459,FTI-PAKT DER BUNDESREGIERUNG,POLICY,"Policy type: national research pact; Jurisdiction: Austria; Status: ongoing; Source meaning: The national FTI-Pakt establishes strategic focus areas and measures relevant to energy, climate, circular economy, and mobility, including PV-related issues.</|>",1,3,['dafd7f2f39e49c87969ec1360e9fae0af9de6f290655205c8c120dd24dcc85da04f0536237f7f9529d31deed892d5abae3b8f58fb66ae9e497327f23b1e6b750'],,,,,
460,FTI-SCHWERPUNKT KLIMANEUTRALE STADT,POLICY,"Policy type: national research and innovation focus; Jurisdiction: Austria; Status: ongoing; Source meaning: A research, development, and innovation focus of the Austrian government addressing climate neutrality in cities and incorporating PV-related cross-cutting issues.</|>",1,2,['dafd7f2f39e49c87969ec1360e9fae0af9de6f290655205c8c120dd24dcc85da04f0536237f7f9529d31deed892d5abae3b8f58fb66ae9e497327f23b1e6b750'],,,,,
461,FTI-SCHWERPUNKT KREISLAUFWIRTSCHAFT & PRODUKTION,POLICY,"Policy type: national research and innovation focus; Jurisdiction: Austria; Status: ongoing; Source meaning: A research and development focus area on the circular economy and production, including issues relevant to PV technologies.</|>",1,2,['dafd7f2f39e49c87969ec1360e9fae0af9de6f290655205c8c120dd24dcc85da04f0536237f7f9529d31deed892d5abae3b8f58fb66ae9e497327f23b1e6b750'],,,,,
462,FTI-SCHWERPUNKT MOBILITÄTSWENDE,POLICY,"Policy type: national research and innovation focus; Jurisdiction: Austria; Status: ongoing; Source meaning: A research, development, and innovation focus area of the Austrian government on sustainable mobility, which includes PV-related questions and cross-cutting themes.</|>",1,2,['dafd7f2f39e49c87969ec1360e9fae0af9de6f290655205c8c120dd24dcc85da04f0536237f7f9529d31deed892d5abae3b8f58fb66ae9e497327f23b1e6b750'],,,,,
463,FÖRDERKATEGORIEN IM ERNEUERBAREN-AUSBAU-GESETZ,SUPPORT_SCHEME,"Four funding categories established by the Renewable Expansion Act to promote installations in different size segments, particularly targeting small and medium-sized PV systems.</|>",1,2,['dafd7f2f39e49c87969ec1360e9fae0af9de6f290655205c8c120dd24dcc85da04f0536237f7f9529d31deed892d5abae3b8f58fb66ae9e497327f23b1e6b750'],,,,,
464,ÖSTERREICHISCHE KOORDINATIONSSTELLE FÜR ENERGIEGEMEINSCHAFTEN,ORGANIZATION,"The Austrian Coordination Office for Energy Communities, established to support the introduction of energy community models and provide information to citizens.</|>",1,1,['dafd7f2f39e49c87969ec1360e9fae0af9de6f290655205c8c120dd24dcc85da04f0536237f7f9529d31deed892d5abae3b8f58fb66ae9e497327f23b1e6b750'],,,,,
465,ENERGIEBERATUNGSSTELLEN DER BUNDESLÄNDER,ORGANIZATION,"The energy advisory services of the Austrian federal states, cooperating with the Coordination Office for Energy Communities to support the establishment of energy communities and provide information.</|>",1,1,['dafd7f2f39e49c87969ec1360e9fae0af9de6f290655205c8c120dd24dcc85da04f0536237f7f9529d31deed892d5abae3b8f58fb66ae9e497327f23b1e6b750'],,,,,
466,LOKALES LASTMANAGEMENT,TECHNOLOGY,Local load management measures and technologies incentivized to promote the direct use of PV-generated electricity at the point of production.</|>,1,1,['dafd7f2f39e49c87969ec1360e9fae0af9de6f290655205c8c120dd24dcc85da04f0536237f7f9529d31deed892d5abae3b8f58fb66ae9e497327f23b1e6b750'],,,,,
467,ÖFFENTLICHES NETZ,INFRASTRUCTURE,"The public electricity grid, referenced in connection with restrictions on transmitting all surplus PV generation to the grid at any given time.</|>",1,1,['dafd7f2f39e49c87969ec1360e9fae0af9de6f290655205c8c120dd24dcc85da04f0536237f7f9529d31deed892d5abae3b8f58fb66ae9e497327f23b1e6b750'],,,,,
468,DEZENTRALE NUTZUNG ERNEUERBARER ENERGIE,TECHNOLOGY,"Decentralized use of renewable energy, a goal of support measures and incentives for PV systems, emphasizing local generation and consumption.</|>",1,4,['dafd7f2f39e49c87969ec1360e9fae0af9de6f290655205c8c120dd24dcc85da04f0536237f7f9529d31deed892d5abae3b8f58fb66ae9e497327f23b1e6b750'],,,,,
469,ZELLULÄRE STROMSTRUKTUREN,INFRASTRUCTURE,"ZELLULÄRE STROMSTRUKTUREN refers to decentralized, community-oriented organizational forms of electricity generation and consumption that are supported by energy communities and the integration of photovoltaics (PV), and are referenced as a foundational element for collective PV expansion and new market models such as energy communities.",2,2,"['dafd7f2f39e49c87969ec1360e9fae0af9de6f290655205c8c120dd24dcc85da04f0536237f7f9529d31deed892d5abae3b8f58fb66ae9e497327f23b1e6b750'
 '05802f69e17001a506260c74ca400f6a1368fbf0132720e670d13ffd39c31d615ca94e0ffc071332bd317faa48542bde7970720b9f035d496136fc5d6bbb8ca5']",,,,,
470,MARKTCHANCEN FÜR KLEINE UND MITTLERE PV-ANLAGEN,MARKET_METRIC,"Metric: market opportunities for small and medium-sized PV installations; Value: not numerically specified; Unit: N/A; Reference year: current; Geographic scope: Austria; Approximate: no; Source meaning: new funding categories established under the EAG have created explicit market opportunities, especially for small and medium-sized PV installations.</|>",1,2,['dafd7f2f39e49c87969ec1360e9fae0af9de6f290655205c8c120dd24dcc85da04f0536237f7f9529d31deed892d5abae3b8f58fb66ae9e497327f23b1e6b750'],,,,,
471,NIEDRIGE ODER NEGATIVE STROMPREISE BEI STARKER PV-ERZEUGUNG,CONSTRAINT,"NIEDRIGE ODER NEGATIVE STROMPREISE BEI STARKER PV-ERZEUGUNG refers to the occurrence in Austria and Europe where periods of high photovoltaic (PV) generation often result in low or even negative electricity prices due to generally low demand for grid electricity, which presents challenges for market and grid management.",2,2,"['dafd7f2f39e49c87969ec1360e9fae0af9de6f290655205c8c120dd24dcc85da04f0536237f7f9529d31deed892d5abae3b8f58fb66ae9e497327f23b1e6b750'
 '05802f69e17001a506260c74ca400f6a1368fbf0132720e670d13ffd39c31d615ca94e0ffc071332bd317faa48542bde7970720b9f035d496136fc5d6bbb8ca5']",,,,,
472,BEDARF AN STROM AUS DEM NETZ GENERELL GERING BEI STARKER PV-ERZEUGUNG,CONSTRAINT,"During times of high PV output in Austria and Europe, demand for electricity from the public grid is generally low, restricting the ability to feed all PV surplus into the grid.</|>",1,2,['dafd7f2f39e49c87969ec1360e9fae0af9de6f290655205c8c120dd24dcc85da04f0536237f7f9529d31deed892d5abae3b8f58fb66ae9e497327f23b1e6b750'],,,,,
473,TECHNOLOGIE- UND LÖSUNGSANBIETER,STAKEHOLDER,Technology and solution providers are mentioned as key participants and beneficiaries in national and transnational energy research and development initiatives relevant to solar market and policy.</|>,1,1,['dafd7f2f39e49c87969ec1360e9fae0af9de6f290655205c8c120dd24dcc85da04f0536237f7f9529d31deed892d5abae3b8f58fb66ae9e497327f23b1e6b750'],,,,,
474,HEIMISCHE EXPERT:INNEN UND UNTERNEHMEN,STAKEHOLDER,Domestic experts and companies are referenced as Austrian actors involved in international technology programmes and networks focused on photovoltaics and the energy transition.</|>,1,1,['dafd7f2f39e49c87969ec1360e9fae0af9de6f290655205c8c120dd24dcc85da04f0536237f7f9529d31deed892d5abae3b8f58fb66ae9e497327f23b1e6b750'],,,,,
475,EU-PARTNERSCHAFTEN,ORGANIZATION,"EU partnerships are described as multilateral collaborations driving programmes for research, development, and innovation in clean energy and photovoltaic market policy.</|>",1,1,['dafd7f2f39e49c87969ec1360e9fae0af9de6f290655205c8c120dd24dcc85da04f0536237f7f9529d31deed892d5abae3b8f58fb66ae9e497327f23b1e6b750'],,,,,
476,BEDARFSTRÄGER,STAKEHOLDER,Demand groups or stakeholders identified as recipients of research and development results in the Austrian PV value chain and education infrastructure.</|>,1,1,['dafd7f2f39e49c87969ec1360e9fae0af9de6f290655205c8c120dd24dcc85da04f0536237f7f9529d31deed892d5abae3b8f58fb66ae9e497327f23b1e6b750'],,,,,
477,BETRIEB,STAKEHOLDER,"Businesses, explicitly referenced as stakeholders that can use decentralized PV generation onsite and as part of the target group for distributed energy and market participation.</|>",1,1,['dafd7f2f39e49c87969ec1360e9fae0af9de6f290655205c8c120dd24dcc85da04f0536237f7f9529d31deed892d5abae3b8f58fb66ae9e497327f23b1e6b750'],,,,,
478,ENERGIEGEMEINSCHAFTEN (EGS),STAKEHOLDER,"Energy Communities (EGs) are collective models in Austria enabling joint photovoltaic expansion, shared production and use of renewable energy, and participation in energy markets.",1,6,['05802f69e17001a506260c74ca400f6a1368fbf0132720e670d13ffd39c31d615ca94e0ffc071332bd317faa48542bde7970720b9f035d496136fc5d6bbb8ca5'],,,,,
479,GEMEINSCHAFTLICHE ERZEUGUNGSANLAGEN (GEA),TECHNOLOGY,"Gemeinschaftliche Erzeugungsanlagen (communal generation installations) are installations that allow multiple parties to produce and collectively use renewable energy, such as PV, in Austria.",1,2,['05802f69e17001a506260c74ca400f6a1368fbf0132720e670d13ffd39c31d615ca94e0ffc071332bd317faa48542bde7970720b9f035d496136fc5d6bbb8ca5'],,,,,
480,SPEICHERUNG,TECHNOLOGY,"Storage technologies are solutions for storing electricity, enabling flexibility and support for energy communities and PV integration in Austria.",1,1,['05802f69e17001a506260c74ca400f6a1368fbf0132720e670d13ffd39c31d615ca94e0ffc071332bd317faa48542bde7970720b9f035d496136fc5d6bbb8ca5'],,,,,
481,FLEXIBILITÄTSMASSNAHMEN,TECHNOLOGY,"Measures to increase electricity system flexibility, including storage and demand-side management, are used to support the integration of PV in Austria.",1,1,['05802f69e17001a506260c74ca400f6a1368fbf0132720e670d13ffd39c31d615ca94e0ffc071332bd317faa48542bde7970720b9f035d496136fc5d6bbb8ca5'],,,,,
482,ECHTZEITFÄHIGES BETRIEBSMONITORING UND STEUERUNG,TECHNOLOGY,Real-time operations monitoring and control technologies enable active management of consumption and generation for energy communities and PV operators.,1,1,['05802f69e17001a506260c74ca400f6a1368fbf0132720e670d13ffd39c31d615ca94e0ffc071332bd317faa48542bde7970720b9f035d496136fc5d6bbb8ca5'],,,,,
483,DIGITALISIERUNG DER MARKTKOMMUNIKATION,INFRASTRUCTURE,Digitalization of market communication refers to technological measures enabling direct or aggregated participation of PV operators in power and flexibility markets via advanced digital infrastructure.,1,3,['05802f69e17001a506260c74ca400f6a1368fbf0132720e670d13ffd39c31d615ca94e0ffc071332bd317faa48542bde7970720b9f035d496136fc5d6bbb8ca5'],,,,,
484,ENERGIEMANAGEMENTLÖSUNGEN FÜR HAUSHALT UND UNTERNEHMEN,TECHNOLOGY,"Smart, user-friendly energy-management solutions for households and companies are technical systems aimed at optimizing energy usage and enabling participation in Austria’s energy transition.",1,4,['05802f69e17001a506260c74ca400f6a1368fbf0132720e670d13ffd39c31d615ca94e0ffc071332bd317faa48542bde7970720b9f035d496136fc5d6bbb8ca5'],,,,,
485,AKTIVE KUND:INNEN,STAKEHOLDER,Active customers are individuals or groups with own storage or generation installations who are legally allowed to share surplus energy or jointly use energy produced in communal installations.,1,4,['05802f69e17001a506260c74ca400f6a1368fbf0132720e670d13ffd39c31d615ca94e0ffc071332bd317faa48542bde7970720b9f035d496136fc5d6bbb8ca5'],,,,,
486,STROMVERTRÄGE MIT VARIABLEN GESTALTUNGSMÖGLICHKEITEN,SUPPORT_SCHEME,"Mechanisms allowing customers to shape their electricity contracts more variably, facilitated by digitalization and regulatory developments.",1,1,['05802f69e17001a506260c74ca400f6a1368fbf0132720e670d13ffd39c31d615ca94e0ffc071332bd317faa48542bde7970720b9f035d496136fc5d6bbb8ca5'],,,,,
487,KOSTENDEGRESSION DER PHOTOVOLTAISCHEN KOMPONENTEN,MARKET_METRIC,"Metric: cost reduction of PV components; Value: not specified; Unit: not specified; Reference year: not specified; Geographic scope: Austria; Approximate: yes; Source meaning: There has been a significant reduction in the cost of photovoltaic components, contributing to PV adoption.",1,1,['05802f69e17001a506260c74ca400f6a1368fbf0132720e670d13ffd39c31d615ca94e0ffc071332bd317faa48542bde7970720b9f035d496136fc5d6bbb8ca5'],,,,,
488,FÖRDERSYSTEM FÜR PHOTOVOLTAIK,SUPPORT_SCHEME,"The system of subsidies and incentives in Austria supporting PV expansion and its ongoing improvement, leading to increased adoption.",1,2,['05802f69e17001a506260c74ca400f6a1368fbf0132720e670d13ffd39c31d615ca94e0ffc071332bd317faa48542bde7970720b9f035d496136fc5d6bbb8ca5'],,,,,
489,BÜROKRATISCHE HÜRDEN,CONSTRAINT,"Bureaucratic obstacles refer to regulatory and administrative barriers that have hampered PV deployment in Austria, though these are being progressively reduced.",1,2,['05802f69e17001a506260c74ca400f6a1368fbf0132720e670d13ffd39c31d615ca94e0ffc071332bd317faa48542bde7970720b9f035d496136fc5d6bbb8ca5'],,,,,
490,KLIMANEUTRALITÄT,TARGET,"Target: climate neutrality; Target value: not specified; Unit: not specified; Deadline: not specified; Geographic scope: Austria; Status: aspirational; Source meaning: Achieving climate neutrality in Austria, with PV as a key enabling technology in this transition.",1,1,['05802f69e17001a506260c74ca400f6a1368fbf0132720e670d13ffd39c31d615ca94e0ffc071332bd317faa48542bde7970720b9f035d496136fc5d6bbb8ca5'],,,,,
491,PHOTOVOLTAIKANTEIL AN DER STROMVERSORGUNG — CA. 10 % (AKTUELL),MARKET_METRIC,"Metric: PV share of electricity supply; Value: approximately 10; Unit: percent; Reference year: “currently” (implied present); Geographic scope: Austria; Approximate: yes; Source meaning: Currently, photovoltaics covers approximately 10% of Austria's electricity supply.",1,2,['05802f69e17001a506260c74ca400f6a1368fbf0132720e670d13ffd39c31d615ca94e0ffc071332bd317faa48542bde7970720b9f035d496136fc5d6bbb8ca5'],,,,,
492,PV-ANLAGENBETREIBER:INNEN,STAKEHOLDER,"PV system operators are actors who own and operate photovoltaic installations, enabled through digitalization to participate in electricity and flexibility markets directly or in aggregated form.",1,2,['05802f69e17001a506260c74ca400f6a1368fbf0132720e670d13ffd39c31d615ca94e0ffc071332bd317faa48542bde7970720b9f035d496136fc5d6bbb8ca5'],,,,,
493,FLEXIBILITÄTEN INKLUSIVE SPEICHER,TECHNOLOGY,"Flexibilities, including storage, refer to the set of technologies enabling dynamic adjustment of electricity consumption, generation, and storage to support PV integration and the Austrian energy transition.",1,2,['05802f69e17001a506260c74ca400f6a1368fbf0132720e670d13ffd39c31d615ca94e0ffc071332bd317faa48542bde7970720b9f035d496136fc5d6bbb8ca5'],,,,,
494,BÜRGER:INNEN ALS AKTIVE KUND:INNEN,STAKEHOLDER,"Citizens acting as active customers, collaborating on the basis of private agreements to jointly participate in the energy transition without forming legal entities.",1,1,['05802f69e17001a506260c74ca400f6a1368fbf0132720e670d13ffd39c31d615ca94e0ffc071332bd317faa48542bde7970720b9f035d496136fc5d6bbb8ca5'],,,,,
495,VARIABELE STROMLIEFERVERTRÄGE,SUPPORT_SCHEME,"Variable electricity supply contracts are support mechanisms that offer customers the opportunity to shape their electricity contracts in a more flexible way, as enabled by digitalization.",1,0,['05802f69e17001a506260c74ca400f6a1368fbf0132720e670d13ffd39c31d615ca94e0ffc071332bd317faa48542bde7970720b9f035d496136fc5d6bbb8ca5'],,,,,
496,ZU GEFORDERTE ÜBERSCHUSSLEISTUNG,CONSTRAINT,"Constraint: The requirement that surplus power must be capable of being transferred to the public grid at all times, creating a technical and possibly economic limitation.",1,0,['05802f69e17001a506260c74ca400f6a1368fbf0132720e670d13ffd39c31d615ca94e0ffc071332bd317faa48542bde7970720b9f035d496136fc5d6bbb8ca5'],,,,,
497,ABBAU BÜROKRATISCHER HÜRDEN,SUPPORT_SCHEME,Support mechanism: The progressive reduction of bureaucratic hurdles facilitates PV adoption and active participation in Austria's energy transition.,1,1,['05802f69e17001a506260c74ca400f6a1368fbf0132720e670d13ffd39c31d615ca94e0ffc071332bd317faa48542bde7970720b9f035d496136fc5d6bbb8ca5'],,,,,
498,OPTIMAL GEPLANTER PV-AUSBAU,TARGET,"Target: optimally planned PV expansion; Target value: not specified; Unit: not specified; Deadline: not specified; Geographic scope: Austria; Status: recommendation; Source meaning: The ongoing PV development in Austria should be optimally planned and actively supported across technical, economic, regulatory, and social dimensions.",1,1,['05802f69e17001a506260c74ca400f6a1368fbf0132720e670d13ffd39c31d615ca94e0ffc071332bd317faa48542bde7970720b9f035d496136fc5d6bbb8ca5'],,,,,
499,FLEXIBILITÄTSANGEBOT UND -NACHFRAGE,MARKET_METRIC,"Metric: flexibility supply and demand in the Austrian electricity system; Value: not specified; Unit: not specified; Reference year: not specified; Geographic scope: Austria; Approximate: unknown; Source meaning: The reference to flexibility offerings and requirements in the Austrian electricity system for integrating more renewables, including PV.",1,2,['05802f69e17001a506260c74ca400f6a1368fbf0132720e670d13ffd39c31d615ca94e0ffc071332bd317faa48542bde7970720b9f035d496136fc5d6bbb8ca5'],,,,,
500,ELEKTRIZITÄTSWIRTSCHAFTS- UND -ORGANISATIONSGESETZ (ELWOG),POLICY,"Policy type: law; Jurisdiction: Austria; Status: unknown; Source meaning: ELWOG is an Austrian law governing the electricity sector, mentioned as being replaced by another policy in the text.",1,2,['6927535991c09031efd0df39ec21591dd3bb460da14c01bc36d343f0078b726ed44d06a0c6bb518236ea61ed8c8b15365630cf185b8012e963898f2e117f7d8a'],,,,,
501,RICHTLINIE (EU) 2019/944,POLICY,Policy type: directive; Jurisdiction: European Union; Status: in force; Source meaning: EU Electricity Market Directive 2019/944 establishes common rules for the internal electricity market and is referenced as being implemented in Austrian regulation.,1,4,['6927535991c09031efd0df39ec21591dd3bb460da14c01bc36d343f0078b726ed44d06a0c6bb518236ea61ed8c8b15365630cf185b8012e963898f2e117f7d8a'],,,,,
502,RICHTLINIE (EU) 2018/2001,POLICY,Policy type: directive; Jurisdiction: European Union; Status: in force; Source meaning: EU Renewable Energy Directive 2018/2001 is referenced as being implemented and amended by other policies.,1,4,['6927535991c09031efd0df39ec21591dd3bb460da14c01bc36d343f0078b726ed44d06a0c6bb518236ea61ed8c8b15365630cf185b8012e963898f2e117f7d8a'],,,,,
503,EUROPÄISCHE KOMMISSION,ORGANIZATION,"The European Commission is the executive institution of the European Union, referenced as the originator of several European energy and climate policy packages.",1,5,['6927535991c09031efd0df39ec21591dd3bb460da14c01bc36d343f0078b726ed44d06a0c6bb518236ea61ed8c8b15365630cf185b8012e963898f2e117f7d8a'],,,,,
504,FIT FÜR 55,POLICY,"Policy type: policy package; Jurisdiction: European Union; Status: proposed/planned; Source meaning: ""Fit für 55"" is a set of legislative proposals under the European Green Deal, presented by the European Commission.",1,1,['6927535991c09031efd0df39ec21591dd3bb460da14c01bc36d343f0078b726ed44d06a0c6bb518236ea61ed8c8b15365630cf185b8012e963898f2e117f7d8a'],,,,,
505,EU ÖKODESIGN-RICHTLINIE (DIRECTIVE 2009/125/EC),POLICY,Policy type: directive; Jurisdiction: European Union; Status: in force; Source meaning: The EU Eco-Design Directive 2009/125/EC establishes a framework for setting eco-design requirements for energy-related products.,1,1,['6927535991c09031efd0df39ec21591dd3bb460da14c01bc36d343f0078b726ed44d06a0c6bb518236ea61ed8c8b15365630cf185b8012e963898f2e117f7d8a'],,,,,
506,BUNDESVERBAND PHOTOVOLTAIK AUSTRIA,ORGANIZATION,The Federal Association PV Austria is referenced as a contributor to PV-related studies and guidelines in Austria.,1,1,['6927535991c09031efd0df39ec21591dd3bb460da14c01bc36d343f0078b726ed44d06a0c6bb518236ea61ed8c8b15365630cf185b8012e963898f2e117f7d8a'],,,,,
507,INTEGRIERTER ÖSTERREICHISCHER NETZINFRASTRUKTURPLAN,POLICY,"Policy type: plan; Jurisdiction: Austria; Status: draft/planned; Source meaning: Integrated Austrian Network Infrastructure Plan, prepared by the Austrian Ministry for Climate Protection (BMK), draft version July 2023.",1,2,['6927535991c09031efd0df39ec21591dd3bb460da14c01bc36d343f0078b726ed44d06a0c6bb518236ea61ed8c8b15365630cf185b8012e963898f2e117f7d8a'],,,,,
508,"JUST TRANSITION, AKTIONSPLAN AUS- UND WEITERBILDUNG",POLICY,"Policy type: action plan; Jurisdiction: Austria; Status: unknown; Source meaning: The Just Transition Action Plan for training and further education, referenced as a measure of the BMK.",1,1,['6927535991c09031efd0df39ec21591dd3bb460da14c01bc36d343f0078b726ed44d06a0c6bb518236ea61ed8c8b15365630cf185b8012e963898f2e117f7d8a'],,,,,
509,ÖSTERREICHISCHE GESELLSCHAFT FÜR UMWELT UND TECHNIK (ÖGUT),ORGANIZATION,"The Austrian Society for Environment and Technology (ÖGUT), referenced in relation to social innovation promotion in the energy transition context.",1,2,['6927535991c09031efd0df39ec21591dd3bb460da14c01bc36d343f0078b726ed44d06a0c6bb518236ea61ed8c8b15365630cf185b8012e963898f2e117f7d8a'],,,,,
510,RICHTLINIE (EU) 2023/2413 (RED III),POLICY,"Policy type: directive; Jurisdiction: European Union; Status: in force; Source meaning: EU Directive 2023/2413 (RED III) amends and promotes the use of renewable sources, including photovoltaics, across the EU.",1,1,['6927535991c09031efd0df39ec21591dd3bb460da14c01bc36d343f0078b726ed44d06a0c6bb518236ea61ed8c8b15365630cf185b8012e963898f2e117f7d8a'],,,,,
511,REPOWEREU-PLAN,POLICY,"Policy type: plan; Jurisdiction: European Union; Status: adopted; Source meaning: The REPowerEU Plan is an EU strategy aiming to accelerate the expansion of renewable energies, communicated by the European Commission in May 2022.",1,3,['6927535991c09031efd0df39ec21591dd3bb460da14c01bc36d343f0078b726ed44d06a0c6bb518236ea61ed8c8b15365630cf185b8012e963898f2e117f7d8a'],,,,,
512,UMWELTFÖRDERUNGSGESETZ (UFG),POLICY,"Policy type: law; Jurisdiction: Austria; Status: in force; Source meaning: Federal Environmental Support Act covers promotion of water management, environmental measures, contaminated site remediation, biodiversity, and climate protection measures in Austria.",1,6,['6927535991c09031efd0df39ec21591dd3bb460da14c01bc36d343f0078b726ed44d06a0c6bb518236ea61ed8c8b15365630cf185b8012e963898f2e117f7d8a'],,,,,
513,VERORDNUNG (EU) 2022/2577,POLICY,Policy type: regulation; Jurisdiction: European Union; Status: in force; Source meaning: EU Regulation 2022/2577 establishes a framework to accelerate the deployment of renewable energy use.,1,1,['6927535991c09031efd0df39ec21591dd3bb460da14c01bc36d343f0078b726ed44d06a0c6bb518236ea61ed8c8b15365630cf185b8012e963898f2e117f7d8a'],,,,,
514,GEMEINSCHAFTLICHE ERZEUGUNGSANLAGEN,POLICY,"Policy type: policy concept; Jurisdiction: Austria; Status: unknown; Source meaning: Collective generation plants, cited in the glossary in the context of collective renewable energy supply.",1,1,['6927535991c09031efd0df39ec21591dd3bb460da14c01bc36d343f0078b726ed44d06a0c6bb518236ea61ed8c8b15365630cf185b8012e963898f2e117f7d8a'],,,,,
515,NET ZERO INDUSTRY ACT (NZIA),POLICY,"Policy type: law; Jurisdiction: European Union; Status: unknown; Source meaning: The Net Zero Industry Act, cited in the glossary as NZIA.",1,1,['6927535991c09031efd0df39ec21591dd3bb460da14c01bc36d343f0078b726ed44d06a0c6bb518236ea61ed8c8b15365630cf185b8012e963898f2e117f7d8a'],,,,,
516,ELEKTRIZITÄTSNETZ,INFRASTRUCTURE,Electricity grid is referenced as a focus area for connection of renewable energy plants and PV systems in Austria.,1,1,['6927535991c09031efd0df39ec21591dd3bb460da14c01bc36d343f0078b726ed44d06a0c6bb518236ea61ed8c8b15365630cf185b8012e963898f2e117f7d8a'],,,,,
517,UNI KLAGENFURT,ORGANIZATION,"The University of Klagenfurt, referenced as a research institution involved in the study ""Erneuerbare Energien in Österreich 2023"".",1,0,['6927535991c09031efd0df39ec21591dd3bb460da14c01bc36d343f0078b726ed44d06a0c6bb518236ea61ed8c8b15365630cf185b8012e963898f2e117f7d8a'],,,,,
518,WU WIEN,ORGANIZATION,"Vienna University of Economics and Business (WU Wien) is cited as a research institution co-authoring the study ""Erneuerbare Energien in Österreich 2023"".",1,0,['6927535991c09031efd0df39ec21591dd3bb460da14c01bc36d343f0078b726ed44d06a0c6bb518236ea61ed8c8b15365630cf185b8012e963898f2e117f7d8a'],,,,,
519,ÖSTERREICHISCHE BEVÖLKERUNG,STAKEHOLDER,The Austrian population is referenced as the subject of annual surveys on attitudes towards renewable energy.,1,1,['6927535991c09031efd0df39ec21591dd3bb460da14c01bc36d343f0078b726ed44d06a0c6bb518236ea61ed8c8b15365630cf185b8012e963898f2e117f7d8a'],,,,,
520,P. BIERMAYR,STAKEHOLDER,P. Biermayr is cited as an author contributing to the market development report on innovative energy technologies in Austria 2023.,1,0,['6927535991c09031efd0df39ec21591dd3bb460da14c01bc36d343f0078b726ed44d06a0c6bb518236ea61ed8c8b15365630cf185b8012e963898f2e117f7d8a'],,,,,
521,ROLF PESCHL,STAKEHOLDER,Rolf Peschl is cited as an author of the study on solar parks and biodiversity by Bundesverband Neue Energiewirtschaft (bne) e.V.,1,1,['6927535991c09031efd0df39ec21591dd3bb460da14c01bc36d343f0078b726ed44d06a0c6bb518236ea61ed8c8b15365630cf185b8012e963898f2e117f7d8a'],,,,,
522,BUNDESVERBAND NEUE ENERGIEWIRTSCHAFT (BNE) E.V.,ORGANIZATION,The Federal Association of New Energy Industry (bne) is cited as publisher of a study on solar parks and biodiversity in Germany.,1,1,['6927535991c09031efd0df39ec21591dd3bb460da14c01bc36d343f0078b726ed44d06a0c6bb518236ea61ed8c8b15365630cf185b8012e963898f2e117f7d8a'],,,,,
523,EUROPÄISCHES PARLAMENT,ORGANIZATION,The European Parliament is referenced as an institution that adopts EU directives and regulations cited in the text.,1,2,['6927535991c09031efd0df39ec21591dd3bb460da14c01bc36d343f0078b726ed44d06a0c6bb518236ea61ed8c8b15365630cf185b8012e963898f2e117f7d8a'],,,,,
524,EUROPÄISCHER RAT,ORGANIZATION,The European Council is referenced in the context of enacting and amending EU directives related to renewable energies.,1,2,['6927535991c09031efd0df39ec21591dd3bb460da14c01bc36d343f0078b726ed44d06a0c6bb518236ea61ed8c8b15365630cf185b8012e963898f2e117f7d8a'],,,,,
525,EUROPÄISCHES WIRTSCHAFTS- UND SOZIALKOMITEE,ORGANIZATION,The European Economic and Social Committee is identified as a recipient of the REPowerEU Plan communication.,1,1,['6927535991c09031efd0df39ec21591dd3bb460da14c01bc36d343f0078b726ed44d06a0c6bb518236ea61ed8c8b15365630cf185b8012e963898f2e117f7d8a'],,,,,
526,AUSSCHUSS DER REGIONEN,ORGANIZATION,The Committee of the Regions is listed as a recipient of the REPowerEU Plan communication and participant in EU energy policy dialogue.,1,1,['6927535991c09031efd0df39ec21591dd3bb460da14c01bc36d343f0078b726ed44d06a0c6bb518236ea61ed8c8b15365630cf185b8012e963898f2e117f7d8a'],,,,,
527,WASSERWIRTSCHAFT,CONSTRAINT,"Water management is described in the context of the Umweltförderungsgesetz, potentially indicating areas requiring balancing or protection within environmental policy.",1,1,['6927535991c09031efd0df39ec21591dd3bb460da14c01bc36d343f0078b726ed44d06a0c6bb518236ea61ed8c8b15365630cf185b8012e963898f2e117f7d8a'],,,,,
528,ALTLASTEN­SANIERUNG,CONSTRAINT,"Contaminated site remediation (Altlastensanierung) is referenced in the context of Austrian environmental support law, indicating a technical or regulatory constraint.",1,1,['6927535991c09031efd0df39ec21591dd3bb460da14c01bc36d343f0078b726ed44d06a0c6bb518236ea61ed8c8b15365630cf185b8012e963898f2e117f7d8a'],,,,,
529,FLÄCHEN­­RECYCLING,CONSTRAINT,"Land recycling (Flächenrecycling), referenced as a focus of environmental support, indicating regulatory or planning constraints in the context of spatial development.",1,1,['6927535991c09031efd0df39ec21591dd3bb460da14c01bc36d343f0078b726ed44d06a0c6bb518236ea61ed8c8b15365630cf185b8012e963898f2e117f7d8a'],,,,,
530,BIODIVERSITÄT,CONSTRAINT,"Biodiversity is referenced in connection with environmental support law and the impact of solar parks, indicating environmental constraints relevant to solar deployment.",1,1,['6927535991c09031efd0df39ec21591dd3bb460da14c01bc36d343f0078b726ed44d06a0c6bb518236ea61ed8c8b15365630cf185b8012e963898f2e117f7d8a'],,,,,
531,UMWELTSCHUTZ,CONSTRAINT,"Environmental protection, discussed in Austrian environmental law, frames constraints and required measures affecting solar market and infrastructure.",1,1,['6927535991c09031efd0df39ec21591dd3bb460da14c01bc36d343f0078b726ed44d06a0c6bb518236ea61ed8c8b15365630cf185b8012e963898f2e117f7d8a'],,,,,
532,UMWELTVERTRÄGLICHKEITSPRÜFUNG (UVP),CONSTRAINT,"Environmental Impact Assessment (UVP) is referenced as a regulatory requirement in Austrian solar and infrastructure policy, posing administrative and procedural constraints.",1,1,['6927535991c09031efd0df39ec21591dd3bb460da14c01bc36d343f0078b726ed44d06a0c6bb518236ea61ed8c8b15365630cf185b8012e963898f2e117f7d8a'],,,,,
533,STROMBINNENMARKT,INFRASTRUCTURE,Internal electricity market (Strombinnenmarkt) is referenced as a regulated infrastructure context in the EU Directives.,1,1,['6927535991c09031efd0df39ec21591dd3bb460da14c01bc36d343f0078b726ed44d06a0c6bb518236ea61ed8c8b15365630cf185b8012e963898f2e117f7d8a'],,,,,
534,MARKTENTWICKLUNG 2023 — INNOVATIVE ENERGIETECHNOLOGIEN IN ÖSTERREICH,MARKET_METRIC,Metric: market development of innovative energy technologies; Value: unknown; Unit: none specified; Reference year: 2023; Geographic scope: Austria; Approximate: unknown; Source meaning: Reported in the 2024 publication by P. Biermayr et al. for the BMK.,1,1,['6927535991c09031efd0df39ec21591dd3bb460da14c01bc36d343f0078b726ed44d06a0c6bb518236ea61ed8c8b15365630cf185b8012e963898f2e117f7d8a'],,,,,
535,ERNEUERBARE ENERGIEN IN ÖSTERREICH 2023 — STIMMUNGSBAROMETER,MARKET_METRIC,"Metric: annual sentiment barometer of the Austrian population on renewable energies; Value: unknown; Unit: none specified; Reference year: 2023; Geographic scope: Austria; Approximate: unknown; Source meaning: Survey and study reference from Uni Klagenfurt and WU Wien, led by Hampl Nina et al.",1,1,['6927535991c09031efd0df39ec21591dd3bb460da14c01bc36d343f0078b726ed44d06a0c6bb518236ea61ed8c8b15365630cf185b8012e963898f2e117f7d8a'],,,,,
536,ANLASSUNGSSTUDIE „ANSCHLUSS ERNEUERBARE ENERGIEN“,CONSTRAINT,"Obstacles for the connection and operation of renewable energy generation plants, specifically photovoltaics, are described and analyzed, including improvement proposals.",1,1,['6927535991c09031efd0df39ec21591dd3bb460da14c01bc36d343f0078b726ed44d06a0c6bb518236ea61ed8c8b15365630cf185b8012e963898f2e117f7d8a'],,,,,
537,"BUNDESMINISTERIUM FÜR KLIMASCHUTZ, UMWELT, ENERGIE, MOBILITÄT, INNOVATION UND TECHNOLOGIE",ORGANIZATION,"The Austrian Federal Ministry for Climate Action, Environment, Energy, Mobility, Innovation and Technology; official ministry relevant to the governance and development of Austrian solar-market policy.",1,1,['7ae981575e185e2452d144d541d822b7725e27bc7dda501c9d8495719003ccb89584fe5e1ac83baa67ae4060497ae5e2536fae015a551dc8cdefa9b5aa17289b'],,,,,
538,UMWELTVERTRÄGLICHKEITSPRÜFUNG,CONSTRAINT,Environmental Impact Assessment; mentioned as a process potentially relevant for solar-market policy or project approval.,1,0,['7ae981575e185e2452d144d541d822b7725e27bc7dda501c9d8495719003ccb89584fe5e1ac83baa67ae4060497ae5e2536fae015a551dc8cdefa9b5aa17289b'],,,,,
