id,human_readable_id,source,target,description,weight,combined_degree,text_unit_ids
766acd95-2d5a-4286-bf19-3455bb2616ec,0,"BUNDESMINISTERIUM FÜR KLIMASCHUTZ, UMWELT, ENERGIE, MOBILITÄT, INNOVATION UND TECHNOLOGIE (BMK)",ÖSTERREICHISCHE PHOTOVOLTAIK-STRATEGIE,[RELATION_TYPE=RESPONSIBLE_FOR] [MODALITY=EXPLICIT_FACT] The BMK is listed as the publisher and issuer of the Austrian Photovoltaic Strategy.,10.0,51,['d7219f76b31818b7b13bf08dda81003d752e53f7660831d5e201d105d2bc1fc19e8cc49ca6cd21e08570939d7fb3e87b45f0f5feb8575df195e7be8cbd3b6475']
84d4069b-3355-4777-b9ee-ec4e273ba8ec,1,LEONORE GEWESSLER,"BUNDESMINISTERIUM FÜR KLIMASCHUTZ, UMWELT, ENERGIE, MOBILITÄT, INNOVATION UND TECHNOLOGIE (BMK)","[RELATION_TYPE=ASSOCIATED_WITH] [MODALITY=EXPLICIT_FACT] Leonore Gewessler is identified as the Federal Minister heading the BMK, which is responsible for Austrian climate and photovoltaic policy.",10.0,7,['d7219f76b31818b7b13bf08dda81003d752e53f7660831d5e201d105d2bc1fc19e8cc49ca6cd21e08570939d7fb3e87b45f0f5feb8575df195e7be8cbd3b6475']
83f96aa2-16da-43bb-be18-8e0fc0c0ba48,2,ÖSTERREICHISCHE PHOTOVOLTAIK-STRATEGIE,PHOTOVOLTAIK,"The Austrian Photovoltaic Strategy (ÖSTERREICHISCHE PHOTOVOLTAIK-STRATEGIE) is a guiding framework dedicated to the expansion and strategic support of photovoltaics (PHOTOVOLTAIK) in Austria, providing framework, targets, and measures to support the further expansion and integration of photovoltaics.",30.0,130,"['d7219f76b31818b7b13bf08dda81003d752e53f7660831d5e201d105d2bc1fc19e8cc49ca6cd21e08570939d7fb3e87b45f0f5feb8575df195e7be8cbd3b6475'
 '50e06bf07ca2ce3a4e0dc0520305a36334e339dc022e32de2a78b62769102078202b01514330a1c4939e30fdb8f4d3884f790c7814b2e95e9bdb0894b3323a4e'
 '05802f69e17001a506260c74ca400f6a1368fbf0132720e670d13ffd39c31d615ca94e0ffc071332bd317faa48542bde7970720b9f035d496136fc5d6bbb8ca5']"
30e1ca91-3714-431c-879f-628cd1c2cb0b,3,ÖSTERREICHISCHE PHOTOVOLTAIK-STRATEGIE,KLIMANEUTRALITÄT IN ÖSTERREICH BIS 2040,[RELATION_TYPE=CONTRIBUTES_TO] [MODALITY=EXPLICIT_FACT] The strategy identifies photovoltaic expansion as a key pillar for achieving climate neutrality in Austria by 2040.,9.0,49,['d7219f76b31818b7b13bf08dda81003d752e53f7660831d5e201d105d2bc1fc19e8cc49ca6cd21e08570939d7fb3e87b45f0f5feb8575df195e7be8cbd3b6475']
c8d5e757-4ac9-485c-9b91-44db1b25a3f1,4,ÖSTERREICHISCHE PHOTOVOLTAIK-STRATEGIE,100% BILANZIELL ERNEUERBARER STROMVERBRAUCH BIS 2030,[RELATION_TYPE=CONTRIBUTES_TO] [MODALITY=EXPLICIT_FACT] The strategy positions photovoltaic expansion as essential to achieving the target of nationally balanced renewable electricity by 2030.,9.0,50,['d7219f76b31818b7b13bf08dda81003d752e53f7660831d5e201d105d2bc1fc19e8cc49ca6cd21e08570939d7fb3e87b45f0f5feb8575df195e7be8cbd3b6475']
59f85c42-d6c4-4aae-ab21-98e13502f7dd,5,PHOTOVOLTAIK,100% BILANZIELL ERNEUERBARER STROMVERBRAUCH BIS 2030,[RELATION_TYPE=CONTRIBUTES_TO] [MODALITY=EXPLICIT_FACT] Photovoltaics is identified as a central pillar (wesentliche Säule) for attaining the 2030 renewable electricity target.,10.0,90,['d7219f76b31818b7b13bf08dda81003d752e53f7660831d5e201d105d2bc1fc19e8cc49ca6cd21e08570939d7fb3e87b45f0f5feb8575df195e7be8cbd3b6475']
1ad4e03b-722c-409a-bd63-b7f2be6028ec,6,ÖSTERREICH,KLIMANEUTRALITÄT IN ÖSTERREICH BIS 2040,Austria (ÖSTERREICH) has the official target of achieving climate neutrality by 2040.,20.0,56,"['d7219f76b31818b7b13bf08dda81003d752e53f7660831d5e201d105d2bc1fc19e8cc49ca6cd21e08570939d7fb3e87b45f0f5feb8575df195e7be8cbd3b6475'
 '50fb8f6506c2271985ee7ffe42523d2eb06abbd85be8ea5021ae2d36d260f6f63d177e59ca2da764eeaeb4a953c841282dbf214859a753f968cb6e6cb86e0c72']"
c300af30-71f2-4e0e-b599-0e1a5e6f2ef7,7,ÖSTERREICH,100% BILANZIELL ERNEUERBARER STROMVERBRAUCH BIS 2030,[RELATION_TYPE=HAS_TARGET] [MODALITY=EXPLICIT_FACT] Austria has set the official target of 100 percent renewable electricity on a national balance by 2030.,10.0,57,['d7219f76b31818b7b13bf08dda81003d752e53f7660831d5e201d105d2bc1fc19e8cc49ca6cd21e08570939d7fb3e87b45f0f5feb8575df195e7be8cbd3b6475']
5a1e1c51-2946-4997-873d-31073cfaa6a5,8,ERNEUERBAREN-AUSBAU-GESETZ (EAG),100% BILANZIELL ERNEUERBARER STROMVERBRAUCH BIS 2030,[RELATION_TYPE=SETS_TARGET] [MODALITY=EXPLICIT_FACT] [STATUS=IN_FORCE] The EAG (Renewable Expansion Act) establishes Austria’s 2030 renewable electricity target.,10.0,15,['d7219f76b31818b7b13bf08dda81003d752e53f7660831d5e201d105d2bc1fc19e8cc49ca6cd21e08570939d7fb3e87b45f0f5feb8575df195e7be8cbd3b6475']
654616fc-03e3-47d4-b64e-4d2e6dadcba1,9,INTEGRIERTER ÖSTERREICHISCHER NETZINFRASTRUKTURPLAN (ÖNIP),PHOTOVOLTAIK-AUSBAUPOTENZIAL — 41 TWH BIS 2040,[RELATION_TYPE=SETS_TARGET] [MODALITY=EXPLICIT_FACT] [STATUS=SCENARIO] The ÖNIP identifies a photovoltaic expansion potential of 41 TWh in Austria by 2040.,10.0,3,['d7219f76b31818b7b13bf08dda81003d752e53f7660831d5e201d105d2bc1fc19e8cc49ca6cd21e08570939d7fb3e87b45f0f5feb8575df195e7be8cbd3b6475']
9b7cbe8a-5911-4f4b-9096-0a34e3d066fc,10,ÖSTERREICH,PHOTOVOLTAIK-AUSBAUPOTENZIAL — 41 TWH BIS 2040,[RELATION_TYPE=HAS_TARGET] [MODALITY=EXPLICIT_FACT] Austria’s PV expansion potential of 41 TWh by 2040 is determined within the ÖNIP.,10.0,54,['d7219f76b31818b7b13bf08dda81003d752e53f7660831d5e201d105d2bc1fc19e8cc49ca6cd21e08570939d7fb3e87b45f0f5feb8575df195e7be8cbd3b6475']
cf789884-2e98-4a81-b8f2-19857965720d,11,ÖSTERREICH,"JÄHRLICHER PV-ZUBAU — 1 GW (ÖSTERREICH, 2022)",[RELATION_TYPE=MEASURED_BY] [MODALITY=EXPLICIT_FACT] Austria's annual PV capacity expansion is measured at over 1 GW in 2022.,10.0,54,['d7219f76b31818b7b13bf08dda81003d752e53f7660831d5e201d105d2bc1fc19e8cc49ca6cd21e08570939d7fb3e87b45f0f5feb8575df195e7be8cbd3b6475']
ef389693-c37f-4b59-9fc5-a8d7f4ed7d09,12,PHOTOVOLTAIK,"JÄHRLICHER PV-ZUBAU — 1 GW (ÖSTERREICH, 2022)",[RELATION_TYPE=MEASURED_BY] [MODALITY=EXPLICIT_FACT] The metric concerns annual photovoltaic capacity expansion in Austria for 2022.,10.0,87,['d7219f76b31818b7b13bf08dda81003d752e53f7660831d5e201d105d2bc1fc19e8cc49ca6cd21e08570939d7fb3e87b45f0f5feb8575df195e7be8cbd3b6475']
c0d11b7c-66f8-4240-a3b9-6bdacb3e25b9,13,ÖSTERREICH,"JÄHRLICHER PV-ZUBAU — 2,5 GW (ÖSTERREICH, 2023)",[RELATION_TYPE=MEASURED_BY] [MODALITY=EXPLICIT_FACT] Austria's annual PV capacity expansion is measured at approximately 2.5 GW in 2023.,10.0,54,['d7219f76b31818b7b13bf08dda81003d752e53f7660831d5e201d105d2bc1fc19e8cc49ca6cd21e08570939d7fb3e87b45f0f5feb8575df195e7be8cbd3b6475']
602ddcbf-11a9-4222-a24b-4af0a028cb44,14,PHOTOVOLTAIK,"JÄHRLICHER PV-ZUBAU — 2,5 GW (ÖSTERREICH, 2023)",[RELATION_TYPE=MEASURED_BY] [MODALITY=EXPLICIT_FACT] The metric concerns annual photovoltaic capacity expansion in Austria for 2023.,10.0,87,['d7219f76b31818b7b13bf08dda81003d752e53f7660831d5e201d105d2bc1fc19e8cc49ca6cd21e08570939d7fb3e87b45f0f5feb8575df195e7be8cbd3b6475']
8320ef95-f188-420a-b050-ac087693577f,15,ERNEUERBARE ENERGIEN,100% BILANZIELL ERNEUERBARER STROMVERBRAUCH BIS 2030,[RELATION_TYPE=CONTRIBUTES_TO] [MODALITY=EXPLICIT_FACT] Renewable energies are the basis for the nationally balanced 100 percent renewable electricity objective for 2030.,10.0,6,['d7219f76b31818b7b13bf08dda81003d752e53f7660831d5e201d105d2bc1fc19e8cc49ca6cd21e08570939d7fb3e87b45f0f5feb8575df195e7be8cbd3b6475']
336e8cda-9554-4a81-ba3b-c3b9bb1a1728,16,PHOTOVOLTAIK-ANLAGE,PHOTOVOLTAIK,[RELATION_TYPE=ASSOCIATED_WITH] [MODALITY=EXPLICIT_FACT] Photovoltaic systems are a form of photovoltaics cited as guaranteeing affordable electricity.,9.0,87,['d7219f76b31818b7b13bf08dda81003d752e53f7660831d5e201d105d2bc1fc19e8cc49ca6cd21e08570939d7fb3e87b45f0f5feb8575df195e7be8cbd3b6475']
6b1c29e7-ecd4-4e1d-b658-a179c10e8b7b,17,ENERGIEWENDE,PHOTOVOLTAIK,[RELATION_TYPE=SUPPORTS] [MODALITY=EXPLICIT_FACT] The energy transition in Austria requires the expansion of photovoltaics as a key renewable energy source.,10.0,91,['d7219f76b31818b7b13bf08dda81003d752e53f7660831d5e201d105d2bc1fc19e8cc49ca6cd21e08570939d7fb3e87b45f0f5feb8575df195e7be8cbd3b6475']
87d79e67-ee56-4cb2-88c5-8a71f8d1d48e,18,STROMVERSORGUNG,PHOTOVOLTAIK,[RELATION_TYPE=ASSOCIATED_WITH] [MODALITY=EXPLICIT_FACT] Photovoltaics is declared an essential pillar of Austria’s electricity supply transformation.,10.0,86,['d7219f76b31818b7b13bf08dda81003d752e53f7660831d5e201d105d2bc1fc19e8cc49ca6cd21e08570939d7fb3e87b45f0f5feb8575df195e7be8cbd3b6475']
f8e27f05-75e5-4145-876b-02e194f97363,19,ENERGIE- UND MOBILITÄTSSYSTEM,ENERGIEWENDE,[RELATION_TYPE=REQUIRES] [MODALITY=EXPLICIT_FACT] Transforming the energy and mobility system is required for the successful implementation of the energy transition in Austria.,10.0,7,['d7219f76b31818b7b13bf08dda81003d752e53f7660831d5e201d105d2bc1fc19e8cc49ca6cd21e08570939d7fb3e87b45f0f5feb8575df195e7be8cbd3b6475']
30ad153a-75a8-4786-b0c7-423448f86704,20,BETRIEBE UND UNTERNEHMEN,PHOTOVOLTAIK,"BETRIEBE UND UNTERNEHMEN (Austrian businesses and enterprises) are identified as stakeholders associated with PHOTOVOLTAIK (photovoltaics), and are highlighted as direct beneficiaries of PV expansion.",20.0,86,"['d7219f76b31818b7b13bf08dda81003d752e53f7660831d5e201d105d2bc1fc19e8cc49ca6cd21e08570939d7fb3e87b45f0f5feb8575df195e7be8cbd3b6475'
 'd7219f76b31818b7b13bf08dda81003d752e53f7660831d5e201d105d2bc1fc19e8cc49ca6cd21e08570939d7fb3e87b45f0f5feb8575df195e7be8cbd3b6475']"
a3a484bd-637c-4adb-97d9-e7d57aaea817,21,BÜRGER:INNEN,ENERGIEWENDE,[RELATION_TYPE=CONTRIBUTES_TO] [MODALITY=EXPLICIT_FACT] Citizens are recognized as active participants in Austria’s energy transition.,10.0,11,['d7219f76b31818b7b13bf08dda81003d752e53f7660831d5e201d105d2bc1fc19e8cc49ca6cd21e08570939d7fb3e87b45f0f5feb8575df195e7be8cbd3b6475']
102ca28f-a66f-4570-95fa-bc238d3f2a97,22,EIGENE PARTIZIPATION DER POPULATION AN DER ENERGIEWENDE,ENERGIEWENDE,[RELATION_TYPE=CONTRIBUTES_TO] [MODALITY=EXPLICIT_FACT] The increasing active participation of the population contributes to the success of the energy transition.,10.0,7,['d7219f76b31818b7b13bf08dda81003d752e53f7660831d5e201d105d2bc1fc19e8cc49ca6cd21e08570939d7fb3e87b45f0f5feb8575df195e7be8cbd3b6475']
e76aa53b-34d4-42f3-bd08-f0ea1c49d12b,23,RAHMENBEDINGUNGEN FÜR DEN PV-AUSBAU,MASSNAHMEN FÜR DEN PV-AUSBAU,[RELATION_TYPE=REQUIRES] [MODALITY=EXPLICIT_FACT] The framework conditions for PV expansion determine which measures must be implemented for successful deployment.,10.0,4,['d7219f76b31818b7b13bf08dda81003d752e53f7660831d5e201d105d2bc1fc19e8cc49ca6cd21e08570939d7fb3e87b45f0f5feb8575df195e7be8cbd3b6475']
ec4a6c04-01ed-4d7d-915c-ff08d858c9a3,24,ÖSTERREICHISCHE PHOTOVOLTAIK-STRATEGIE,RAHMENBEDINGUNGEN FÜR DEN PV-AUSBAU,[RELATION_TYPE=ASSOCIATED_WITH] [MODALITY=EXPLICIT_FACT] The strategy identifies and addresses framework conditions necessary for successful PV expansion.,10.0,47,['d7219f76b31818b7b13bf08dda81003d752e53f7660831d5e201d105d2bc1fc19e8cc49ca6cd21e08570939d7fb3e87b45f0f5feb8575df195e7be8cbd3b6475']
8fb2830f-6125-475d-a009-df9942c7c85a,25,ÖSTERREICHISCHE PHOTOVOLTAIK-STRATEGIE,ZIELSETZUNGEN FÜR DEN PV-AUSBAU,[RELATION_TYPE=SETS_TARGET] [MODALITY=EXPLICIT_FACT] The strategy establishes targets and objectives for national PV expansion.,10.0,46,['d7219f76b31818b7b13bf08dda81003d752e53f7660831d5e201d105d2bc1fc19e8cc49ca6cd21e08570939d7fb3e87b45f0f5feb8575df195e7be8cbd3b6475']
ca749e33-77b8-44bd-9d01-17183ae31667,26,ÖSTERREICHISCHE PHOTOVOLTAIK-STRATEGIE,MASSNAHMEN FÜR DEN PV-AUSBAU,[RELATION_TYPE=PROPOSES] [MODALITY=EXPLICIT_FACT] The strategy proposes measures for coordinated Austrian PV expansion.,10.0,47,['d7219f76b31818b7b13bf08dda81003d752e53f7660831d5e201d105d2bc1fc19e8cc49ca6cd21e08570939d7fb3e87b45f0f5feb8575df195e7be8cbd3b6475']
604d3ff1-d515-431f-82d3-531df1e857c6,27,KLIMANEUTRALITÄT IN ÖSTERREICH BIS 2040,ENERGIEWENDE,[RELATION_TYPE=ASSOCIATED_WITH] [MODALITY=EXPLICIT_FACT] Achieving climate neutrality by 2040 is identified as dependent on a successful energy transition.,10.0,10,['d7219f76b31818b7b13bf08dda81003d752e53f7660831d5e201d105d2bc1fc19e8cc49ca6cd21e08570939d7fb3e87b45f0f5feb8575df195e7be8cbd3b6475']
2777d454-1bf8-4f58-97fa-d159317c57d9,28,NACHHALTIGE UND GÜNSTIGE STROMVERSORGUNG,PHOTOVOLTAIK,[RELATION_TYPE=CONTRIBUTES_TO] [MODALITY=EXPLICIT_FACT] Expanding photovoltaics is stated to contribute to a sustainable and affordable electricity supply.,10.0,86,['d7219f76b31818b7b13bf08dda81003d752e53f7660831d5e201d105d2bc1fc19e8cc49ca6cd21e08570939d7fb3e87b45f0f5feb8575df195e7be8cbd3b6475']
83a5c0cc-9bba-48e9-88fc-0f22187757f2,29,ENERGIEUNABHÄNGIGKEIT ÖSTERREICHS,PHOTOVOLTAIK,[RELATION_TYPE=CONTRIBUTES_TO] [MODALITY=EXPLICIT_FACT] The expansion of photovoltaics strengthens Austria's energy independence.,10.0,86,['d7219f76b31818b7b13bf08dda81003d752e53f7660831d5e201d105d2bc1fc19e8cc49ca6cd21e08570939d7fb3e87b45f0f5feb8575df195e7be8cbd3b6475']
652c1c6b-e139-49e5-bd45-a7851ad5eba2,30,ARBEITSPLÄTZE DURCH PHOTOVOLTAIK,PHOTOVOLTAIK,[RELATION_TYPE=CONTRIBUTES_TO] [MODALITY=EXPLICIT_FACT] Increasing domestic value creation and jobs are identified as outcomes of PV expansion.,10.0,86,['d7219f76b31818b7b13bf08dda81003d752e53f7660831d5e201d105d2bc1fc19e8cc49ca6cd21e08570939d7fb3e87b45f0f5feb8575df195e7be8cbd3b6475']
52acee6a-9b07-44de-8cf9-3d62f6a0cecd,31,HOHE AKZEPTANZ DER PHOTOVOLTAIK,PHOTOVOLTAIK,[RELATION_TYPE=CONTRIBUTES_TO] [MODALITY=EXPLICIT_FACT] High public acceptance is described as a target and a factor contributing to PV deployment.,10.0,86,['d7219f76b31818b7b13bf08dda81003d752e53f7660831d5e201d105d2bc1fc19e8cc49ca6cd21e08570939d7fb3e87b45f0f5feb8575df195e7be8cbd3b6475']
218d9fe7-1573-4aba-8a38-814fde63b12f,32,INNOVATIVE BEITRÄGE DER PHOTOVOLTAIK ZUM ENERGIESYSTEMUMBAU,PHOTOVOLTAIK,[RELATION_TYPE=CONTRIBUTES_TO] [MODALITY=EXPLICIT_FACT] Photovoltaics are envisioned to make innovative contributions to transforming Austria's energy system.,10.0,86,['d7219f76b31818b7b13bf08dda81003d752e53f7660831d5e201d105d2bc1fc19e8cc49ca6cd21e08570939d7fb3e87b45f0f5feb8575df195e7be8cbd3b6475']
c1a0db61-36fc-420a-a497-35090b05471e,33,WIRTSCHAFTLICHER BETRIEB VON PHOTOVOLTAIK-ANLAGEN,PHOTOVOLTAIK-ANLAGE,[RELATION_TYPE=CONTRIBUTES_TO] [MODALITY=EXPLICIT_FACT] The economical operation of PV installations is connected to the expanded and sustainable deployment of photovoltaic systems.,10.0,3,['d7219f76b31818b7b13bf08dda81003d752e53f7660831d5e201d105d2bc1fc19e8cc49ca6cd21e08570939d7fb3e87b45f0f5feb8575df195e7be8cbd3b6475']
801e5186-8311-46f9-a4da-1e573ee54b6e,34,PARTIZIPATION DER BÜRGER:INNEN,PHOTOVOLTAIK,[RELATION_TYPE=CONTRIBUTES_TO] [MODALITY=EXPLICIT_FACT] Increased citizen participation is named as a strategic target for PV policy.,10.0,86,['d7219f76b31818b7b13bf08dda81003d752e53f7660831d5e201d105d2bc1fc19e8cc49ca6cd21e08570939d7fb3e87b45f0f5feb8575df195e7be8cbd3b6475']
4d5b6f0b-6523-4b88-992e-a359bc7f3d04,35,HOHE HEIMISCHE WERTSCHÖPFUNG DURCH PHOTOVOLTAIK,PHOTOVOLTAIK,[RELATION_TYPE=CONTRIBUTES_TO] [MODALITY=EXPLICIT_FACT] High domestic value creation is highlighted as a desired outcome of national PV expansion.,10.0,86,['d7219f76b31818b7b13bf08dda81003d752e53f7660831d5e201d105d2bc1fc19e8cc49ca6cd21e08570939d7fb3e87b45f0f5feb8575df195e7be8cbd3b6475']
887fa483-50ed-497e-926e-4e94f224dfcd,36,PHOTOVOLTAIK-STRATEGIE,PV-AUSBAU VON MINDESTENS 11 TWH BIS 2030,[RELATION_TYPE=SETS_TARGET] [MODALITY=EXPLICIT_FACT] [STATUS=OFFICIAL] The Austrian PV Strategy defines a PV expansion target of at least 11 TWh by 2030.,10.0,25,['50fb8f6506c2271985ee7ffe42523d2eb06abbd85be8ea5021ae2d36d260f6f63d177e59ca2da764eeaeb4a953c841282dbf214859a753f968cb6e6cb86e0c72']
f6938c16-9a77-4853-b5d7-2f3d65be50bf,37,ERNEUERBAREN-AUSBAU-GESETZ (EAG),PV-AUSBAU VON MINDESTENS 11 TWH BIS 2030,[RELATION_TYPE=SETS_TARGET] [MODALITY=EXPLICIT_FACT] [STATUS=OFFICIAL] The EAG establishes the target for at least 11 TWh PV expansion by 2030.,10.0,14,['50fb8f6506c2271985ee7ffe42523d2eb06abbd85be8ea5021ae2d36d260f6f63d177e59ca2da764eeaeb4a953c841282dbf214859a753f968cb6e6cb86e0c72']
31d805be-f4c9-4608-aa67-75ffc17968e3,38,ERNEUERBAREN-AUSBAU-GESETZ (EAG),100% NATIONAL BILANZIERTER ERNEUERBARER STROMVERBRAUCH BIS 2030,[RELATION_TYPE=SETS_TARGET] [MODALITY=EXPLICIT_FACT] [STATUS=OFFICIAL] The EAG sets the target to cover total national electricity consumption with renewable energy on a balance-sheet basis by 2030.,10.0,11,['50fb8f6506c2271985ee7ffe42523d2eb06abbd85be8ea5021ae2d36d260f6f63d177e59ca2da764eeaeb4a953c841282dbf214859a753f968cb6e6cb86e0c72']
1024256a-de19-4431-a439-84b213ec952f,39,ÖSTERREICH,PV-AUSBAU VON MINDESTENS 11 TWH BIS 2030,[RELATION_TYPE=HAS_TARGET] [MODALITY=EXPLICIT_FACT] [STATUS=OFFICIAL] Austria is the geographic scope of the at least 11 TWh PV expansion target by 2030.,10.0,56,['50fb8f6506c2271985ee7ffe42523d2eb06abbd85be8ea5021ae2d36d260f6f63d177e59ca2da764eeaeb4a953c841282dbf214859a753f968cb6e6cb86e0c72']
cf7b63d7-0b4a-4e5d-a74a-3a8bdcaa6832,40,PHOTOVOLTAIK,PV-AUSBAU VON MINDESTENS 11 TWH BIS 2030,[RELATION_TYPE=CONTRIBUTES_TO] [MODALITY=EXPLICIT_FACT] Photovoltaics is expected to deliver at least 11 TWh of new generation capacity by 2030 toward national targets.,9.0,89,['50fb8f6506c2271985ee7ffe42523d2eb06abbd85be8ea5021ae2d36d260f6f63d177e59ca2da764eeaeb4a953c841282dbf214859a753f968cb6e6cb86e0c72']
9040b8d8-60e3-45d6-b041-bcf8a13b2ca8,41,PHOTOVOLTAIK,KLIMANEUTRALITÄT IN ÖSTERREICH BIS 2040,[RELATION_TYPE=CONTRIBUTES_TO] [MODALITY=EXPLICIT_FACT] Achieving climate neutrality by 2040 is associated with major PV expansion; PV is described as a central pillar of Austria's energy system in 2040.,8.0,89,['50fb8f6506c2271985ee7ffe42523d2eb06abbd85be8ea5021ae2d36d260f6f63d177e59ca2da764eeaeb4a953c841282dbf214859a753f968cb6e6cb86e0c72']
8e155d42-ae3a-45e9-b8a2-265f2aebd913,42,PHOTOVOLTAIK-STRATEGIE,RECHTLICHER RAHMEN,[RELATION_TYPE=PROPOSES] [MODALITY=EXPLICIT_FACT] The strategy includes the legal framework as a defined action field for implementing necessary PV-market conditions.,8.0,24,['50fb8f6506c2271985ee7ffe42523d2eb06abbd85be8ea5021ae2d36d260f6f63d177e59ca2da764eeaeb4a953c841282dbf214859a753f968cb6e6cb86e0c72']
e6d14159-25da-4d41-9f27-015012314da5,43,PHOTOVOLTAIK-STRATEGIE,TECHNISCHE UND SYSTEMISCHE FRAGEN,[RELATION_TYPE=PROPOSES] [MODALITY=EXPLICIT_FACT] The strategy names technical and systemic issues as action areas for PV integration.,8.0,23,['50fb8f6506c2271985ee7ffe42523d2eb06abbd85be8ea5021ae2d36d260f6f63d177e59ca2da764eeaeb4a953c841282dbf214859a753f968cb6e6cb86e0c72']
1c757342-b725-49fc-b09c-e93686d0e9e3,44,PHOTOVOLTAIK-STRATEGIE,WEITERENTWICKLUNG DER ÖFFENTLICHEN STROMNETZE,[RELATION_TYPE=PROPOSES] [MODALITY=EXPLICIT_FACT] Further development of public electricity grids is a strategy action area.,8.0,23,['50fb8f6506c2271985ee7ffe42523d2eb06abbd85be8ea5021ae2d36d260f6f63d177e59ca2da764eeaeb4a953c841282dbf214859a753f968cb6e6cb86e0c72']
e3960eb2-273d-4309-bb6a-de83c5f23d83,45,PHOTOVOLTAIK-STRATEGIE,WIRTSCHAFTLICHKEIT DER PV-ANLAGEN,[RELATION_TYPE=PROPOSES] [MODALITY=EXPLICIT_FACT] Economic viability of PV systems is identified as an action field.,8.0,22,['50fb8f6506c2271985ee7ffe42523d2eb06abbd85be8ea5021ae2d36d260f6f63d177e59ca2da764eeaeb4a953c841282dbf214859a753f968cb6e6cb86e0c72']
71aad98b-c560-4991-a077-e87d67480823,46,PHOTOVOLTAIK-STRATEGIE,AKZEPTANZERHALTUNG BEI DER BEVÖLKERUNG,[RELATION_TYPE=PROPOSES] [MODALITY=EXPLICIT_FACT] Maintaining public acceptance is emphasised as an essential strategic field.,8.0,22,['50fb8f6506c2271985ee7ffe42523d2eb06abbd85be8ea5021ae2d36d260f6f63d177e59ca2da764eeaeb4a953c841282dbf214859a753f968cb6e6cb86e0c72']
5f9e08a4-6ba6-4299-8905-c5dfedbb2deb,47,PHOTOVOLTAIK-STRATEGIE,FORSCHUNG-TECHNOLOGIE-INNOVATION (FTI),"[RELATION_TYPE=PROPOSES] [MODALITY=EXPLICIT_FACT] Research, technology, and innovation forms a defined strategic field.",8.0,22,['50fb8f6506c2271985ee7ffe42523d2eb06abbd85be8ea5021ae2d36d260f6f63d177e59ca2da764eeaeb4a953c841282dbf214859a753f968cb6e6cb86e0c72']
5637e143-c563-402c-9862-5f9008405c8f,48,PHOTOVOLTAIK-STRATEGIE,HEIMISCHE PV-WIRTSCHAFT,[RELATION_TYPE=PROPOSES] [MODALITY=EXPLICIT_FACT] The domestic PV industry is highlighted among the main action fields in the strategy.,8.0,28,['50fb8f6506c2271985ee7ffe42523d2eb06abbd85be8ea5021ae2d36d260f6f63d177e59ca2da764eeaeb4a953c841282dbf214859a753f968cb6e6cb86e0c72']
898a06a8-9549-43bc-b300-b0938aaf3344,49,PHOTOVOLTAIK-STRATEGIE,PARTIZIPATION DER BEVÖLKERUNG,[RELATION_TYPE=PROPOSES] [MODALITY=EXPLICIT_FACT] Citizen participation in the PV transition is emphasized as a cross-cutting field.,8.0,23,['50fb8f6506c2271985ee7ffe42523d2eb06abbd85be8ea5021ae2d36d260f6f63d177e59ca2da764eeaeb4a953c841282dbf214859a753f968cb6e6cb86e0c72']
2194252e-46fe-454a-a99b-4d531112f4db,50,ÖSTERREICH,"PV-GENERATION — 6.3 TWH (ÖSTERREICH, 2023)",[RELATION_TYPE=MEASURED_BY] [MODALITY=EXPLICIT_FACT] Austria's PV electricity generation reached approximately 6.3 TWh in 2023.,10.0,55,['50fb8f6506c2271985ee7ffe42523d2eb06abbd85be8ea5021ae2d36d260f6f63d177e59ca2da764eeaeb4a953c841282dbf214859a753f968cb6e6cb86e0c72']
452ff8ac-c77a-42cd-aabc-3b56cc8d2db8,51,PV-ANLAGEN,"PV-GENERATION — 6.3 TWH (ÖSTERREICH, 2023)",[RELATION_TYPE=MEASURED_BY] [MODALITY=EXPLICIT_FACT] PV systems generated approximately 6.3 TWh in 2023.,10.0,8,['50fb8f6506c2271985ee7ffe42523d2eb06abbd85be8ea5021ae2d36d260f6f63d177e59ca2da764eeaeb4a953c841282dbf214859a753f968cb6e6cb86e0c72']
9d6b65ed-c3de-4045-bd52-303e8c203dc4,52,PHOTOVOLTAIK,"PV-GENERATION — 6.3 TWH (ÖSTERREICH, 2023)",[RELATION_TYPE=MEASURED_BY] [MODALITY=EXPLICIT_FACT] The metric reports PV electricity generation for 2023.,10.0,88,['50fb8f6506c2271985ee7ffe42523d2eb06abbd85be8ea5021ae2d36d260f6f63d177e59ca2da764eeaeb4a953c841282dbf214859a753f968cb6e6cb86e0c72']
ff47f40a-7573-4b32-bb67-ca807359cd5e,53,ÖSTERREICH,"PV-FÖRDERUNG — 600 MIO. EUR (ÖSTERREICH, 2023)","[RELATION_TYPE=MEASURED_BY] [MODALITY=EXPLICIT_FACT] In 2023, Austria allocated approximately 600 million EUR for PV expansion under EAG and the Climate and Energy Fund.",10.0,55,['50fb8f6506c2271985ee7ffe42523d2eb06abbd85be8ea5021ae2d36d260f6f63d177e59ca2da764eeaeb4a953c841282dbf214859a753f968cb6e6cb86e0c72']
a22feef3-0735-4963-95d2-a7f7e91a4849,54,KLIMA- UND ENERGIEFONDS,"PV-FÖRDERUNG — 600 MIO. EUR (ÖSTERREICH, 2023)",[RELATION_TYPE=FUNDS] [MODALITY=EXPLICIT_FACT] The Climate and Energy Fund co-financed PV expansion in 2023.,9.0,11,['50fb8f6506c2271985ee7ffe42523d2eb06abbd85be8ea5021ae2d36d260f6f63d177e59ca2da764eeaeb4a953c841282dbf214859a753f968cb6e6cb86e0c72']
4ad3aeff-bab9-40c2-a2aa-5f25a7fad8dc,55,ERNEUERBAREN-AUSBAU-GESETZ (EAG),"PV-FÖRDERUNG — 600 MIO. EUR (ÖSTERREICH, 2023)",[RELATION_TYPE=FUNDS] [MODALITY=EXPLICIT_FACT] 600 million EUR in PV support in 2023 were disbursed under the EAG.,9.0,13,['50fb8f6506c2271985ee7ffe42523d2eb06abbd85be8ea5021ae2d36d260f6f63d177e59ca2da764eeaeb4a953c841282dbf214859a753f968cb6e6cb86e0c72']
e274f1bb-cb37-4e1c-9ecb-cb8dc348c761,56,BMK,ENERGIEINFRASTRUKTUR,[RELATION_TYPE=FUNDS] [MODALITY=EXPLICIT_FACT] BMK provided additional financial resources for Austria's energy infrastructure transformation.,8.0,5,['50fb8f6506c2271985ee7ffe42523d2eb06abbd85be8ea5021ae2d36d260f6f63d177e59ca2da764eeaeb4a953c841282dbf214859a753f968cb6e6cb86e0c72']
b94b52b0-9cf0-4be4-a789-48c7144e0b19,57,EU-ERNEUERBAREN-RICHTLINIE (RED III),"ANTEIL ERNEUERBARER ENERGIEN AM GESAMTENERGIEVERBRAUCH — 42,5% BIS 2030 (EU)",[RELATION_TYPE=SETS_TARGET] [MODALITY=EXPLICIT_FACT] [STATUS=OFFICIAL] RED III sets the new minimum target for the share of renewables in EU energy consumption at 42.5% by 2030.,10.0,2,['50fb8f6506c2271985ee7ffe42523d2eb06abbd85be8ea5021ae2d36d260f6f63d177e59ca2da764eeaeb4a953c841282dbf214859a753f968cb6e6cb86e0c72']
c2f19761-9a2f-447e-b85e-ae81bbdf1fd7,58,CO₂-BEPREISUNG FÜR NICHT VOM EU-EMISSIONSHANDEL UMFASSTE FOSSILE CO₂-EMISSIONEN,KLIMABONUS,[RELATION_TYPE=SUPPORTS] [MODALITY=EXPLICIT_FACT] The climate bonus scheme compensates households within the CO₂ pricing system.,9.0,4,['50fb8f6506c2271985ee7ffe42523d2eb06abbd85be8ea5021ae2d36d260f6f63d177e59ca2da764eeaeb4a953c841282dbf214859a753f968cb6e6cb86e0c72']
ae070445-240a-4177-a8c8-9d8a1f8c9b8f,59,ÖFFENTLICHE STROMNETZE,WEITERENTWICKLUNG DER ÖFFENTLICHEN STROMNETZE,[RELATION_TYPE=ASSOCIATED_WITH] [MODALITY=EXPLICIT_FACT] The public electricity grids are directly mentioned as the focus of further development within PV strategy action fields.,9.0,3,['50fb8f6506c2271985ee7ffe42523d2eb06abbd85be8ea5021ae2d36d260f6f63d177e59ca2da764eeaeb4a953c841282dbf214859a753f968cb6e6cb86e0c72']
8e238255-5aab-456f-b019-6ed2d32f868b,60,ENERGIEINFRASTRUKTUR,TECHNISCHE UND SYSTEMISCHE FRAGEN,[RELATION_TYPE=ASSOCIATED_WITH] [MODALITY=EXPLICIT_FACT] Development of wider energy infrastructure is one element of the technical and systemic questions action field.,8.0,4,['50fb8f6506c2271985ee7ffe42523d2eb06abbd85be8ea5021ae2d36d260f6f63d177e59ca2da764eeaeb4a953c841282dbf214859a753f968cb6e6cb86e0c72']
a83d6163-beca-4fff-ba6b-211d6a83667e,61,WISSENSCHAFT,PHOTOVOLTAIK-STRATEGIE,[RELATION_TYPE=ASSOCIATED_WITH] [MODALITY=EXPLICIT_FACT] The science community is identified as a key actor in the strategy's implementation.,8.0,23,['50fb8f6506c2271985ee7ffe42523d2eb06abbd85be8ea5021ae2d36d260f6f63d177e59ca2da764eeaeb4a953c841282dbf214859a753f968cb6e6cb86e0c72']
a2045edd-83e8-442e-8715-0dd51978af6c,62,WIRTSCHAFT,PHOTOVOLTAIK-STRATEGIE,[RELATION_TYPE=ASSOCIATED_WITH] [MODALITY=EXPLICIT_FACT] Economic actors are recognized as principal stakeholders in the strategy.,8.0,24,['50fb8f6506c2271985ee7ffe42523d2eb06abbd85be8ea5021ae2d36d260f6f63d177e59ca2da764eeaeb4a953c841282dbf214859a753f968cb6e6cb86e0c72']
0c548e1b-d872-4b6f-bbb2-1575db6c13c0,63,INTERESSEN­SVERTRETUNGEN,PHOTOVOLTAIK-STRATEGIE,[RELATION_TYPE=ASSOCIATED_WITH] [MODALITY=EXPLICIT_FACT] Interest groups are listed among essential collaborators in implementing grid expansion and PV strategy measures.,7.0,22,['50fb8f6506c2271985ee7ffe42523d2eb06abbd85be8ea5021ae2d36d260f6f63d177e59ca2da764eeaeb4a953c841282dbf214859a753f968cb6e6cb86e0c72']
10f95828-ee65-429e-ab6c-7b4a50f47b2d,64,E-CONTROL,PHOTOVOLTAIK-STRATEGIE,[RELATION_TYPE=ASSOCIATED_WITH] [MODALITY=EXPLICIT_FACT] E-Control is identified as a significant actor in grid expansion and operation in the strategy.,7.0,29,['50fb8f6506c2271985ee7ffe42523d2eb06abbd85be8ea5021ae2d36d260f6f63d177e59ca2da764eeaeb4a953c841282dbf214859a753f968cb6e6cb86e0c72']
b3978d79-b867-44b9-8a77-4d91874a71c4,65,BÜRGERINNEN UND BÜRGER,PHOTOVOLTAIK-STRATEGIE,[RELATION_TYPE=ASSOCIATED_WITH] [MODALITY=EXPLICIT_FACT] Citizens are both beneficiaries and active participants described in the PV strategy.,8.0,23,['50fb8f6506c2271985ee7ffe42523d2eb06abbd85be8ea5021ae2d36d260f6f63d177e59ca2da764eeaeb4a953c841282dbf214859a753f968cb6e6cb86e0c72']
afdb20e1-8b78-4788-8923-63c4ef9e1d74,66,UNTERNEHMEN,PHOTOVOLTAIK-STRATEGIE,[RELATION_TYPE=ASSOCIATED_WITH] [MODALITY=EXPLICIT_FACT] Companies are identified as beneficiaries and co-shapers of the PV transition in the strategy.,8.0,26,['50fb8f6506c2271985ee7ffe42523d2eb06abbd85be8ea5021ae2d36d260f6f63d177e59ca2da764eeaeb4a953c841282dbf214859a753f968cb6e6cb86e0c72']
6f0e34b7-87b4-447f-84d4-c76f4fab0166,67,PARTIZIPATION DER BEVÖLKERUNG,BÜRGERINNEN UND BÜRGER,[RELATION_TYPE=REQUIRES] [MODALITY=EXPLICIT_FACT] Citizen participation is described as an overarching action field centred on the role of the public.,1.0,4,['50fb8f6506c2271985ee7ffe42523d2eb06abbd85be8ea5021ae2d36d260f6f63d177e59ca2da764eeaeb4a953c841282dbf214859a753f968cb6e6cb86e0c72']
2828b51d-8052-43e7-a042-a3cdb75d47fc,68,BUND,PHOTOVOLTAIK-STRATEGIE,[RELATION_TYPE=ASSOCIATED_WITH] [MODALITY=EXPLICIT_FACT] The national (federal) level is explicitly described as a key actor in coordinating and implementing the PV strategy.,8.0,24,['50fb8f6506c2271985ee7ffe42523d2eb06abbd85be8ea5021ae2d36d260f6f63d177e59ca2da764eeaeb4a953c841282dbf214859a753f968cb6e6cb86e0c72']
095c2870-927b-42c5-b5ca-bb559524b562,69,LAND,PHOTOVOLTAIK-STRATEGIE,[RELATION_TYPE=ASSOCIATED_WITH] [MODALITY=EXPLICIT_FACT] The federal states participate as decisive stakeholders in the PV strategy’s successful implementation.,8.0,23,['50fb8f6506c2271985ee7ffe42523d2eb06abbd85be8ea5021ae2d36d260f6f63d177e59ca2da764eeaeb4a953c841282dbf214859a753f968cb6e6cb86e0c72']
f390f4f3-129d-41d5-94a8-dd06e733bbc8,70,GEMEINDE,PHOTOVOLTAIK-STRATEGIE,[RELATION_TYPE=ASSOCIATED_WITH] [MODALITY=EXPLICIT_FACT] Municipalities are specified among the essential implementation actors for the Austrian PV strategy.,8.0,24,['50fb8f6506c2271985ee7ffe42523d2eb06abbd85be8ea5021ae2d36d260f6f63d177e59ca2da764eeaeb4a953c841282dbf214859a753f968cb6e6cb86e0c72']
87459399-4da6-43c2-a7d8-c0e4ced5e09a,71,NETZAUSBAU,PHOTOVOLTAIK-STRATEGIE,[RELATION_TYPE=ASSOCIATED_WITH] [MODALITY=EXPLICIT_FACT] Grid expansion is named as a focus area where stakeholder cooperation is required for the PV strategy.,8.0,23,['50fb8f6506c2271985ee7ffe42523d2eb06abbd85be8ea5021ae2d36d260f6f63d177e59ca2da764eeaeb4a953c841282dbf214859a753f968cb6e6cb86e0c72']
29338c48-3b93-4118-82a3-26b8899fd8ce,72,NETZBETRIEB,PHOTOVOLTAIK-STRATEGIE,[RELATION_TYPE=ASSOCIATED_WITH] [MODALITY=EXPLICIT_FACT] Grid operation is a domain mentioned as requiring cooperation in PV strategy implementation.,8.0,23,['50fb8f6506c2271985ee7ffe42523d2eb06abbd85be8ea5021ae2d36d260f6f63d177e59ca2da764eeaeb4a953c841282dbf214859a753f968cb6e6cb86e0c72']
7884bf67-5bdf-45a2-a9dd-04d95cfe0f7d,73,NORMUNG,PHOTOVOLTAIK-STRATEGIE,[RELATION_TYPE=ASSOCIATED_WITH] [MODALITY=EXPLICIT_FACT] Standardisation is directly referenced as a domain important to the PV strategy and stakeholder cooperation.,7.0,22,['50fb8f6506c2271985ee7ffe42523d2eb06abbd85be8ea5021ae2d36d260f6f63d177e59ca2da764eeaeb4a953c841282dbf214859a753f968cb6e6cb86e0c72']
3847f350-f96e-45d1-b78f-a4f3c1a1cfde,74,NETZAUSBAU,E-CONTROL,[RELATION_TYPE=ASSOCIATED_WITH] [MODALITY=EXPLICIT_FACT] E-Control is indicated as an actor involved in grid expansion.,7.0,10,['50fb8f6506c2271985ee7ffe42523d2eb06abbd85be8ea5021ae2d36d260f6f63d177e59ca2da764eeaeb4a953c841282dbf214859a753f968cb6e6cb86e0c72']
2ffed99b-e6a6-4031-b3bb-034e05bd103e,75,NETZBETRIEB,E-CONTROL,[RELATION_TYPE=ASSOCIATED_WITH] [MODALITY=EXPLICIT_FACT] E-Control is indicated as an actor involved in grid operation.,1.0,10,['50fb8f6506c2271985ee7ffe42523d2eb06abbd85be8ea5021ae2d36d260f6f63d177e59ca2da764eeaeb4a953c841282dbf214859a753f968cb6e6cb86e0c72']
4d6a9152-b503-4a04-b54c-8033eb0eb036,76,BMK,ENERGIE- UND VERKEHRSSYSTEM,[RELATION_TYPE=FUNDS] [MODALITY=EXPLICIT_FACT] BMK has massively increased financial resources for transforming Austria's energy and transport system.,9.0,4,['50e06bf07ca2ce3a4e0dc0520305a36334e339dc022e32de2a78b62769102078202b01514330a1c4939e30fdb8f4d3884f790c7814b2e95e9bdb0894b3323a4e']
191a2c90-fd11-49e4-ad27-36ff3559b17f,77,CO₂-BEPREISUNG FÜR NICHT-VOM-EU-EMISSIONSHANDEL UMFASSTE FOSSIL BEDINGTE CO₂-EMISSIONEN,KLIMABONUS,[RELATION_TYPE=SUPPORTS] [MODALITY=EXPLICIT_FACT] This regulation is paired with a compensation payment ('Klimabonus') directed to households.,9.0,4,['50e06bf07ca2ce3a4e0dc0520305a36334e339dc022e32de2a78b62769102078202b01514330a1c4939e30fdb8f4d3884f790c7814b2e95e9bdb0894b3323a4e']
92f06ec7-d908-4aab-892e-9ed16f77ce04,78,KLIMABONUS,HAUSHALTE,[RELATION_TYPE=SUPPORTS] [MODALITY=EXPLICIT_FACT] The Klimabonus refunds or compensates households in relation to CO₂ emission pricing.,10.0,4,['50e06bf07ca2ce3a4e0dc0520305a36334e339dc022e32de2a78b62769102078202b01514330a1c4939e30fdb8f4d3884f790c7814b2e95e9bdb0894b3323a4e']
3a7ce18c-8392-46cb-88e6-deac568d7c6a,79,FOSSILE ENERGIETRÄGER,"ANTEIL FOSSILE ENERGIETRÄGER AM ENERGIEEINSATZ — KNAPP ZWEI DRITTEL (ÖSTERREICH, 2023)","ANTEIL FOSSILE ENERGIETRÄGER AM ENERGIEEINSATZ — KNAPP ZWEI DRITTEL (ÖSTERREICH, 2023) is a metric that reports the share of fossil energy or fossil fuels used in Austria's total energy consumption in 2023.",20.0,3,"['50e06bf07ca2ce3a4e0dc0520305a36334e339dc022e32de2a78b62769102078202b01514330a1c4939e30fdb8f4d3884f790c7814b2e95e9bdb0894b3323a4e'
 '50e06bf07ca2ce3a4e0dc0520305a36334e339dc022e32de2a78b62769102078202b01514330a1c4939e30fdb8f4d3884f790c7814b2e95e9bdb0894b3323a4e']"
154ec2e8-2dc9-4b1e-b61a-a727fa8a3dee,80,ÖSTERREICH,"ANTEIL FOSSILE ENERGIETRÄGER AM ENERGIEEINSATZ — KNAPP ZWEI DRITTEL (ÖSTERREICH, 2023)",[RELATION_TYPE=MEASURED_BY] [MODALITY=EXPLICIT_FACT] Austria's energy use is measured by the share of fossil energy carriers in 2023.,10.0,54,['50e06bf07ca2ce3a4e0dc0520305a36334e339dc022e32de2a78b62769102078202b01514330a1c4939e30fdb8f4d3884f790c7814b2e95e9bdb0894b3323a4e']
97a9d011-b4e0-43fe-bdfe-51706ae4a75c,81,PHOTOVOLTAIK,"PV-GENERIERTE ENERGIE — 6,3 TWH (ÖSTERREICH, 2023)",[RELATION_TYPE=MEASURED_BY] [MODALITY=EXPLICIT_FACT] The amount of energy generated by photovoltaics in Austria in 2023 is measured at 6.3 TWh.,10.0,87,['50e06bf07ca2ce3a4e0dc0520305a36334e339dc022e32de2a78b62769102078202b01514330a1c4939e30fdb8f4d3884f790c7814b2e95e9bdb0894b3323a4e']
8f9e0851-6cd8-4081-8f56-0507dc450fae,82,ÖSTERREICH,"PV-GENERIERTE ENERGIE — 6,3 TWH (ÖSTERREICH, 2023)",[RELATION_TYPE=MEASURED_BY] [MODALITY=EXPLICIT_FACT] Austria's photovoltaic energy generation in 2023 is measured by this metric.,10.0,54,['50e06bf07ca2ce3a4e0dc0520305a36334e339dc022e32de2a78b62769102078202b01514330a1c4939e30fdb8f4d3884f790c7814b2e95e9bdb0894b3323a4e']
d398d247-4d72-4970-8500-9aebfa70ae39,83,ÖSTERREICHISCHE PHOTOVOLTAIK-STRATEGIE,INTEGRIERTER ÖSTERREICHISCHER NETZINFRASTRUKTURPLAN (NIP),[RELATION_TYPE=ASSOCIATED_WITH] [MODALITY=EXPLICIT_FACT] The Photovoltaic Strategy bases its figures and scenarios on potentials from the Integrated Austrian Network Infrastructure Plan.,9.0,53,['50e06bf07ca2ce3a4e0dc0520305a36334e339dc022e32de2a78b62769102078202b01514330a1c4939e30fdb8f4d3884f790c7814b2e95e9bdb0894b3323a4e']
8795413e-10c7-40f6-b9a2-bd41d5210fad,84,ÖSTERREICHISCHE PHOTOVOLTAIK-STRATEGIE,"ANTEIL PHOTOVOLTAIK AN STROMVERSORGUNG — 30 % (ÖSTERREICH, 2040)",[RELATION_TYPE=SETS_TARGET] [MODALITY=SCENARIO] [STATUS=SCENARIO] The strategy defines as a scenario that by 2040 PV's share of Austria's electricity supply will be about 30%.,10.0,47,['50e06bf07ca2ce3a4e0dc0520305a36334e339dc022e32de2a78b62769102078202b01514330a1c4939e30fdb8f4d3884f790c7814b2e95e9bdb0894b3323a4e']
fcc6e5fb-a095-4379-9be0-168a5de48caa,85,ÖSTERREICHISCHE PHOTOVOLTAIK-STRATEGIE,"ANTEIL PHOTOVOLTAIK AN GESAMTER ENERGIEVERSORGUNG — 20 % (ÖSTERREICH, 2040)","[RELATION_TYPE=SETS_TARGET] [MODALITY=SCENARIO] [STATUS=SCENARIO] The strategy foresees that by 2040, PV may supply 20% of Austria's total energy.",10.0,47,['50e06bf07ca2ce3a4e0dc0520305a36334e339dc022e32de2a78b62769102078202b01514330a1c4939e30fdb8f4d3884f790c7814b2e95e9bdb0894b3323a4e']
82bc1a8d-560d-4647-ba13-0e54f86c6644,86,PHOTOVOLTAIK,"ANTEIL PHOTOVOLTAIK AN STROMVERSORGUNG — 30 % (ÖSTERREICH, 2040)","[RELATION_TYPE=CONTRIBUTES_TO] [MODALITY=EXPLICIT_FACT] PV is described as a fundamental pillar for Austria's electricity supply in 2040, reaching about 30%.",10.0,87,['50e06bf07ca2ce3a4e0dc0520305a36334e339dc022e32de2a78b62769102078202b01514330a1c4939e30fdb8f4d3884f790c7814b2e95e9bdb0894b3323a4e']
af2f03fa-b89e-4f35-8470-abe9a7e346ec,87,PHOTOVOLTAIK,"ANTEIL PHOTOVOLTAIK AN GESAMTER ENERGIEVERSORGUNG — 20 % (ÖSTERREICH, 2040)",[RELATION_TYPE=CONTRIBUTES_TO] [MODALITY=SCENARIO] PV expansion is identified as enabling 20% of total energy supply if the energy system is sufficiently electrified.,9.0,87,['50e06bf07ca2ce3a4e0dc0520305a36334e339dc022e32de2a78b62769102078202b01514330a1c4939e30fdb8f4d3884f790c7814b2e95e9bdb0894b3323a4e']
0b5d8c78-7100-49b7-86c1-e1923eeb9cec,88,GESCHWINDIGKEIT UND METHODIK DES PV-AUSBAUS,PHOTOVOLTAIK,[RELATION_TYPE=CONSTRAINS] [MODALITY=EXPLICIT_FACT] The speed and methodology of PV expansion are essential criteria for achieving success in the energy transition.,9.0,87,['50e06bf07ca2ce3a4e0dc0520305a36334e339dc022e32de2a78b62769102078202b01514330a1c4939e30fdb8f4d3884f790c7814b2e95e9bdb0894b3323a4e']
0597d390-11c7-4660-8848-54396a842cb8,89,PV-ANLAGEN,GEBÄUDE,[RELATION_TYPE=LOCATED_IN] [MODALITY=EXPLICIT_FACT] PV installations are stated to have become standard on buildings and other infrastructure by 2040.,9.0,9,['50e06bf07ca2ce3a4e0dc0520305a36334e339dc022e32de2a78b62769102078202b01514330a1c4939e30fdb8f4d3884f790c7814b2e95e9bdb0894b3323a4e']
dae3875b-a81f-482c-a3cf-aaa47e5c6e00,90,PV-ANLAGEN,"STROMERZEUGUNGSFUNKTION ALLER NEUEN UND GRUNDSANIERTEN GEBÄUDE (ÖSTERREICH, 2040)",[RELATION_TYPE=CONTRIBUTES_TO] [MODALITY=SCENARIO] The scenario foresees PV installations enabling all new and renovated buildings to have electricity-generation functions by 2040.,9.0,7,['50e06bf07ca2ce3a4e0dc0520305a36334e339dc022e32de2a78b62769102078202b01514330a1c4939e30fdb8f4d3884f790c7814b2e95e9bdb0894b3323a4e']
4510eb5b-64b0-485c-8ae1-76bc49b549dc,91,ÖSTERREICH,"STROMERZEUGUNGSFUNKTION ALLER NEUEN UND GRUNDSANIERTEN GEBÄUDE (ÖSTERREICH, 2040)","[RELATION_TYPE=HAS_TARGET] [MODALITY=SCENARIO] By 2040, all new/fundamentally renovated buildings in Austria are foreseen to provide electricity-generating capability.",9.0,54,['50e06bf07ca2ce3a4e0dc0520305a36334e339dc022e32de2a78b62769102078202b01514330a1c4939e30fdb8f4d3884f790c7814b2e95e9bdb0894b3323a4e']
85084e2d-2ec2-4c56-8acc-0f97d566b8dc,92,ÖSTERREICHISCHE PHOTOVOLTAIK-STRATEGIE,ENERGIEVERBRAUCHSREDUKTION,[RELATION_TYPE=SETS_TARGET] [MODALITY=PLANNED_ACTION] The strategy includes as a planned step a greater reduction in energy consumption via more efficiency.,8.0,47,['50e06bf07ca2ce3a4e0dc0520305a36334e339dc022e32de2a78b62769102078202b01514330a1c4939e30fdb8f4d3884f790c7814b2e95e9bdb0894b3323a4e']
690b8dd8-bac5-47e8-b2bb-0bd0aeb725d6,93,ÖSTERREICHISCHE PHOTOVOLTAIK-STRATEGIE,TREIBHAUSGASREDUKTION BIS 2030,[RELATION_TYPE=SETS_TARGET] [MODALITY=PLANNED_ACTION] The strategy includes accelerated GHG reduction by 2030 as a planned step.,8.0,46,['50e06bf07ca2ce3a4e0dc0520305a36334e339dc022e32de2a78b62769102078202b01514330a1c4939e30fdb8f4d3884f790c7814b2e95e9bdb0894b3323a4e']
61ff7412-ef0c-459c-8561-3465c23250c6,94,ÖSTERREICHISCHE PHOTOVOLTAIK-STRATEGIE,ENERGIEVERSORGUNGSSICHERHEIT,[RELATION_TYPE=SETS_TARGET] [MODALITY=PLANNED_ACTION] The strategy lists improved security of energy supply as a planned target.,7.0,46,['50e06bf07ca2ce3a4e0dc0520305a36334e339dc022e32de2a78b62769102078202b01514330a1c4939e30fdb8f4d3884f790c7814b2e95e9bdb0894b3323a4e']
2eff3c41-4882-4311-a02e-c70d17c074d6,95,ÖSTERREICHISCHE PHOTOVOLTAIK-STRATEGIE,RESILIENZ UND ZUVERLÄSSIGKEIT DES ENERGIESYSTEMS,[RELATION_TYPE=SETS_TARGET] [MODALITY=PLANNED_ACTION] The strategy includes improved resilience and reliability of the energy system as a planned action.,7.0,46,['50e06bf07ca2ce3a4e0dc0520305a36334e339dc022e32de2a78b62769102078202b01514330a1c4939e30fdb8f4d3884f790c7814b2e95e9bdb0894b3323a4e']
42d6dbd5-6191-4356-8174-550fd56a096e,96,ÖSTERREICHISCHE PHOTOVOLTAIK-STRATEGIE,GESCHWINDIGKEIT UND METHODIK DES PV-AUSBAUS,[RELATION_TYPE=ALIAS_OF] [MODALITY=EXPLICIT_FACT] The strategy highlights the speed and methodology of PV expansion as key criteria for energy transition success.,7.0,47,['50e06bf07ca2ce3a4e0dc0520305a36334e339dc022e32de2a78b62769102078202b01514330a1c4939e30fdb8f4d3884f790c7814b2e95e9bdb0894b3323a4e']
86a46510-785c-41f3-b259-40abea297aad,97,EUROPÄISCHES FORSCHUNGSRAHMENPROGRAMM,ÖSTERREICHISCHE PHOTOVOLTAIK-STRATEGIE,[RELATION_TYPE=ASSOCIATED_WITH] [MODALITY=RECOMMENDATION] The strategy recommends orientation towards the European Research Framework Programme to strengthen Austria's and Europe's economic competitiveness.,6.0,46,['50e06bf07ca2ce3a4e0dc0520305a36334e339dc022e32de2a78b62769102078202b01514330a1c4939e30fdb8f4d3884f790c7814b2e95e9bdb0894b3323a4e']
d9264181-77ac-4664-ab2d-3d547202a49d,98,INDUSTRIE,REGIONEN,"[RELATION_TYPE=ASSOCIATED_WITH] [MODALITY=EXPLICIT_FACT] Investments in climate protection lead to new business fields and sustainable jobs, thereby strengthening regions.",8.0,2,['50e06bf07ca2ce3a4e0dc0520305a36334e339dc022e32de2a78b62769102078202b01514330a1c4939e30fdb8f4d3884f790c7814b2e95e9bdb0894b3323a4e']
0c056738-3cd8-4f01-a653-6b03535829c6,99,ENERGIESOUVERÄNITÄT DURCH ERNEUERBARE ENERGIEQUELLEN,ÖSTERREICH,"[RELATION_TYPE=HAS_TARGET] [MODALITY=SCENARIO] By 2040, Austria is described as nearly energy-sovereign through renewables including solar, hydropower, wind, bioenergy, and green hydrogen.",8.0,53,['50e06bf07ca2ce3a4e0dc0520305a36334e339dc022e32de2a78b62769102078202b01514330a1c4939e30fdb8f4d3884f790c7814b2e95e9bdb0894b3323a4e']
633ce2a2-8388-435a-9115-2f4e3a5ccf75,100,ENERGIEEFFIZIENZ,ENERGIEVERBRAUCHSREDUKTION,[RELATION_TYPE=CONTRIBUTES_TO] [MODALITY=EXPLICIT_FACT] Greater energy efficiency contributes to the planned stronger reduction in energy consumption.,8.0,3,['50e06bf07ca2ce3a4e0dc0520305a36334e339dc022e32de2a78b62769102078202b01514330a1c4939e30fdb8f4d3884f790c7814b2e95e9bdb0894b3323a4e']
555a2e16-eebd-4588-91e5-6299484b3d17,101,TREIBHAUSGASREDUKTION (ALLGEMEIN),ÖSTERREICHISCHE PHOTOVOLTAIK-STRATEGIE,[RELATION_TYPE=SETS_TARGET] [MODALITY=PLANNED_ACTION] The strategy adds focus on reducing non-CO2 GHGs and on carbon storage.,7.0,46,['50e06bf07ca2ce3a4e0dc0520305a36334e339dc022e32de2a78b62769102078202b01514330a1c4939e30fdb8f4d3884f790c7814b2e95e9bdb0894b3323a4e']
1b2799c1-ce1c-4ce5-bb1b-3836ef13eefa,102,WISSENSCHAFT,ÖSTERREICHISCHE PHOTOVOLTAIK-STRATEGIE,[RELATION_TYPE=RESPONSIBLE_FOR] [MODALITY=EXPLICIT_FACT] The science community (research) is named as one of the required actors for implementing the PV strategy.,8.0,47,['50e06bf07ca2ce3a4e0dc0520305a36334e339dc022e32de2a78b62769102078202b01514330a1c4939e30fdb8f4d3884f790c7814b2e95e9bdb0894b3323a4e']
6a73c4a1-286a-465d-a175-b5a02cd63687,103,WIRTSCHAFT,ÖSTERREICHISCHE PHOTOVOLTAIK-STRATEGIE,[RELATION_TYPE=RESPONSIBLE_FOR] [MODALITY=EXPLICIT_FACT] The business sector is listed as an essential group for implementation.,8.0,48,['50e06bf07ca2ce3a4e0dc0520305a36334e339dc022e32de2a78b62769102078202b01514330a1c4939e30fdb8f4d3884f790c7814b2e95e9bdb0894b3323a4e']
128a2386-60ca-4f35-9a5e-ff3daa16379c,104,NETZBETREIBER,ÖSTERREICHISCHE PHOTOVOLTAIK-STRATEGIE,[RELATION_TYPE=RESPONSIBLE_FOR] [MODALITY=EXPLICIT_FACT] Grid operators are referenced as required for the successful implementation of PV expansion.,8.0,47,['50e06bf07ca2ce3a4e0dc0520305a36334e339dc022e32de2a78b62769102078202b01514330a1c4939e30fdb8f4d3884f790c7814b2e95e9bdb0894b3323a4e']
cbe63ac0-2b0e-4c41-86df-0f30d5422761,105,ELEKTROTECHNISCHE NORMUNGSORGANISATION,ÖSTERREICHISCHE PHOTOVOLTAIK-STRATEGIE,[RELATION_TYPE=RESPONSIBLE_FOR] [MODALITY=EXPLICIT_FACT] The standards organization is referenced as necessary for implementation.,8.0,46,['50e06bf07ca2ce3a4e0dc0520305a36334e339dc022e32de2a78b62769102078202b01514330a1c4939e30fdb8f4d3884f790c7814b2e95e9bdb0894b3323a4e']
6b29719e-e806-4ad2-962d-9c2387a3f95f,106,INTERESSENSVERTRETUNGEN,ÖSTERREICHISCHE PHOTOVOLTAIK-STRATEGIE,[RELATION_TYPE=RESPONSIBLE_FOR] [MODALITY=EXPLICIT_FACT] Associations/interest groups are referenced as required actors.,8.0,46,['50e06bf07ca2ce3a4e0dc0520305a36334e339dc022e32de2a78b62769102078202b01514330a1c4939e30fdb8f4d3884f790c7814b2e95e9bdb0894b3323a4e']
7ddc1ad9-7681-4eaa-90fb-1c3eec520360,107,E-CONTROL,ÖSTERREICHISCHE PHOTOVOLTAIK-STRATEGIE,[RELATION_TYPE=RESPONSIBLE_FOR] [MODALITY=EXPLICIT_FACT] E-Control is named as an actor in implementation.,1.0,53,['50e06bf07ca2ce3a4e0dc0520305a36334e339dc022e32de2a78b62769102078202b01514330a1c4939e30fdb8f4d3884f790c7814b2e95e9bdb0894b3323a4e']
bddeae53-8ed1-4914-8c6f-d96af227320b,108,LAND,ÖSTERREICHISCHE PHOTOVOLTAIK-STRATEGIE,[RELATION_TYPE=RESPONSIBLE_FOR] [MODALITY=EXPLICIT_FACT] The federal states are named as actors engaged in implementing the PV expansion strategy.,8.0,47,['50e06bf07ca2ce3a4e0dc0520305a36334e339dc022e32de2a78b62769102078202b01514330a1c4939e30fdb8f4d3884f790c7814b2e95e9bdb0894b3323a4e']
e1b01535-25fc-47bd-a8d0-4c316b406f0d,109,GEMEINDE,ÖSTERREICHISCHE PHOTOVOLTAIK-STRATEGIE,[RELATION_TYPE=RESPONSIBLE_FOR] [MODALITY=EXPLICIT_FACT] Municipalities are mentioned as actors necessary for implementing the PV expansion strategy.,1.0,48,['50e06bf07ca2ce3a4e0dc0520305a36334e339dc022e32de2a78b62769102078202b01514330a1c4939e30fdb8f4d3884f790c7814b2e95e9bdb0894b3323a4e']
f4f26739-0b7e-47d3-8f48-a25c3e2f723f,110,BUNDESLÄNDER,BUNDESLÄNDER SETZEN AMBITIONIERTE AUSBAUZIELE UND SETZEN DIESE UM,[RELATION_TYPE=HAS_TARGET] [MODALITY=EXPLICIT_FACT] Austrian federal states are described as setting and implementing ambitious PV expansion targets.,10.0,6,['e498566a78d36b3ce13304157993b9b4269045840f1d63663ab07328cc5c6a9ebc15f47c9ae340cbebf706bc8faebd35ccc4f11ae0aa4cb9a223345224329757']
8a1a66e5-e80d-4894-9338-7f2a4aedc88e,111,ÖSTERREICH,ARBEITSPLÄTZE IN DER PV-BRANCHE — 60.000 (ÖSTERREICH),"[RELATION_TYPE=MEASURED_BY] [MODALITY=EXPLICIT_FACT] There are around 60,000 jobs in Austria's photovoltaic sector.",10.0,54,['e498566a78d36b3ce13304157993b9b4269045840f1d63663ab07328cc5c6a9ebc15f47c9ae340cbebf706bc8faebd35ccc4f11ae0aa4cb9a223345224329757']
91dc10a5-0881-4c20-8874-186ef75884dc,112,PV-BRANCHE,ARBEITSPLÄTZE IN DER PV-BRANCHE — 60.000 (ÖSTERREICH),[RELATION_TYPE=MEASURED_BY] [MODALITY=EXPLICIT_FACT] The metric quantifies employment in Austria's PV industry.,10.0,4,['e498566a78d36b3ce13304157993b9b4269045840f1d63663ab07328cc5c6a9ebc15f47c9ae340cbebf706bc8faebd35ccc4f11ae0aa4cb9a223345224329757']
18a17bde-09ed-477a-9b00-5e2430440b49,113,BIODIVERSITÄTS-SOLARPARK,KOSTENGÜNSTIGER STROM AUS FREIFLÄCHEN-BIODIVERSITÄTSANLAGEN UND AGRI-PV-ANLAGEN,[RELATION_TYPE=MEASURED_BY] [MODALITY=EXPLICIT_FACT] Biodiversity solar parks are described as among the lowest-cost sources of electricity in Austria.,10.0,5,['e498566a78d36b3ce13304157993b9b4269045840f1d63663ab07328cc5c6a9ebc15f47c9ae340cbebf706bc8faebd35ccc4f11ae0aa4cb9a223345224329757']
988286cb-ad28-4341-9a8a-ebfb9b76ac7c,114,AGRI-PV-ANLAGE,KOSTENGÜNSTIGER STROM AUS FREIFLÄCHEN-BIODIVERSITÄTSANLAGEN UND AGRI-PV-ANLAGEN,[RELATION_TYPE=MEASURED_BY] [MODALITY=EXPLICIT_FACT] Electricity from Agri-PV systems is considered among the most affordable generation types.,10.0,9,['e498566a78d36b3ce13304157993b9b4269045840f1d63663ab07328cc5c6a9ebc15f47c9ae340cbebf706bc8faebd35ccc4f11ae0aa4cb9a223345224329757']
3f542105-1c88-4563-b702-ad60c5018963,115,DACHFLÄCHEN (GEBÄUDE),PV-ANLAGE,[RELATION_TYPE=SUPPORTS] [MODALITY=EXPLICIT_FACT] Rooftop areas provide the standard built environment for PV installations in buildings.,9.0,27,['e498566a78d36b3ce13304157993b9b4269045840f1d63663ab07328cc5c6a9ebc15f47c9ae340cbebf706bc8faebd35ccc4f11ae0aa4cb9a223345224329757']
662e18b4-cb8c-42f2-be29-fe0020c67692,116,PARKPLÄTZE UND BAULICHE ANLAGEN,PV-ANLAGE,[RELATION_TYPE=SUPPORTS] [MODALITY=EXPLICIT_FACT] Car parks and similar built infrastructure are used as standard for PV installations.,9.0,27,['e498566a78d36b3ce13304157993b9b4269045840f1d63663ab07328cc5c6a9ebc15f47c9ae340cbebf706bc8faebd35ccc4f11ae0aa4cb9a223345224329757']
300b33ac-7178-4308-8cfc-fd8484808c71,117,BAUWERKINTEGRIERTE ARCHITEKTONISCH ANGEPASSTE PHOTOVOLTAIK,PV-ANLAGE,"BAUWERKINTEGRIERTE ARCHITEKTONISCH ANGEPASSTE PHOTOVOLTAIK, also referred to as building-integrated, architecturally adapted photovoltaic (PV), is a specific form or implementation of PV-ANLAGE (PV system) that is a standard use in building applications.",18.0,27,"['e498566a78d36b3ce13304157993b9b4269045840f1d63663ab07328cc5c6a9ebc15f47c9ae340cbebf706bc8faebd35ccc4f11ae0aa4cb9a223345224329757'
 'e498566a78d36b3ce13304157993b9b4269045840f1d63663ab07328cc5c6a9ebc15f47c9ae340cbebf706bc8faebd35ccc4f11ae0aa4cb9a223345224329757']"
530e5569-3f8d-421c-833c-3a87f5e234bf,118,SPEZIALMODUL,PV-ANLAGE,[RELATION_TYPE=PART_OF] [MODALITY=EXPLICIT_FACT] Special modules are used specifically in PV systems for buildings with protection or design requirements.,9.0,27,['e498566a78d36b3ce13304157993b9b4269045840f1d63663ab07328cc5c6a9ebc15f47c9ae340cbebf706bc8faebd35ccc4f11ae0aa4cb9a223345224329757']
d64b6003-1fab-4d48-b6e6-de2f7726affd,119,MOBILE UND STATIONÄRE SPEICHER,PV-ANLAGE,[RELATION_TYPE=PART_OF] [MODALITY=EXPLICIT_FACT] Storage units are integrated as standard components in PV installations.,10.0,28,['e498566a78d36b3ce13304157993b9b4269045840f1d63663ab07328cc5c6a9ebc15f47c9ae340cbebf706bc8faebd35ccc4f11ae0aa4cb9a223345224329757']
154daf40-b60a-4ff8-948c-f645f35f510f,120,ENERGIEMANAGEMENTSYSTEM,PV-ANLAGE,[RELATION_TYPE=PART_OF] [MODALITY=EXPLICIT_FACT] Energy-management systems are integrated into nearly every PV installation.,10.0,28,['e498566a78d36b3ce13304157993b9b4269045840f1d63663ab07328cc5c6a9ebc15f47c9ae340cbebf706bc8faebd35ccc4f11ae0aa4cb9a223345224329757']
5b3d139c-8b85-4b97-aa45-d36e323f6595,121,KREISLAUFWIRTSCHAFT,HOHE PRODUKTQUALITÄT PV-SYSTEME,"[RELATION_TYPE=SUPPORTS] [MODALITY=EXPLICIT_FACT] The circular-economy scheme guarantees sustainable, high-quality, and durable PV system products.",9.0,7,['e498566a78d36b3ce13304157993b9b4269045840f1d63663ab07328cc5c6a9ebc15f47c9ae340cbebf706bc8faebd35ccc4f11ae0aa4cb9a223345224329757']
4d5b02f4-66dd-40be-94e0-54e7f107b382,122,STARKER PATENTSCHUTZ FÜR PV-PRODUKTION,PRODUKTIONSSTÄTTEN FÜR INNOVATIVE PV-KOMPONENTEN,[RELATION_TYPE=SUPPORTS] [MODALITY=EXPLICIT_FACT] Strong patent protection secures PV component production at Austrian production sites.,8.0,5,['e498566a78d36b3ce13304157993b9b4269045840f1d63663ab07328cc5c6a9ebc15f47c9ae340cbebf706bc8faebd35ccc4f11ae0aa4cb9a223345224329757']
cc97124f-a4c8-49f8-979f-595edaffe36d,123,ÖSTERREICHISCHE UNTERNEHMEN,PRODUKTIONSSTÄTTEN FÜR INNOVATIVE PV-KOMPONENTEN,[RELATION_TYPE=RESPONSIBLE_FOR] [MODALITY=EXPLICIT_FACT] Austrian companies host and operate innovative PV production sites.,8.0,9,['e498566a78d36b3ce13304157993b9b4269045840f1d63663ab07328cc5c6a9ebc15f47c9ae340cbebf706bc8faebd35ccc4f11ae0aa4cb9a223345224329757']
04b77703-1f2b-4e7c-8d18-deaa16ecd8d4,124,GEWERBETRIEBE UND FACHKRÄFTEKAPAZITÄTEN,PRODUKTIONSSTÄTTEN FÜR INNOVATIVE PV-KOMPONENTEN,[RELATION_TYPE=SUPPORTS] [MODALITY=EXPLICIT_FACT] Qualified crafts and professional capacities are available to staff and support innovative PV production sites.,8.0,5,['e498566a78d36b3ce13304157993b9b4269045840f1d63663ab07328cc5c6a9ebc15f47c9ae340cbebf706bc8faebd35ccc4f11ae0aa4cb9a223345224329757']
da1ba680-c5a4-42f0-a546-cdf8bc87c2ac,125,ÖSTERREICHISCHE UNTERNEHMEN,PV-ANLAGE,[RELATION_TYPE=CONTRIBUTES_TO] [MODALITY=EXPLICIT_FACT] Austrian companies are technological leaders in PV value-chain fields.,8.0,31,['e498566a78d36b3ce13304157993b9b4269045840f1d63663ab07328cc5c6a9ebc15f47c9ae340cbebf706bc8faebd35ccc4f11ae0aa4cb9a223345224329757']
46738e5e-13ad-460a-b118-ff13f2b937bd,126,EUROPÄISCHE SOLARINDUSTRIE,PV-ANLAGE,[RELATION_TYPE=ASSOCIATED_WITH] [MODALITY=EXPLICIT_FACT] The European solar industry participates in international competition and production alongside Austria in the PV sector.,7.0,27,['e498566a78d36b3ce13304157993b9b4269045840f1d63663ab07328cc5c6a9ebc15f47c9ae340cbebf706bc8faebd35ccc4f11ae0aa4cb9a223345224329757']
bfaf1bb7-604c-4749-a40e-a8cb3c8fd7f0,127,INVESTITIONSBARRIERE,PV-ANLAGE,"[RELATION_TYPE=CONSTRAINS] [MODALITY=EXPLICIT_FACT] [STATUS=REMOVED] Tax and regulatory investment barriers were obstacles to PV installation, but these have been described as removed.",10.0,27,['e498566a78d36b3ce13304157993b9b4269045840f1d63663ab07328cc5c6a9ebc15f47c9ae340cbebf706bc8faebd35ccc4f11ae0aa4cb9a223345224329757']
fec64653-f707-4dd3-a1d4-09bc4ab66712,128,GENEHMIGUNGSVER­­EINFACHUNGEN UND -FREISTELLUNGEN,PV-ANLAGE,[RELATION_TYPE=SUPPORTS] [MODALITY=EXPLICIT_FACT] Simplified and exempted approval procedures minimize administrative PV hurdles.,10.0,28,['e498566a78d36b3ce13304157993b9b4269045840f1d63663ab07328cc5c6a9ebc15f47c9ae340cbebf706bc8faebd35ccc4f11ae0aa4cb9a223345224329757']
dacf7834-de80-4e3e-9b07-e6679eba5b35,129,PV-ANLAGE,STROMNETZ,[RELATION_TYPE=SUPPORTS] [MODALITY=EXPLICIT_FACT] High shares of PV generation are integrated into the grid thanks to digitalization and data exchange.,9.0,34,['e498566a78d36b3ce13304157993b9b4269045840f1d63663ab07328cc5c6a9ebc15f47c9ae340cbebf706bc8faebd35ccc4f11ae0aa4cb9a223345224329757']
42047498-9b54-4c51-9c34-e721a452294e,130,DIGITALISIERUNG,STROMNETZ,"[RELATION_TYPE=SUPPORTS] [MODALITY=EXPLICIT_FACT] Digitalization enables reliable, practical data exchange and thus grid integration of PV generation.",9.0,9,['e498566a78d36b3ce13304157993b9b4269045840f1d63663ab07328cc5c6a9ebc15f47c9ae340cbebf706bc8faebd35ccc4f11ae0aa4cb9a223345224329757']
f10021ea-88a5-44df-a105-a5017becc9de,131,PV-STROMERZEUGUNG,WASSERSTOFF,[RELATION_TYPE=CONTRIBUTES_TO] [MODALITY=EXPLICIT_FACT] PV electricity surpluses are converted into hydrogen.,9.0,4,['e498566a78d36b3ce13304157993b9b4269045840f1d63663ab07328cc5c6a9ebc15f47c9ae340cbebf706bc8faebd35ccc4f11ae0aa4cb9a223345224329757']
50a40d9e-4e40-4582-a4b4-7ed870ae54b5,132,FLEXIBLE VERBRAUCHER:INNEN,PV-STROMERZEUGUNG,[RELATION_TYPE=SUPPORTS] [MODALITY=EXPLICIT_FACT] Flexible consumers help to use generated PV electricity in a time-optimized way.,8.0,4,['e498566a78d36b3ce13304157993b9b4269045840f1d63663ab07328cc5c6a9ebc15f47c9ae340cbebf706bc8faebd35ccc4f11ae0aa4cb9a223345224329757']
a22655e0-5545-4ab0-90f7-1b1bcc82f801,133,BUNDESLÄNDER,GENEHMIGUNGSVER­­EINFACHUNGEN UND -FREISTELLUNGEN,[RELATION_TYPE=SUPPORTS] [MODALITY=EXPLICIT_FACT] Federal states reduce administrative hurdles for PV deployment through simplification or exemptions.,8.0,7,['e498566a78d36b3ce13304157993b9b4269045840f1d63663ab07328cc5c6a9ebc15f47c9ae340cbebf706bc8faebd35ccc4f11ae0aa4cb9a223345224329757']
e129e112-2681-40de-9757-e34eb27d8a02,134,BEVÖLKERUNG,PV-ANLAGE,"[RELATION_TYPE=SUPPORTS] [MODALITY=EXPLICIT_FACT] Acceptance among the population is increased by the dual use of rooftops, parking lots, and similar facilities for PV generation.",8.0,34,['e498566a78d36b3ce13304157993b9b4269045840f1d63663ab07328cc5c6a9ebc15f47c9ae340cbebf706bc8faebd35ccc4f11ae0aa4cb9a223345224329757']
9c89e435-642f-4be2-9353-ede921a44785,135,BIODIVERSITÄTS-SOLARPARK,BEVÖLKERUNG,"[RELATION_TYPE=SUPPORTS] [MODALITY=EXPLICIT_FACT] Biodiversity solar parks create valuable habitats, contributing to public acceptance and restoration of semi-natural states.",8.0,11,['e498566a78d36b3ce13304157993b9b4269045840f1d63663ab07328cc5c6a9ebc15f47c9ae340cbebf706bc8faebd35ccc4f11ae0aa4cb9a223345224329757']
e1e2e142-2dd0-40b8-95ae-57cfde04808a,136,AGRI-PV-ANLAGE,LANDWIRT:INNEN,"[RELATION_TYPE=SUPPORTS] [MODALITY=EXPLICIT_FACT] Agri-PV installations are synergistically operated with agriculture, enabling predominant farming activity on the same land.",9.0,8,['e498566a78d36b3ce13304157993b9b4269045840f1d63663ab07328cc5c6a9ebc15f47c9ae340cbebf706bc8faebd35ccc4f11ae0aa4cb9a223345224329757']
2af10e2f-537e-4838-9c94-06b9508cfc01,137,NETZANSCHLUSSVERFAHREN,PV-ANLAGE,"[RELATION_TYPE=SUPPORTS] [MODALITY=EXPLICIT_FACT] The grid-connection process for PV systems is described as simple, fast, non-bureaucratic, transparent, standardized, and digitalized for all grid operators.",10.0,27,['e498566a78d36b3ce13304157993b9b4269045840f1d63663ab07328cc5c6a9ebc15f47c9ae340cbebf706bc8faebd35ccc4f11ae0aa4cb9a223345224329757']
e1f703f6-120f-491c-ba74-a247e34e2fa7,138,HOHE PRODUKTQUALITÄT PV-SYSTEME,PV-ANLAGE,"[RELATION_TYPE=ASSOCIATED_WITH] [MODALITY=EXPLICIT_FACT] High product quality, longevity, and circular economy criteria are met by PV systems.",9.0,29,['e498566a78d36b3ce13304157993b9b4269045840f1d63663ab07328cc5c6a9ebc15f47c9ae340cbebf706bc8faebd35ccc4f11ae0aa4cb9a223345224329757']
8d902afa-80bb-4e46-8dde-5d131102c14b,139,KREISLAUFWIRTSCHAFT,PV-ANLAGE,[RELATION_TYPE=SUPPORTS] [MODALITY=EXPLICIT_FACT] The circular-economy approach is applied throughout the PV value chain.,8.0,30,['e498566a78d36b3ce13304157993b9b4269045840f1d63663ab07328cc5c6a9ebc15f47c9ae340cbebf706bc8faebd35ccc4f11ae0aa4cb9a223345224329757']
fb84b953-8c63-4e1e-866a-85caefce5225,140,BIODIVERSITÄTS-SOLARPARK,KREISLAUFWIRTSCHAFT,"[RELATION_TYPE=SUPPORTS] [MODALITY=EXPLICIT_FACT] Biodiversity solar parks contribute to the restoration of near-natural conditions, consistent with circular-economy criteria.",7.0,7,['e498566a78d36b3ce13304157993b9b4269045840f1d63663ab07328cc5c6a9ebc15f47c9ae340cbebf706bc8faebd35ccc4f11ae0aa4cb9a223345224329757']
7797ac22-a137-4808-bfd7-0e9ad70cd04d,141,PRIORITÄT FÜR DEN EIGENVERBRAUCH AUS PV-ANLAGEN ODER GEMEINSCHAFTSANLAGEN,PRIVATE UND UNTERNEHMERISCHE EINZELANLAGENBETREIBENDE,"[RELATION_TYPE=SUPPORTS] [MODALITY=EXPLICIT_FACT] Maximizing self-supply from one's own PV or community plant is the standard among private, commercial, and community plant operators.",8.0,5,['e498566a78d36b3ce13304157993b9b4269045840f1d63663ab07328cc5c6a9ebc15f47c9ae340cbebf706bc8faebd35ccc4f11ae0aa4cb9a223345224329757']
9a407f72-4862-4dac-b6b9-e411b2ccea13,142,PRIORITÄT FÜR DEN EIGENVERBRAUCH AUS PV-ANLAGEN ODER GEMEINSCHAFTSANLAGEN,ENERGIEGEMEINSCHAFTEN,[RELATION_TYPE=SUPPORTS] [MODALITY=EXPLICIT_FACT] Self-supply standards are achieved via shared installations and energy communities.,8.0,15,['e498566a78d36b3ce13304157993b9b4269045840f1d63663ab07328cc5c6a9ebc15f47c9ae340cbebf706bc8faebd35ccc4f11ae0aa4cb9a223345224329757']
bd39c496-7ad3-4bab-aec4-00fe4881b175,143,PRIORITÄT FÜR DEN EIGENVERBRAUCH AUS PV-ANLAGEN ODER GEMEINSCHAFTSANLAGEN,ALLE NEUEN UND GRUNDLEGEND SANIERTEN GEBÄUDE HABEN STROMERZEUGUNGSFUNKTION,"[RELATION_TYPE=ASSOCIATED_WITH] [MODALITY=EXPLICIT_FACT] The widespread inclusion of generation in all new or renovated buildings, and the priority of self-supply, are elements of the described scenario.",7.0,6,['e498566a78d36b3ce13304157993b9b4269045840f1d63663ab07328cc5c6a9ebc15f47c9ae340cbebf706bc8faebd35ccc4f11ae0aa4cb9a223345224329757']
cfe24204-c4b3-4cd3-bb71-4e9bb83ab96d,144,KALKULIERBARER UND GERINGFÜGIG INTERNATIONAL ABHÄNGIGER STROMPREIS (ÖSTERREICH),ÖSTERREICH,[RELATION_TYPE=MEASURED_BY] [MODALITY=EXPLICIT_FACT] Austria is described as having predictable and only slightly internationally dependent electricity prices.,1.0,53,['e498566a78d36b3ce13304157993b9b4269045840f1d63663ab07328cc5c6a9ebc15f47c9ae340cbebf706bc8faebd35ccc4f11ae0aa4cb9a223345224329757']
0fdde696-bf8d-42a1-91d6-c11b082770e7,145,GEMEINSCHAFTSANLAGE,ENERGIEGEMEINSCHAFTEN,[RELATION_TYPE=SUPPORTS] [MODALITY=EXPLICIT_FACT] Shared PV installations are infrastructure enabling the operation of energy communities for joint electricity generation and usage.,10.0,13,['e498566a78d36b3ce13304157993b9b4269045840f1d63663ab07328cc5c6a9ebc15f47c9ae340cbebf706bc8faebd35ccc4f11ae0aa4cb9a223345224329757']
4d701f8c-3dfd-44a7-976f-5b5ed8693e49,146,AKTIVER KUNDE,PRIORITÄT FÜR DEN EIGENVERBRAUCH AUS PV-ANLAGEN ODER GEMEINSCHAFTSANLAGEN,[RELATION_TYPE=SUPPORTS] [MODALITY=EXPLICIT_FACT] Active customers are participants who cover individual demand as much as possible from their own PV or shared installations.,9.0,6,['e498566a78d36b3ce13304157993b9b4269045840f1d63663ab07328cc5c6a9ebc15f47c9ae340cbebf706bc8faebd35ccc4f11ae0aa4cb9a223345224329757']
879dceb6-fbdb-49a5-b507-746ae0c3dd98,147,EXZELLENTE WETTERSCHUTZFUNKTION DER GEBÄUDEAUSSENTEILE,ALLE NEUEN UND GRUNDLEGEND SANIERTEN GEBÄUDE HABEN STROMERZEUGUNGSFUNKTION,[RELATION_TYPE=SUPPORTS] [MODALITY=EXPLICIT_FACT] Outer building elements serve as both weather protection and standard electricity generation surfaces in new/renovated buildings.,9.0,3,['e498566a78d36b3ce13304157993b9b4269045840f1d63663ab07328cc5c6a9ebc15f47c9ae340cbebf706bc8faebd35ccc4f11ae0aa4cb9a223345224329757']
748964e3-0f9f-491a-a57e-58d688c138f7,148,VOLKSWIRTSCHAFTLICHES OPTIMUM DER STROMNETZE,STROMNETZ,[RELATION_TYPE=CONSTRAINS] [MODALITY=EXPLICIT_FACT] The economic optimum for power grids imposes a constraint on how PV integration is maximized in system planning.,8.0,9,['e498566a78d36b3ce13304157993b9b4269045840f1d63663ab07328cc5c6a9ebc15f47c9ae340cbebf706bc8faebd35ccc4f11ae0aa4cb9a223345224329757']
8beec70f-f874-48b7-9afc-0a1fc62da8e9,149,STANDARDISIERTE UND DIGITALISIERTE NETZANSCHLUSSVERFAHREN BEI ALLEN NETZBETREIBERN,NETZBETREIBER,[RELATION_TYPE=SUPPORTS] [MODALITY=EXPLICIT_FACT] All grid operators have standardized and digitalized PV grid-connection procedures.,10.0,3,['e498566a78d36b3ce13304157993b9b4269045840f1d63663ab07328cc5c6a9ebc15f47c9ae340cbebf706bc8faebd35ccc4f11ae0aa4cb9a223345224329757']
9f8d8f0d-6d2e-49f8-a85d-285927e57119,150,PV-ANLAGEN IN UNTERSCHIEDLICHER AUSRICHTUNG UND NEIGUNG,STROMNETZ,[RELATION_TYPE=SUPPORTS] [MODALITY=EXPLICIT_FACT] PV systems with various orientations and inclinations perform grid- and system-serving functions.,8.0,9,['e498566a78d36b3ce13304157993b9b4269045840f1d63663ab07328cc5c6a9ebc15f47c9ae340cbebf706bc8faebd35ccc4f11ae0aa4cb9a223345224329757']
8490100b-a076-4be2-8346-67878d8b7710,151,LANGLEBIGE PV-PRODUKTE,HOHE PRODUKTQUALITÄT PV-SYSTEME,[RELATION_TYPE=ASSOCIATED_WITH] [MODALITY=EXPLICIT_FACT] High product quality includes the long-lived characteristic of PV products.,9.0,4,['e498566a78d36b3ce13304157993b9b4269045840f1d63663ab07328cc5c6a9ebc15f47c9ae340cbebf706bc8faebd35ccc4f11ae0aa4cb9a223345224329757']
ce023fe3-d812-4cf1-9233-90a33743c9d7,152,RECYCLINGFÄHIGKEIT PV-PRODUKTE,KREISLAUFWIRTSCHAFT,[RELATION_TYPE=ASSOCIATED_WITH] [MODALITY=EXPLICIT_FACT] Circular economy criteria are fulfilled through recyclability of PV products.,9.0,5,['e498566a78d36b3ce13304157993b9b4269045840f1d63663ab07328cc5c6a9ebc15f47c9ae340cbebf706bc8faebd35ccc4f11ae0aa4cb9a223345224329757']
597671e0-7a37-4c0b-a17b-001abe3e86c1,153,EXPORT VON PV-TECHNOLOGIE UND KOMPONENTEN,ÖSTERREICHISCHE UNTERNEHMEN,[RELATION_TYPE=CONTRIBUTES_TO] [MODALITY=EXPLICIT_FACT] Austrian companies are noted for exporting innovative PV technologies/components globally.,9.0,6,['e498566a78d36b3ce13304157993b9b4269045840f1d63663ab07328cc5c6a9ebc15f47c9ae340cbebf706bc8faebd35ccc4f11ae0aa4cb9a223345224329757']
4815a7ef-aeca-4a4a-8ba0-46caf31f5e03,154,ERZEUGTE PV-STROM FÜR WÄRME UND MOBILITÄT,SEKTORÜBERGREIFENDE NUTZUNG VON PV-STROM,"[RELATION_TYPE=ASSOCIATED_WITH] [MODALITY=EXPLICIT_FACT] The cross-sectoral (heat, mobility) use of PV electricity is a key target in the scenario.",9.0,2,['e498566a78d36b3ce13304157993b9b4269045840f1d63663ab07328cc5c6a9ebc15f47c9ae340cbebf706bc8faebd35ccc4f11ae0aa4cb9a223345224329757']
8b9abc3a-d911-490e-8d39-225e3af33293,155,FLEXIBLE VERBRAUCHER:INNEN,ZEITOPTIMALE NUTZUNG VON PV-STROM,[RELATION_TYPE=RESPONSIBLE_FOR] [MODALITY=EXPLICIT_FACT] Flexible consumers are responsible for the time-optimal use of locally generated PV electricity.,9.0,3,['e498566a78d36b3ce13304157993b9b4269045840f1d63663ab07328cc5c6a9ebc15f47c9ae340cbebf706bc8faebd35ccc4f11ae0aa4cb9a223345224329757']
ed4fcb9e-d0ac-4261-b9c9-12baad35bff1,156,ENERGIEMANAGEMENTSYSTEM,VERHINDERUNG VON EINSPEISE- UND LASTSPITZEN DURCH EMANAGEMENT UND SPEICHER,[RELATION_TYPE=SUPPORTS] [MODALITY=EXPLICIT_FACT] Integrated energy management systems support the prevention of feed-in and load peaks.,10.0,4,['e498566a78d36b3ce13304157993b9b4269045840f1d63663ab07328cc5c6a9ebc15f47c9ae340cbebf706bc8faebd35ccc4f11ae0aa4cb9a223345224329757']
a7063097-b734-444d-b145-f6e6395d3ccd,157,MOBILE UND STATIONÄRE SPEICHER,VERHINDERUNG VON EINSPEISE- UND LASTSPITZEN DURCH EMANAGEMENT UND SPEICHER,[RELATION_TYPE=SUPPORTS] [MODALITY=EXPLICIT_FACT] Integrated storage supports the prevention of PV-related feed-in and load peaks.,10.0,4,['e498566a78d36b3ce13304157993b9b4269045840f1d63663ab07328cc5c6a9ebc15f47c9ae340cbebf706bc8faebd35ccc4f11ae0aa4cb9a223345224329757']
7c4e5916-24d2-4b3e-a3cd-2b31af66173c,158,NEUE PRODUKTIONSPROZESSE UND SKALENEFFEKTE,PRODUKTIONSSTÄTTEN FÜR INNOVATIVE PV-KOMPONENTEN,[RELATION_TYPE=SUPPORTS] [MODALITY=EXPLICIT_FACT] New production processes and economies of scale support cost-effective operation of innovative PV production sites.,1.0,5,['e498566a78d36b3ce13304157993b9b4269045840f1d63663ab07328cc5c6a9ebc15f47c9ae340cbebf706bc8faebd35ccc4f11ae0aa4cb9a223345224329757']
fd636566-f4ab-4530-b25f-ebed9e719324,159,BEWOHNER:INNEN IN MEHRFAMILIENHÄUSERN,GEMEINSCHAFTSANLAGE,[RELATION_TYPE=CONTRIBUTES_TO] [MODALITY=EXPLICIT_FACT] Residents of multi-family buildings can participate in the energy transition through shared PV installations.,9.0,4,['f9e54ba797ff2b80a5f0e5f24e3901236ac4130e4e84d01615e67bc810b290cd5ac7c08f71a782797073050d512eda2695c3659569deba0d4bd5c3ab6195784a']
adbcff05-83f7-4ca8-a708-5ba054848804,160,BEWOHNER:INNEN IN MEHRFAMILIENHÄUSERN,ENERGIEGEMEINSCHAFT,[RELATION_TYPE=CONTRIBUTES_TO] [MODALITY=EXPLICIT_FACT] Residents of multi-family buildings participate in the energy transition as members of energy communities.,9.0,4,['f9e54ba797ff2b80a5f0e5f24e3901236ac4130e4e84d01615e67bc810b290cd5ac7c08f71a782797073050d512eda2695c3659569deba0d4bd5c3ab6195784a']
e8eff8b7-abd5-4a9b-93a1-71b90b8a2fc0,161,AKTIVER KUNDE,ENERGIEGEMEINSCHAFT,"[RELATION_TYPE=ASSOCIATED_WITH] [MODALITY=EXPLICIT_FACT] The status of ""active customer"" is discussed in connection with participation in energy communities.",8.0,4,['f9e54ba797ff2b80a5f0e5f24e3901236ac4130e4e84d01615e67bc810b290cd5ac7c08f71a782797073050d512eda2695c3659569deba0d4bd5c3ab6195784a']
7fb2718e-9c77-4181-a2f5-145b87bbd832,162,BETREIBER:INNEN DER PV-ANLAGEN,DIGITALE MARKTKOMMUNIKATION,[RELATION_TYPE=SUPPORTS] [MODALITY=EXPLICIT_FACT] Digital market communication infrastructure enables PV system operators to participate directly in electricity and flexibility markets.,10.0,3,['f9e54ba797ff2b80a5f0e5f24e3901236ac4130e4e84d01615e67bc810b290cd5ac7c08f71a782797073050d512eda2695c3659569deba0d4bd5c3ab6195784a']
721ebe3d-636c-49e0-81e3-b1327d1dabd7,163,SMARTE ENERGIEMANAGEMENTLÖSUNGEN,HAUSHALT,[RELATION_TYPE=SUPPORTS] [MODALITY=EXPLICIT_FACT] Smart energy management solutions have become standard for optimizing the use of building-produced PV electricity in households.,10.0,5,['f9e54ba797ff2b80a5f0e5f24e3901236ac4130e4e84d01615e67bc810b290cd5ac7c08f71a782797073050d512eda2695c3659569deba0d4bd5c3ab6195784a']
61d7a4ff-91d5-45be-befd-fd0f9169e24f,164,SMARTE ENERGIEMANAGEMENTLÖSUNGEN,UNTERNEHMEN,"[RELATION_TYPE=SUPPORTS] [MODALITY=EXPLICIT_FACT] Smart energy management solutions are used in companies to optimize PV electricity use, with ease of use or full automation becoming standard.",10.0,7,['f9e54ba797ff2b80a5f0e5f24e3901236ac4130e4e84d01615e67bc810b290cd5ac7c08f71a782797073050d512eda2695c3659569deba0d4bd5c3ab6195784a']
54195639-6700-4bc6-8e41-573301569e84,165,ERNEUERBAREN-AUSBAU-GESETZ (EAG),INVESTITIONSZUSCHUSS FÜR AGRI-PV ANLAGEN,[RELATION_TYPE=PROPOSES] [MODALITY=EXPLICIT_FACT] [STATUS=IN_FORCE] The EAG law establishes investment subsidy support for Agri-PV installations under certain agricultural-use conditions.,10.0,12,['f9e54ba797ff2b80a5f0e5f24e3901236ac4130e4e84d01615e67bc810b290cd5ac7c08f71a782797073050d512eda2695c3659569deba0d4bd5c3ab6195784a']
940ec100-0330-4be9-8ff4-f256de29a854,166,INVESTITIONSZUSCHUSS FÜR AGRI-PV ANLAGEN,PHOTOVOLTAIK,[RELATION_TYPE=SUPPORTS] [MODALITY=EXPLICIT_FACT] The investment subsidy is intended to promote Agri-PV as a specific form of photovoltaics.,9.0,87,['f9e54ba797ff2b80a5f0e5f24e3901236ac4130e4e84d01615e67bc810b290cd5ac7c08f71a782797073050d512eda2695c3659569deba0d4bd5c3ab6195784a']
3676f5a0-32c9-4595-8195-54f507307dfc,167,INTEGRIERTER ÖSTERREICHISCHER NETZINFRASTRUKTURPLAN (NIP/ÖNIP),AUSBBAUPOTENTIAL PHOTOVOLTAIK — 41 TWH BY 2040,[RELATION_TYPE=SETS_TARGET] [MODALITY=EXPLICIT_FACT] The NIP/ÖNIP assesses and sets the PV expansion potential target of 41 TWh by 2040.,10.0,9,['f9e54ba797ff2b80a5f0e5f24e3901236ac4130e4e84d01615e67bc810b290cd5ac7c08f71a782797073050d512eda2695c3659569deba0d4bd5c3ab6195784a']
7688ce20-2913-47b0-ae5e-c6528e229a7b,168,AUSBBAUPOTENTIAL PHOTOVOLTAIK — 41 TWH BY 2040,POTENZIAL PV AUF GEBÄUDEN — 15 TWH BY 2040,[RELATION_TYPE=PART_OF] [MODALITY=EXPLICIT_FACT] The PV potential on existing and new buildings (at least about 15 TWh) is a subset of the total 41 TWh PV potential.,10.0,8,['f9e54ba797ff2b80a5f0e5f24e3901236ac4130e4e84d01615e67bc810b290cd5ac7c08f71a782797073050d512eda2695c3659569deba0d4bd5c3ab6195784a']
46bc3d6f-77da-49b2-808d-6df8f285a064,169,INTEGRIERTER ÖSTERREICHISCHER NETZINFRASTRUKTURPLAN (NIP/ÖNIP),ENERGIE- UND TREIBHAUSGASSZENARIO TRANSITION 2040,[RELATION_TYPE=ASSOCIATED_WITH] [MODALITY=EXPLICIT_FACT] The NIP/ÖNIP is based on the Transition 2040 scenario drafted by Umweltbundesamt.,10.0,5,['f9e54ba797ff2b80a5f0e5f24e3901236ac4130e4e84d01615e67bc810b290cd5ac7c08f71a782797073050d512eda2695c3659569deba0d4bd5c3ab6195784a']
0beb8cd4-daa8-49d6-b8e4-78ce48e93a3c,170,ENERGIE- UND TREIBHAUSGASSZENARIO TRANSITION 2040,UMWELTBUNDESAMT,[RELATION_TYPE=RESPONSIBLE_FOR] [MODALITY=EXPLICIT_FACT] Umweltbundesamt is responsible for the Transition 2040 scenario which underpins the network plan's PV targets.,10.0,3,['f9e54ba797ff2b80a5f0e5f24e3901236ac4130e4e84d01615e67bc810b290cd5ac7c08f71a782797073050d512eda2695c3659569deba0d4bd5c3ab6195784a']
46d60292-08ed-4abe-a199-4b2e6a2baa80,171,ÖSTERREICH,AUSBBAUPOTENTIAL PHOTOVOLTAIK — 41 TWH BY 2040,[RELATION_TYPE=HAS_TARGET] [MODALITY=EXPLICIT_FACT] Austria is the geographic scope for the 2040 PV potential target.,10.0,58,['f9e54ba797ff2b80a5f0e5f24e3901236ac4130e4e84d01615e67bc810b290cd5ac7c08f71a782797073050d512eda2695c3659569deba0d4bd5c3ab6195784a']
f1ec4007-6e19-48d8-9085-b6fa9f3b2e19,172,ÖSTERREICH,POTENZIAL PV AUF GEBÄUDEN — 15 TWH BY 2040,[RELATION_TYPE=HAS_TARGET] [MODALITY=EXPLICIT_FACT] The building-based PV target is set for Austria by 2040.,10.0,54,['f9e54ba797ff2b80a5f0e5f24e3901236ac4130e4e84d01615e67bc810b290cd5ac7c08f71a782797073050d512eda2695c3659569deba0d4bd5c3ab6195784a']
40e167a1-7e65-412d-8d68-9299e7ae6274,173,ÖSTERREICH,"PV-ANTEIL AM STROMENDVERBRAUCH — CA. 10% (ÖSTERREICH, 2023)",[RELATION_TYPE=MEASURED_BY] [MODALITY=EXPLICIT_FACT] The share of PV in Austria's final electricity consumption reached about 10% by end-2023.,10.0,54,['f9e54ba797ff2b80a5f0e5f24e3901236ac4130e4e84d01615e67bc810b290cd5ac7c08f71a782797073050d512eda2695c3659569deba0d4bd5c3ab6195784a']
d37f60a0-d065-45ca-b855-cca60107bf75,174,ÖSTERREICH,"PV-ANTEIL AM ENERGIEBEDARF — CA. 2% (ÖSTERREICH, 2023)","[RELATION_TYPE=MEASURED_BY] [MODALITY=EXPLICIT_FACT] At the end of 2023, about 2% of Austria's total energy demand was covered by PV.",10.0,54,['f9e54ba797ff2b80a5f0e5f24e3901236ac4130e4e84d01615e67bc810b290cd5ac7c08f71a782797073050d512eda2695c3659569deba0d4bd5c3ab6195784a']
6eaeaac9-e755-4070-b5a8-73b30584e921,175,ÖSTERREICH,"PV-ANTEIL AM ENERGIEANGEBOT — 20% (ÖSTERREICH, 2040 ZIEL)",[RELATION_TYPE=HAS_TARGET] [MODALITY=SCENARIO] [STATUS=SCENARIO] Austria has a 2040 projection for PV to cover 20% of the total energy supply.,10.0,54,['f9e54ba797ff2b80a5f0e5f24e3901236ac4130e4e84d01615e67bc810b290cd5ac7c08f71a782797073050d512eda2695c3659569deba0d4bd5c3ab6195784a']
bfdea9be-9672-4590-8624-e348ec87e564,176,ÖSTERREICH,"PV-STROMERZEUGUNG ERFORDERLICH — 21 TWH (ÖSTERREICH, 2030)",[RELATION_TYPE=HAS_TARGET] [MODALITY=SCENARIO] [STATUS=SCENARIO] The NIP/ÖNIP scenario states that Austria requires 21 TWh of PV electricity by 2030 to achieve full renewable accounting in electricity consumption.,10.0,56,['f9e54ba797ff2b80a5f0e5f24e3901236ac4130e4e84d01615e67bc810b290cd5ac7c08f71a782797073050d512eda2695c3659569deba0d4bd5c3ab6195784a']
1622846f-60cd-4896-be12-e1e52307a532,177,"PV-STROMERZEUGUNG ERFORDERLICH — 21 TWH (ÖSTERREICH, 2030)",PV-ZUWACHS GEGENÜBER 2020 ERFORDERLICH — 19 TWH BIS 2030,[RELATION_TYPE=PART_OF] [MODALITY=EXPLICIT_FACT] Reaching 21 TWh by 2030 implies a 19 TWh increase in PV generation compared to 2020.,9.0,6,['f9e54ba797ff2b80a5f0e5f24e3901236ac4130e4e84d01615e67bc810b290cd5ac7c08f71a782797073050d512eda2695c3659569deba0d4bd5c3ab6195784a']
ef0ce5f4-96d4-4617-bd75-da7e7d976dad,178,PV-ZUWACHS GEGENÜBER 2020 ERFORDERLICH — 19 TWH BIS 2030,EAG GENANNTE ZUBAUMENGE PV BIS 2030 GEGENÜBER 2020 — 11 TWH,[RELATION_TYPE=ASSOCIATED_WITH] [MODALITY=EXPLICIT_FACT] The NIP/ÖNIP scenario's required 19 TWh increase exceeds the EAG's official target of 11 TWh expansion by 2030 over 2020.,9.0,4,['f9e54ba797ff2b80a5f0e5f24e3901236ac4130e4e84d01615e67bc810b290cd5ac7c08f71a782797073050d512eda2695c3659569deba0d4bd5c3ab6195784a']
8a13f51e-8ba7-4e80-8dd0-e646538843cb,179,INTEGRIERTER ÖSTERREICHISCHER NETZINFRASTRUKTURPLAN (NIP/ÖNIP),"PV-STROMERZEUGUNG ERFORDERLICH — 21 TWH (ÖSTERREICH, 2030)",[RELATION_TYPE=SETS_TARGET] [MODALITY=EXPLICIT_FACT] The NIP/ÖNIP plan sets the target of having 21 TWh PV generation by 2030.,10.0,7,['f9e54ba797ff2b80a5f0e5f24e3901236ac4130e4e84d01615e67bc810b290cd5ac7c08f71a782797073050d512eda2695c3659569deba0d4bd5c3ab6195784a']
0ac798ef-4e6a-487d-9615-c27e121cfaa9,180,ERNEUERBAREN-AUSBAU-GESETZ (EAG),EAG GENANNTE ZUBAUMENGE PV BIS 2030 GEGENÜBER 2020 — 11 TWH,[RELATION_TYPE=SETS_TARGET] [MODALITY=EXPLICIT_FACT] The EAG law sets an official 11 TWh target for additional PV output by 2030 versus 2020.,10.0,12,['f9e54ba797ff2b80a5f0e5f24e3901236ac4130e4e84d01615e67bc810b290cd5ac7c08f71a782797073050d512eda2695c3659569deba0d4bd5c3ab6195784a']
d9c5cfbb-3a3d-489b-b511-0cc5c58ab9ae,181,PHOTOVOLTAIK,AUSBBAUPOTENTIAL PHOTOVOLTAIK — 41 TWH BY 2040,[RELATION_TYPE=CONTRIBUTES_TO] [MODALITY=EXPLICIT_FACT] Expansion of photovoltaics contributes to achieving the estimated technical potential of 41 TWh by 2040.,10.0,91,['f9e54ba797ff2b80a5f0e5f24e3901236ac4130e4e84d01615e67bc810b290cd5ac7c08f71a782797073050d512eda2695c3659569deba0d4bd5c3ab6195784a']
47585e73-b8ed-4d23-8f91-58096a480262,182,PHOTOVOLTAIK,"PV-ANTEIL AM STROMENDVERBRAUCH — CA. 10% (ÖSTERREICH, 2023)","[RELATION_TYPE=MEASURED_BY] [MODALITY=EXPLICIT_FACT] By 2023, photovoltaics accounted for roughly 10% of Austria's final electricity consumption.",10.0,87,['f9e54ba797ff2b80a5f0e5f24e3901236ac4130e4e84d01615e67bc810b290cd5ac7c08f71a782797073050d512eda2695c3659569deba0d4bd5c3ab6195784a']
46c17c0d-d3d4-4555-80f0-df1bc495bc5d,183,PHOTOVOLTAIK,"PV-ANTEIL AM ENERGIEBEDARF — CA. 2% (ÖSTERREICH, 2023)","[RELATION_TYPE=MEASURED_BY] [MODALITY=EXPLICIT_FACT] In 2023, photovoltaics covered about 2% of Austria's total energy demand.",10.0,87,['f9e54ba797ff2b80a5f0e5f24e3901236ac4130e4e84d01615e67bc810b290cd5ac7c08f71a782797073050d512eda2695c3659569deba0d4bd5c3ab6195784a']
b9df7948-d02c-4355-8d78-53e1911b47c9,184,PHOTOVOLTAIK,"PV-ANTEIL AM ENERGIEANGEBOT — 20% (ÖSTERREICH, 2040 ZIEL)",[RELATION_TYPE=CONTRIBUTES_TO] [MODALITY=SCENARIO] PV expansion is projected to provide 20% of total Austrian energy supply in 2040.,10.0,87,['f9e54ba797ff2b80a5f0e5f24e3901236ac4130e4e84d01615e67bc810b290cd5ac7c08f71a782797073050d512eda2695c3659569deba0d4bd5c3ab6195784a']
439f2a04-ce2b-419e-8a6a-0adae5c1ba95,185,PHOTOVOLTAIK,"PV-STROMERZEUGUNG ERFORDERLICH — 21 TWH (ÖSTERREICH, 2030)",[RELATION_TYPE=CONTRIBUTES_TO] [MODALITY=SCENARIO] PV development is necessary to achieve the 21 TWh 2030 generation target.,10.0,89,['f9e54ba797ff2b80a5f0e5f24e3901236ac4130e4e84d01615e67bc810b290cd5ac7c08f71a782797073050d512eda2695c3659569deba0d4bd5c3ab6195784a']
8f2c00fa-eb07-4c3e-a09b-3702d67d6440,186,"REKORDMARKEN PV-NEUINSTALLATION — 1 GW (2022); 2,5 GW (2023)",AUSBBAUPOTENTIAL PV — 2 GW/JAHR (MITTELWERT BIS 2040),[RELATION_TYPE=ASSOCIATED_WITH] [MODALITY=EXPLICIT_FACT] The recent record PV new installations illustrate that Austria is on or above the average 2 GW/year expansion path needed for the 2040 target.,9.0,4,['f9e54ba797ff2b80a5f0e5f24e3901236ac4130e4e84d01615e67bc810b290cd5ac7c08f71a782797073050d512eda2695c3659569deba0d4bd5c3ab6195784a']
19844163-b3f6-4027-a53b-6ed1cbbb93ae,187,ÖSTERREICH,"REKORDMARKEN PV-NEUINSTALLATION — 1 GW (2022); 2,5 GW (2023)",[RELATION_TYPE=MEASURED_BY] [MODALITY=EXPLICIT_FACT] Austria recorded new PV installation peaks of 1 GW in 2022 and around 2.5 GW in 2023.,10.0,54,['f9e54ba797ff2b80a5f0e5f24e3901236ac4130e4e84d01615e67bc810b290cd5ac7c08f71a782797073050d512eda2695c3659569deba0d4bd5c3ab6195784a']
14526fb4-730f-4316-b4d9-803a2f6ce902,188,AUSBBAUPOTENTIAL PV — 2 GW/JAHR (MITTELWERT BIS 2040),AUSBBAUPOTENTIAL PHOTOVOLTAIK — 41 TWH BY 2040,[RELATION_TYPE=CONTRIBUTES_TO] [MODALITY=EXPLICIT_FACT] Maintaining an average expansion of 2 GW/year is identified as needed to achieve 41 TWh annual PV electricity generation by 2040.,10.0,8,['f9e54ba797ff2b80a5f0e5f24e3901236ac4130e4e84d01615e67bc810b290cd5ac7c08f71a782797073050d512eda2695c3659569deba0d4bd5c3ab6195784a']
f4525046-3ec6-4b64-afe5-66402eb22830,189,FRAGE DER ANBINDUNG AN DAS ÖFFENTLICHE STROMNETZ,PHOTOVOLTAIK,[RELATION_TYPE=CONSTRAINS] [MODALITY=EXPLICIT_FACT] Grid connection for new PV systems is identified as a key challenge to the accelerated expansion of photovoltaics.,10.0,86,['f9e54ba797ff2b80a5f0e5f24e3901236ac4130e4e84d01615e67bc810b290cd5ac7c08f71a782797073050d512eda2695c3659569deba0d4bd5c3ab6195784a']
903bcacc-3423-4193-bfdd-18ea605bf763,190,AKZEPTANZ IN DER BEVÖLKERUNG,PHOTOVOLTAIK,[RELATION_TYPE=CONSTRAINS] [MODALITY=EXPLICIT_FACT] Public acceptance is one of the challenges associated with accelerating PV deployment.,10.0,86,['f9e54ba797ff2b80a5f0e5f24e3901236ac4130e4e84d01615e67bc810b290cd5ac7c08f71a782797073050d512eda2695c3659569deba0d4bd5c3ab6195784a']
dfe1371c-c171-4258-ac1b-de81d31fcb33,191,LANGFRISTIGE WIRTSCHAFTLICHKEIT,PHOTOVOLTAIK,[RELATION_TYPE=CONSTRAINS] [MODALITY=EXPLICIT_FACT] The long-term economic viability of PV projects is listed as a challenge to future deployment.,10.0,86,['f9e54ba797ff2b80a5f0e5f24e3901236ac4130e4e84d01615e67bc810b290cd5ac7c08f71a782797073050d512eda2695c3659569deba0d4bd5c3ab6195784a']
f2a53047-2041-4d99-b1ad-03633d1151c2,192,MARKTKAPAZITÄTEN,PHOTOVOLTAIK,"[RELATION_TYPE=CONSTRAINS] [MODALITY=EXPLICIT_FACT] Market capacities (e.g., supply, labor) are cited as a challenge for sustained PV growth.",10.0,86,['f9e54ba797ff2b80a5f0e5f24e3901236ac4130e4e84d01615e67bc810b290cd5ac7c08f71a782797073050d512eda2695c3659569deba0d4bd5c3ab6195784a']
3dc95236-3948-40f3-af58-e16651fa0238,193,WINDKRAFT,ÖSTERREICH,[RELATION_TYPE=CONTRIBUTES_TO] [MODALITY=EXPLICIT_FACT] Wind power is identified as a main contributor to Austria's future energy supply.,9.0,53,['f9e54ba797ff2b80a5f0e5f24e3901236ac4130e4e84d01615e67bc810b290cd5ac7c08f71a782797073050d512eda2695c3659569deba0d4bd5c3ab6195784a']
38aaae30-345b-449c-a1d7-f36502b38194,194,PHOTOVOLTAIK,ÖSTERREICH,[RELATION_TYPE=CONTRIBUTES_TO] [MODALITY=EXPLICIT_FACT] Photovoltaics is named as a key technology in Austria's future energy supply mix.,10.0,137,['f9e54ba797ff2b80a5f0e5f24e3901236ac4130e4e84d01615e67bc810b290cd5ac7c08f71a782797073050d512eda2695c3659569deba0d4bd5c3ab6195784a']
606c4adf-389d-485d-8265-046be9f4c96a,195,STROM- UND FLEXIBILITÄTSMÄRKTE,DIGITALE MARKTKOMMUNIKATION,[RELATION_TYPE=ASSOCIATED_WITH] [MODALITY=EXPLICIT_FACT] Digital market communication enables access for PV operators to electricity and flexibility markets.,10.0,5,['f9e54ba797ff2b80a5f0e5f24e3901236ac4130e4e84d01615e67bc810b290cd5ac7c08f71a782797073050d512eda2695c3659569deba0d4bd5c3ab6195784a']
17766461-73a2-4bcb-bab1-3e2ff2cce0fa,196,PV-ANLAGE,GEBÄUDE,"[RELATION_TYPE=LOCATED_IN] [MODALITY=EXPLICIT_FACT] PV systems are, in part, installed on existing and new buildings, which host significant potential for PV expansion.",10.0,30,['f9e54ba797ff2b80a5f0e5f24e3901236ac4130e4e84d01615e67bc810b290cd5ac7c08f71a782797073050d512eda2695c3659569deba0d4bd5c3ab6195784a']
f8a319f8-95b9-4e96-b8f3-b84eead95e80,197,FORSCHUNGSEINRICHTUNGEN,ÖSTERREICH,[RELATION_TYPE=LOCATED_IN] [MODALITY=EXPLICIT_FACT] Austria is positioned as a site for leading research institutions related to photovoltaics and renewable energy.,8.0,54,['f9e54ba797ff2b80a5f0e5f24e3901236ac4130e4e84d01615e67bc810b290cd5ac7c08f71a782797073050d512eda2695c3659569deba0d4bd5c3ab6195784a']
0090f21b-a13b-4695-bc3d-1e48b29cd8aa,198,ÖSTERREICHISCHE PHOTOVOLTAIK-STRATEGIE,ÖSTERREICH,The Austrian Photovoltaic Strategy (ÖSTERREICHISCHE PHOTOVOLTAIK-STRATEGIE) is applicable to Austria's national PV development and pertains to Austria's national solar policy.,17.0,97,"['f9e54ba797ff2b80a5f0e5f24e3901236ac4130e4e84d01615e67bc810b290cd5ac7c08f71a782797073050d512eda2695c3659569deba0d4bd5c3ab6195784a'
 '6927535991c09031efd0df39ec21591dd3bb460da14c01bc36d343f0078b726ed44d06a0c6bb518236ea61ed8c8b15365630cf185b8012e963898f2e117f7d8a']"
ba093d47-49c0-40d5-94cf-3cddabd68591,199,PHOTOVOLTAIK,WERTSCHÖPFUNG,[RELATION_TYPE=CONTRIBUTES_TO] [MODALITY=EXPLICIT_FACT] The text states that expanded PV deployment increases domestic value creation in Austria.,8.0,86,['f9e54ba797ff2b80a5f0e5f24e3901236ac4130e4e84d01615e67bc810b290cd5ac7c08f71a782797073050d512eda2695c3659569deba0d4bd5c3ab6195784a']
21e314e3-bf9e-47c8-8ea5-97064fe17247,200,AUSBBAUPOTENTIAL PHOTOVOLTAIK — 41 TWH BY 2040,GEBÄUDE,[RELATION_TYPE=CONTRIBUTES_TO] [MODALITY=EXPLICIT_FACT] The PV potential target of 41 TWh by 2040 includes a quantitative contribution from PV deployments on buildings.,9.0,10,['f9e54ba797ff2b80a5f0e5f24e3901236ac4130e4e84d01615e67bc810b290cd5ac7c08f71a782797073050d512eda2695c3659569deba0d4bd5c3ab6195784a']
83de1846-c24d-473e-83c7-dc44726cbe1b,201,ÖSTERREICH,PHOTOVOLTAIK-AUSBAU BIS 2040 — DURCHSCHNITTLICH 2 GW PRO JAHR,[RELATION_TYPE=HAS_TARGET] [MODALITY=EXPLICIT_FACT] Austria has a planned target of 2 GW of average annual photovoltaic expansion up to 2040.,10.0,54,['06c273ec9919eb4693462fdacebd50536ccdcf47bacc47b2b30c8a69005636b654b4919dc579696a4a7abbde4a00511a66f0c0be040f4ffc907fc316bee009dc']
69f9b6a1-69bb-426d-9794-e9d8315a1a63,202,PHOTOVOLTAIK,PHOTOVOLTAIK-AUSBAU BIS 2040 — DURCHSCHNITTLICH 2 GW PRO JAHR,[RELATION_TYPE=CONTRIBUTES_TO] [MODALITY=EXPLICIT_FACT] The expansion of photovoltaics is the subject of the planned target of an average 2 GW annual deployment to 2040.,10.0,87,['06c273ec9919eb4693462fdacebd50536ccdcf47bacc47b2b30c8a69005636b654b4919dc579696a4a7abbde4a00511a66f0c0be040f4ffc907fc316bee009dc']
72f54397-f87d-4332-b3bb-ec9889f83ba0,203,ÖSTERREICHISCHE PHOTOVOLTAIK-STRATEGIE,RECHTLICHER RAHMEN,[RELATION_TYPE=PROPOSES] [MODALITY=EXPLICIT_FACT] The strategy identifies the establishment of a stable and ambitious legal framework at both federal and state level as a key action field for PV expansion.,10.0,48,['06c273ec9919eb4693462fdacebd50536ccdcf47bacc47b2b30c8a69005636b654b4919dc579696a4a7abbde4a00511a66f0c0be040f4ffc907fc316bee009dc']
d4740ad8-dc2d-4b7b-8469-1edf0b7b1626,204,ÖSTERREICHISCHE PHOTOVOLTAIK-STRATEGIE,STROMNETZE,[RELATION_TYPE=PROPOSES] [MODALITY=EXPLICIT_FACT] The strategy identifies the further development of public electricity grids as an essential action field for photovoltaics expansion.,10.0,50,['06c273ec9919eb4693462fdacebd50536ccdcf47bacc47b2b30c8a69005636b654b4919dc579696a4a7abbde4a00511a66f0c0be040f4ffc907fc316bee009dc']
b52376d3-845a-49b0-83f1-9303a3959a06,205,ÖSTERREICHISCHE PHOTOVOLTAIK-STRATEGIE,ENERGIEINFRASTRUKTUREN,[RELATION_TYPE=PROPOSES] [MODALITY=EXPLICIT_FACT] The strategy includes further development of broader energy infrastructures as an essential action field.,10.0,47,['06c273ec9919eb4693462fdacebd50536ccdcf47bacc47b2b30c8a69005636b654b4919dc579696a4a7abbde4a00511a66f0c0be040f4ffc907fc316bee009dc']
9a20ecfe-313e-45fb-aa29-5594db1526c4,206,ÖSTERREICHISCHE PHOTOVOLTAIK-STRATEGIE,WIRTSCHAFTLICHER ANLAGENBETRIEB,[RELATION_TYPE=PROPOSES] [MODALITY=EXPLICIT_FACT] The strategy names long-term economic operation of PV systems as a key action field.,10.0,47,['06c273ec9919eb4693462fdacebd50536ccdcf47bacc47b2b30c8a69005636b654b4919dc579696a4a7abbde4a00511a66f0c0be040f4ffc907fc316bee009dc']
9f1a0da4-f5c4-4d3a-97aa-1e1805b95d1f,207,ÖSTERREICHISCHE PHOTOVOLTAIK-STRATEGIE,AKZEPTANZ,[RELATION_TYPE=PROPOSES] [MODALITY=EXPLICIT_FACT] The strategy states that sustained societal acceptance of visible PV installations and electrical infrastructure by the population is a key action field.,10.0,48,['06c273ec9919eb4693462fdacebd50536ccdcf47bacc47b2b30c8a69005636b654b4919dc579696a4a7abbde4a00511a66f0c0be040f4ffc907fc316bee009dc']
de8fb082-71cc-4e95-bcd7-86c1fb50709d,208,ÖSTERREICHISCHE PHOTOVOLTAIK-STRATEGIE,HEIMISCHE PV-WIRTSCHAFT,"[RELATION_TYPE=PROPOSES] [MODALITY=EXPLICIT_FACT] The strategy identifies the domestic PV industry, international producers, and qualified workers as key economic action fields.",10.0,52,['06c273ec9919eb4693462fdacebd50536ccdcf47bacc47b2b30c8a69005636b654b4919dc579696a4a7abbde4a00511a66f0c0be040f4ffc907fc316bee009dc']
1cd2dcb2-a683-48be-ae11-62ab46ab2a99,209,ÖSTERREICHISCHE PHOTOVOLTAIK-STRATEGIE,BÜRGER:INNEN,[RELATION_TYPE=PROPOSES] [MODALITY=EXPLICIT_FACT] The strategy proposes to use the expansion of photovoltaics as an opportunity to increase citizen participation in the energy sector.,10.0,50,['06c273ec9919eb4693462fdacebd50536ccdcf47bacc47b2b30c8a69005636b654b4919dc579696a4a7abbde4a00511a66f0c0be040f4ffc907fc316bee009dc']
7eb9c288-4cd7-4b35-a41d-8ae0153ef734,210,ÖSTERREICHISCHE PHOTOVOLTAIK-STRATEGIE,FORSCHUNG-TECHNOLOGIE-INNOVATION,[RELATION_TYPE=PROPOSES] [MODALITY=EXPLICIT_FACT] The strategy defines the development of new technical and systemic PV solutions as a major action field for innovation.,10.0,47,['06c273ec9919eb4693462fdacebd50536ccdcf47bacc47b2b30c8a69005636b654b4919dc579696a4a7abbde4a00511a66f0c0be040f4ffc907fc316bee009dc']
c4b35f48-ef64-41d0-a685-701fe1f0bd0c,211,ERNEUERBAREN-AUSBAU-GESETZ,RECHTLICHER RAHMEN,[RELATION_TYPE=PART_OF] [MODALITY=EXPLICIT_FACT] The Renewable Expansion Act is an essential part of the legal and regulatory framework for PV expansion.,10.0,7,['06c273ec9919eb4693462fdacebd50536ccdcf47bacc47b2b30c8a69005636b654b4919dc579696a4a7abbde4a00511a66f0c0be040f4ffc907fc316bee009dc']
255b7c4c-c263-42c2-8a51-d48597abd19e,212,ERNEUERBAREN-AUSBAU-GESETZ,FÖRDERMITTEL IN GRÖSSENKLASSEN,"[RELATION_TYPE=PROPOSES] [MODALITY=EXPLICIT_FACT] The Act sets out funding, segmented by size class, for supporting photovoltaic expansion.",10.0,5,['06c273ec9919eb4693462fdacebd50536ccdcf47bacc47b2b30c8a69005636b654b4919dc579696a4a7abbde4a00511a66f0c0be040f4ffc907fc316bee009dc']
7a47a214-d895-4b71-82a3-165dcbb15b94,213,ERNEUERBAREN-AUSBAU-GESETZ,FÖRDERUNGEN FÜR DOPPELNUTZUNGEN UND BEVORZUGTE PV-ANWENDUNGEN,[RELATION_TYPE=PROPOSES] [MODALITY=EXPLICIT_FACT] The Act includes increased incentives for dual-use and other preferred PV applications.,10.0,6,['06c273ec9919eb4693462fdacebd50536ccdcf47bacc47b2b30c8a69005636b654b4919dc579696a4a7abbde4a00511a66f0c0be040f4ffc907fc316bee009dc']
f56a5325-6f56-4ead-9c5f-e90271f67d61,214,FÖRDERUNGEN FÜR DOPPELNUTZUNGEN UND BEVORZUGTE PV-ANWENDUNGEN,DOPPELNUTZUNGEN UND ANDERE BEVORZUGTE PV-ANWENDUNGEN,[RELATION_TYPE=SUPPORTS] [MODALITY=EXPLICIT_FACT] The increased incentives specifically support dual-use and other preferred PV applications.,10.0,3,['06c273ec9919eb4693462fdacebd50536ccdcf47bacc47b2b30c8a69005636b654b4919dc579696a4a7abbde4a00511a66f0c0be040f4ffc907fc316bee009dc']
243e830c-9664-461c-be6c-515f62a8a3a7,215,WOHNUNGSEIGENTUMSGESETZ (NOVELLE 2022),PHOTOVOLTAIKANLAGEN,[RELATION_TYPE=SUPPORTS] [MODALITY=EXPLICIT_FACT] The amendment to the Condominium Act in January 2022 eased construction of PV installations for rowhouses or single buildings.,10.0,9,['06c273ec9919eb4693462fdacebd50536ccdcf47bacc47b2b30c8a69005636b654b4919dc579696a4a7abbde4a00511a66f0c0be040f4ffc907fc316bee009dc']
c5ab036d-d79c-4d96-927b-25b04b9cbe37,216,PRIVATPERSONEN,PHOTOVOLTAIKANLAGEN,[RELATION_TYPE=RESPONSIBLE_FOR] [MODALITY=EXPLICIT_FACT] Private individuals are identified as one primary group for implementing and maintaining PV installations.,10.0,10,['06c273ec9919eb4693462fdacebd50536ccdcf47bacc47b2b30c8a69005636b654b4919dc579696a4a7abbde4a00511a66f0c0be040f4ffc907fc316bee009dc']
a2900be2-053a-458a-bc29-194c04fa6cfd,217,UNTERNEHMEN,PHOTOVOLTAIKANLAGEN,[RELATION_TYPE=RESPONSIBLE_FOR] [MODALITY=EXPLICIT_FACT] Companies are another primary group addressed as responsible for the installation and operation of PV systems.,10.0,13,['06c273ec9919eb4693462fdacebd50536ccdcf47bacc47b2b30c8a69005636b654b4919dc579696a4a7abbde4a00511a66f0c0be040f4ffc907fc316bee009dc']
7dbccdf0-5ea4-40aa-a771-78a95e28dd11,218,FORSCHUNGSEINRICHTUNGEN IM BEREICH DER PHOTOVOLTAIK,FORSCHUNG-TECHNOLOGIE-INNOVATION,[RELATION_TYPE=ASSOCIATED_WITH] [MODALITY=EXPLICIT_FACT] Research institutions in photovoltaics are closely related to the innovation and technology action field for PV development.,10.0,4,['06c273ec9919eb4693462fdacebd50536ccdcf47bacc47b2b30c8a69005636b654b4919dc579696a4a7abbde4a00511a66f0c0be040f4ffc907fc316bee009dc']
91859024-101b-4e45-b2a6-ae84914992df,219,INTERNATIONAL AGIERENDE PRODUZENT:INNEN IM BEREICH DER PHOTOVOLTAIK,HEIMISCHE PV-WIRTSCHAFT,[RELATION_TYPE=PART_OF] [MODALITY=EXPLICIT_FACT] Internationally active PV producers are included within the domestic PV industry as a key economic field.,10.0,8,['06c273ec9919eb4693462fdacebd50536ccdcf47bacc47b2b30c8a69005636b654b4919dc579696a4a7abbde4a00511a66f0c0be040f4ffc907fc316bee009dc']
35e85f7d-3eb8-4695-ae30-92e095d081c6,220,PHOTOVOLTAIK-INDUSTRIE UND GEWERBE,HEIMISCHE PV-WIRTSCHAFT,[RELATION_TYPE=PART_OF] [MODALITY=EXPLICIT_FACT] The PV industry and trades sector make up a major part of Austria's domestic PV economy.,10.0,8,['06c273ec9919eb4693462fdacebd50536ccdcf47bacc47b2b30c8a69005636b654b4919dc579696a4a7abbde4a00511a66f0c0be040f4ffc907fc316bee009dc']
807fab1a-18bf-4c5d-a087-1dc4458dcd7f,221,AKZEPTANZ,PHOTOVOLTAIKANLAGEN,[RELATION_TYPE=CONSTRAINS] [MODALITY=EXPLICIT_FACT] Social acceptance is identified as a necessary condition for the successful long-term deployment of PV installations.,10.0,11,['06c273ec9919eb4693462fdacebd50536ccdcf47bacc47b2b30c8a69005636b654b4919dc579696a4a7abbde4a00511a66f0c0be040f4ffc907fc316bee009dc']
8663fb46-ebc0-47ec-946d-4908abed1672,222,AKZEPTANZ,STROMNETZE,[RELATION_TYPE=CONSTRAINS] [MODALITY=EXPLICIT_FACT] Social acceptance also applies to associated electrical infrastructure as a factor in long-term PV deployment.,10.0,8,['06c273ec9919eb4693462fdacebd50536ccdcf47bacc47b2b30c8a69005636b654b4919dc579696a4a7abbde4a00511a66f0c0be040f4ffc907fc316bee009dc']
994aa957-9471-4c9f-9140-4020c9f5197a,223,WIRTSCHAFTLICHER ANLAGENBETRIEB,PHOTOVOLTAIKANLAGEN,[RELATION_TYPE=CONSTRAINS] [MODALITY=EXPLICIT_FACT] The long-term (over 25 years) economic operation of PV systems is acknowledged as a critical condition for their deployment.,1.0,10,['06c273ec9919eb4693462fdacebd50536ccdcf47bacc47b2b30c8a69005636b654b4919dc579696a4a7abbde4a00511a66f0c0be040f4ffc907fc316bee009dc']
40080e76-3603-4105-9fa2-5754fa666d50,224,PHOTOVOLTAIK,WÄRMESEKTOR,[RELATION_TYPE=CONTRIBUTES_TO] [MODALITY=EXPLICIT_FACT] The strategy states PV expansion will have massive influence on the heating sector.,10.0,87,['06c273ec9919eb4693462fdacebd50536ccdcf47bacc47b2b30c8a69005636b654b4919dc579696a4a7abbde4a00511a66f0c0be040f4ffc907fc316bee009dc']
d432f456-55a1-454a-8b5f-7fd0d6892243,225,PHOTOVOLTAIK,INDUSTRIESEKTOR,[RELATION_TYPE=CONTRIBUTES_TO] [MODALITY=EXPLICIT_FACT] The strategy states PV expansion will have massive influence on the industrial sector.,10.0,87,['06c273ec9919eb4693462fdacebd50536ccdcf47bacc47b2b30c8a69005636b654b4919dc579696a4a7abbde4a00511a66f0c0be040f4ffc907fc316bee009dc']
30019846-0cab-488f-863c-9cb9c55abdcb,226,PHOTOVOLTAIK,ENERGIEVERSORGUNG,[RELATION_TYPE=CONTRIBUTES_TO] [MODALITY=EXPLICIT_FACT] The expansion of PV is described as central for all essential sectors of energy supply.,10.0,86,['06c273ec9919eb4693462fdacebd50536ccdcf47bacc47b2b30c8a69005636b654b4919dc579696a4a7abbde4a00511a66f0c0be040f4ffc907fc316bee009dc']
2f4e61e8-4a16-404f-a381-11d5b8a97493,227,PHOTOVOLTAIK,ELEKTRISCHE INFRASTRUKTUREN,"[RELATION_TYPE=ASSOCIATED_WITH] [MODALITY=EXPLICIT_FACT] PV installations are closely associated with electric infrastructures, both of which are visible and subject to societal acceptance.",10.0,86,['06c273ec9919eb4693462fdacebd50536ccdcf47bacc47b2b30c8a69005636b654b4919dc579696a4a7abbde4a00511a66f0c0be040f4ffc907fc316bee009dc']
4a02a539-853e-45ed-a86f-b839a4b7a8ae,228,PHOTOVOLTAIK,ENERGIESOUVERÄNITÄT ÖSTERREICHS,[RELATION_TYPE=CONTRIBUTES_TO] [MODALITY=EXPLICIT_FACT] PV development is stated as enabling a higher degree of domestic energy sovereignty.,10.0,86,['06c273ec9919eb4693462fdacebd50536ccdcf47bacc47b2b30c8a69005636b654b4919dc579696a4a7abbde4a00511a66f0c0be040f4ffc907fc316bee009dc']
46b63769-f278-4674-9cd9-8e77bc598e8e,229,PHOTOVOLTAIK,KOSTENGÜNSTIGE UND KALKULIERBARE STROMPREISE,[RELATION_TYPE=CONTRIBUTES_TO] [MODALITY=EXPLICIT_FACT] PV expansion is cited as delivering affordable and calculable electricity prices.,10.0,86,['06c273ec9919eb4693462fdacebd50536ccdcf47bacc47b2b30c8a69005636b654b4919dc579696a4a7abbde4a00511a66f0c0be040f4ffc907fc316bee009dc']
8ae20e36-47c8-407f-8afd-9bfd94a09936,230,PHOTOVOLTAIK,HOHE HEIMISCHE WERTSCHÖPFUNG,[RELATION_TYPE=CONTRIBUTES_TO] [MODALITY=EXPLICIT_FACT] PV expansion is expected to enable high domestic value creation.,10.0,86,['06c273ec9919eb4693462fdacebd50536ccdcf47bacc47b2b30c8a69005636b654b4919dc579696a4a7abbde4a00511a66f0c0be040f4ffc907fc316bee009dc']
a008bc77-cf83-407e-940b-cef6791220a6,231,PHOTOVOLTAIK,TEILHABE DER BÜRGER:INNEN AM ENERGIESEKTOR,[RELATION_TYPE=CONTRIBUTES_TO] [MODALITY=EXPLICIT_FACT] PV expansion is intended to further citizen participation in the energy system.,10.0,86,['06c273ec9919eb4693462fdacebd50536ccdcf47bacc47b2b30c8a69005636b654b4919dc579696a4a7abbde4a00511a66f0c0be040f4ffc907fc316bee009dc']
bedc3809-f7cb-4dfc-b12d-f4529ff260e4,232,PHOTOVOLTAIK,BREITE SICHTBARKEIT DER PV-INSTALLATIONEN,[RELATION_TYPE=MEASURED_BY] [MODALITY=EXPLICIT_FACT] PV installations are highly visible and their broad societal presence is noted as a factual characteristic.,10.0,87,['06c273ec9919eb4693462fdacebd50536ccdcf47bacc47b2b30c8a69005636b654b4919dc579696a4a7abbde4a00511a66f0c0be040f4ffc907fc316bee009dc']
9c9e0425-7c48-4b15-8b4d-abfc2bb498b7,233,BREITE SICHTBARKEIT DER PV-INSTALLATIONEN,DAUERHAFTE AKZEPTANZ IN DER BEVÖLKERUNG,[RELATION_TYPE=CONSTRAINS] [MODALITY=EXPLICIT_FACT] The continued widespread visibility of PV installations requires permanent acceptance by the population.,10.0,3,['06c273ec9919eb4693462fdacebd50536ccdcf47bacc47b2b30c8a69005636b654b4919dc579696a4a7abbde4a00511a66f0c0be040f4ffc907fc316bee009dc']
f3dd815c-015d-454d-810f-af0a2dd58318,234,PHOTOVOLTAIK,QUALIFIZIERTE ARBEITSPLÄTZE IN DER PHOTOVOLTAIK-INDUSTRIE UND DEM GEWERBE,[RELATION_TYPE=CONTRIBUTES_TO] [MODALITY=EXPLICIT_FACT] PV expansion is expected to create many qualified jobs in Austria’s PV industry and crafts sector.,10.0,86,['06c273ec9919eb4693462fdacebd50536ccdcf47bacc47b2b30c8a69005636b654b4919dc579696a4a7abbde4a00511a66f0c0be040f4ffc907fc316bee009dc']
2830d3cd-ccfd-4ba9-a80b-f128c7db742e,235,INNOVATIVE UNTERNEHMEN IM BEREICH DER PHOTOVOLTAIK,HEIMISCHE PV-WIRTSCHAFT,[RELATION_TYPE=PART_OF] [MODALITY=EXPLICIT_FACT] Innovative PV businesses are part of the domestic PV economy cited as a strength.,10.0,8,['06c273ec9919eb4693462fdacebd50536ccdcf47bacc47b2b30c8a69005636b654b4919dc579696a4a7abbde4a00511a66f0c0be040f4ffc907fc316bee009dc']
31bd2084-7db8-4cfc-9174-42b893c0185a,236,FÜHRENDE FORSCHUNGSEINRICHTUNGEN IM BEREICH DER PHOTOVOLTAIK,FORSCHUNGSEINRICHTUNGEN IM BEREICH DER PHOTOVOLTAIK,[RELATION_TYPE=ALIAS_OF] [MODALITY=EXPLICIT_FACT] Leading research institutions in PV are described as a major part of the overall field of PV research institutions.,10.0,3,['06c273ec9919eb4693462fdacebd50536ccdcf47bacc47b2b30c8a69005636b654b4919dc579696a4a7abbde4a00511a66f0c0be040f4ffc907fc316bee009dc']
6923cd0a-6512-42e0-90a8-951ebd89a4ac,237,PHOTOVOLTAIK,MAXIMALEN NUTZEN FÜR DIE BEVÖLKERUNG,[RELATION_TYPE=CONTRIBUTES_TO] [MODALITY=EXPLICIT_FACT] Achieving the maximum benefit for the population is cited as a key impact and goal of PV expansion.,10.0,86,['06c273ec9919eb4693462fdacebd50536ccdcf47bacc47b2b30c8a69005636b654b4919dc579696a4a7abbde4a00511a66f0c0be040f4ffc907fc316bee009dc']
a06ac2ff-075f-4dd4-bf84-d77f2fa478cb,238,PHOTOVOLTAIK,STANDORTVORTEILE FÜR DIE ÖSTERREICHISCHE WIRTSCHAFT,[RELATION_TYPE=CONTRIBUTES_TO] [MODALITY=EXPLICIT_FACT] PV expansion is intended to provide site advantages for Austrian business.,10.0,86,['06c273ec9919eb4693462fdacebd50536ccdcf47bacc47b2b30c8a69005636b654b4919dc579696a4a7abbde4a00511a66f0c0be040f4ffc907fc316bee009dc']
101abd37-1682-4220-a58b-1fa5b1b29bce,239,PHOTOVOLTAIK,UMWELTFREUNDLICHE UND RISIKOARME ENERGIEBEREITSTELLUNG,[RELATION_TYPE=CONTRIBUTES_TO] [MODALITY=EXPLICIT_FACT] PV deployment is identified as enabling environmentally friendly and low-risk energy provision.,10.0,86,['06c273ec9919eb4693462fdacebd50536ccdcf47bacc47b2b30c8a69005636b654b4919dc579696a4a7abbde4a00511a66f0c0be040f4ffc907fc316bee009dc']
5e3115a7-ca65-4f73-8226-57757382c40a,240,PV-AUSBAU ALS WESENTLICHER TEIL DER ENERGIEWENDE,ENERGIEWENDE,[RELATION_TYPE=PART_OF] [MODALITY=EXPLICIT_FACT] The expansion of PV is described as an essential part of the overall process of Austria’s energy transition.,10.0,7,['06c273ec9919eb4693462fdacebd50536ccdcf47bacc47b2b30c8a69005636b654b4919dc579696a4a7abbde4a00511a66f0c0be040f4ffc907fc316bee009dc']
69d696a4-817c-4cec-8708-93eb63ac4da6,241,"PV-AUSBAU MIT MASSIVEM EINFLUSS AUF DEN MOBILITÄTS-, WÄRME- UND INDUSTRIESEKTOR",WÄRMESEKTOR,[RELATION_TYPE=ASSOCIATED_WITH] [MODALITY=EXPLICIT_FACT] PV expansion’s massive sectoral influence includes impacts on the heating sector.,10.0,4,['06c273ec9919eb4693462fdacebd50536ccdcf47bacc47b2b30c8a69005636b654b4919dc579696a4a7abbde4a00511a66f0c0be040f4ffc907fc316bee009dc']
a84401ae-ee1a-403f-9f68-5f57833be05e,242,"PV-AUSBAU MIT MASSIVEM EINFLUSS AUF DEN MOBILITÄTS-, WÄRME- UND INDUSTRIESEKTOR",INDUSTRIESEKTOR,[RELATION_TYPE=ASSOCIATED_WITH] [MODALITY=EXPLICIT_FACT] PV expansion’s massive sectoral influence includes impacts on the industrial sector.,1.0,4,['06c273ec9919eb4693462fdacebd50536ccdcf47bacc47b2b30c8a69005636b654b4919dc579696a4a7abbde4a00511a66f0c0be040f4ffc907fc316bee009dc']
2cb6d42b-1152-4d24-88dd-3d9dc046736c,243,WOHNUNGSEIGENTUMSGESETZ-NOVELLE 2022,FOTOVOLTAIKANLAGE,[RELATION_TYPE=SUPPORTS] [MODALITY=EXPLICIT_FACT] [STATUS=IN_FORCE] The housing law amendment facilitates the construction of photovoltaic installations in specific building types.,10.0,18,['23663988970639bea940978ccbd9150fd292856f2f31a1d587392606a64713d5dfeade66f1beea67d1cc0b0e93012337685e0eca3267f98c1695a466657a8b24']
65d86b4d-0d59-4464-b55f-c17c5ccddd84,244,WOHNUNGSEIGENTUMSGESETZ-NOVELLE 2022,REIHENHÄUSER UND EINZELGEBÄUDE,[RELATION_TYPE=SUPPORTS] [MODALITY=EXPLICIT_FACT] [STATUS=IN_FORCE] The 2022 housing law amendment enables easier construction of PV systems specifically in row houses and single buildings.,10.0,4,['23663988970639bea940978ccbd9150fd292856f2f31a1d587392606a64713d5dfeade66f1beea67d1cc0b0e93012337685e0eca3267f98c1695a466657a8b24']
89548f4e-edd4-4e5b-a21c-69775cf0177b,245,FOTOVOLTAIKANLAGE,REIHENHÄUSER UND EINZELGEBÄUDE,[RELATION_TYPE=ASSOCIATED_WITH] [MODALITY=EXPLICIT_FACT] Photovoltaic installations are relevant for row houses and single buildings in the context of the legal facilitation.,9.0,18,['23663988970639bea940978ccbd9150fd292856f2f31a1d587392606a64713d5dfeade66f1beea67d1cc0b0e93012337685e0eca3267f98c1695a466657a8b24']
9d6fabfc-ba41-49f7-a996-6151dcb60f70,246,ELEKTRIZITÄTSWIRTSCHAFTSGESETZ (ELWG),ÖSTERREICH,[RELATION_TYPE=REGULATES] [MODALITY=PLANNED_ACTION] [STATUS=IN_LEGISLATIVE_REVIEW] The new Electricity Industry Act is intended to modernize the regulatory framework for the Austrian electricity market.,9.0,65,['23663988970639bea940978ccbd9150fd292856f2f31a1d587392606a64713d5dfeade66f1beea67d1cc0b0e93012337685e0eca3267f98c1695a466657a8b24']
fe3d2592-ad51-43d7-b2c5-78864178408f,247,ELEKTRIZITÄTSWIRTSCHAFTSGESETZ (ELWG),VERTEILERNETZ,"[RELATION_TYPE=REGULATES] [MODALITY=PLANNED_ACTION] [STATUS=IN_LEGISLATIVE_REVIEW] The new law will introduce more transparency, grid access, and flexible market roles relevant to the distribution grid for renewable integration.",9.0,15,['23663988970639bea940978ccbd9150fd292856f2f31a1d587392606a64713d5dfeade66f1beea67d1cc0b0e93012337685e0eca3267f98c1695a466657a8b24']
ea1818f2-ea24-4487-bcb8-641c7a6166c1,248,ELEKTRIZITÄTSWIRTSCHAFTSGESETZ (ELWG),FOTOVOLTAIKANLAGE,"[RELATION_TYPE=SUPPORTS] [MODALITY=PLANNED_ACTION] [STATUS=IN_LEGISLATIVE_REVIEW] By facilitating faster grid connection and improved grid transparency, the new law is expected to support quicker integration of photovoltaic systems.",8.0,29,['23663988970639bea940978ccbd9150fd292856f2f31a1d587392606a64713d5dfeade66f1beea67d1cc0b0e93012337685e0eca3267f98c1695a466657a8b24']
7944a4e2-0426-4489-946f-3ccb62cf21e2,249,ERNEUERBAREN-AUSBAU-BESCHLEUNIGUNGSGESETZ (E-ABG),FOTOVOLTAIKANLAGE,[RELATION_TYPE=SUPPORTS] [MODALITY=PLANNED_ACTION] [STATUS=IN_PREPARATION] The forthcoming Renewable Expansion Acceleration Act is expected to accelerate permitting/approval for PV installations.,10.0,17,['23663988970639bea940978ccbd9150fd292856f2f31a1d587392606a64713d5dfeade66f1beea67d1cc0b0e93012337685e0eca3267f98c1695a466657a8b24']
cb2c5582-35d1-470c-bb2f-619e52cf0c6b,250,FÖRDERUNGEN FÜR PHOTOVOLTAIK,FOTOVOLTAIKANLAGE,[RELATION_TYPE=SUPPORTS] [MODALITY=EXPLICIT_FACT] Financial incentives and other support schemes are used to mobilize already-used/sealed areas for PV installations.,9.0,19,['23663988970639bea940978ccbd9150fd292856f2f31a1d587392606a64713d5dfeade66f1beea67d1cc0b0e93012337685e0eca3267f98c1695a466657a8b24']
b24aa41d-c07a-4eca-ba0d-562cba3424fe,251,ZUSCHLÄGE BEI INNOVATIVEN ANLAGENFORMEN,FOTOVOLTAIKANLAGE,[RELATION_TYPE=SUPPORTS] [MODALITY=EXPLICIT_FACT] Premiums are provided for innovative PV installations as an incentive.,9.0,18,['23663988970639bea940978ccbd9150fd292856f2f31a1d587392606a64713d5dfeade66f1beea67d1cc0b0e93012337685e0eca3267f98c1695a466657a8b24']
31ae50f2-f827-40f2-ad33-715d16e3fe84,252,ABSCHLÄGE BEI PV-FREIFLÄCHENANLAGEN,FOTOVOLTAIKANLAGE,[RELATION_TYPE=SUPPORTS] [MODALITY=EXPLICIT_FACT] Financial deductions are applied to open-space PV systems as a regulatory incentive.,9.0,19,['23663988970639bea940978ccbd9150fd292856f2f31a1d587392606a64713d5dfeade66f1beea67d1cc0b0e93012337685e0eca3267f98c1695a466657a8b24']
2ae38197-1a9a-42be-8007-156af0095f26,253,ZUSCHLÄGE BEI INNOVATIVEN ANLAGENFORMEN,ERNEUERBAREN-AUSBAU-GESETZ (EAG),[RELATION_TYPE=IMPLEMENTED_BY] [MODALITY=EXPLICIT_FACT] Financial premiums for innovative PV system types are implemented via the Renewable Expansion Act (EAG).,10.0,12,['23663988970639bea940978ccbd9150fd292856f2f31a1d587392606a64713d5dfeade66f1beea67d1cc0b0e93012337685e0eca3267f98c1695a466657a8b24']
2aba7b0b-3a3f-4ea5-8f51-aac957ef349b,254,ABSCHLÄGE BEI PV-FREIFLÄCHENANLAGEN,ERNEUERBAREN-AUSBAU-GESETZ (EAG),[RELATION_TYPE=IMPLEMENTED_BY] [MODALITY=EXPLICIT_FACT] Financial deductions for ground-mounted PV installations are implemented by the Renewable Expansion Act (EAG).,10.0,13,['23663988970639bea940978ccbd9150fd292856f2f31a1d587392606a64713d5dfeade66f1beea67d1cc0b0e93012337685e0eca3267f98c1695a466657a8b24']
047f8304-679a-4f5e-8f86-68f997ad51da,255,PV-PFLICHT FÜR GRÖSSERE PARKPLÄTZE,FOTOVOLTAIKANLAGE,[RELATION_TYPE=REQUIRES] [MODALITY=PROPOSAL] [STATUS=UNDER_DISCUSSION] The proposed obligation would require PV installations on larger parking lots.,8.0,18,['23663988970639bea940978ccbd9150fd292856f2f31a1d587392606a64713d5dfeade66f1beea67d1cc0b0e93012337685e0eca3267f98c1695a466657a8b24']
e017fa29-149a-4e01-bd79-d26a852e9f08,256,GEBÄUDE-RICHTLINIE DER EU,FOTOVOLTAIKANLAGE,[RELATION_TYPE=REQUIRES] [MODALITY=LEGAL_REQUIREMENT] [STATUS=ADOPTED] The revised EU Buildings Directive prescribes PV obligations in new or renovated buildings or is the legal basis for such national requirements.,9.0,18,['23663988970639bea940978ccbd9150fd292856f2f31a1d587392606a64713d5dfeade66f1beea67d1cc0b0e93012337685e0eca3267f98c1695a466657a8b24']
1b0a059f-694c-4e24-a3c7-766ebedc83a4,257,AGRI-PV-ANLAGE,FOTOVOLTAIKANLAGE,[RELATION_TYPE=PART_OF] [MODALITY=EXPLICIT_FACT] Agri-PV is a specific application of photovoltaic systems within agriculture.,10.0,23,['23663988970639bea940978ccbd9150fd292856f2f31a1d587392606a64713d5dfeade66f1beea67d1cc0b0e93012337685e0eca3267f98c1695a466657a8b24']
9538f3df-d565-4454-9ef3-1014566563b9,258,AGRI-PV-ANLAGE,LANDWIRTSCHAFT,[RELATION_TYPE=ASSOCIATED_WITH] [MODALITY=EXPLICIT_FACT] Agri-PV installation enables new income streams and increased land-use efficiency for the agricultural sector.,8.0,9,['23663988970639bea940978ccbd9150fd292856f2f31a1d587392606a64713d5dfeade66f1beea67d1cc0b0e93012337685e0eca3267f98c1695a466657a8b24']
ef914065-b6d2-4a28-8580-efb29a2e3815,259,PV-DACHGARTEN,FOTOVOLTAIKANLAGE,[RELATION_TYPE=PART_OF] [MODALITY=EXPLICIT_FACT] Roof gardens with PV represent a combination of PV installation and roof greening.,10.0,19,['23663988970639bea940978ccbd9150fd292856f2f31a1d587392606a64713d5dfeade66f1beea67d1cc0b0e93012337685e0eca3267f98c1695a466657a8b24']
6a1fdd6d-61cf-4763-835e-e28e98883ceb,260,PV-DACHGARTEN,FÖRDERUNGEN FÜR PHOTOVOLTAIK,[RELATION_TYPE=SUPPORTS] [MODALITY=PROPOSAL] A proposal to facilitate PV-roof gardens by enabling cumulated support for PV and green roofs.,7.0,6,['23663988970639bea940978ccbd9150fd292856f2f31a1d587392606a64713d5dfeade66f1beea67d1cc0b0e93012337685e0eca3267f98c1695a466657a8b24']
9c3a4c16-ea89-4abc-bcc4-104a95640a65,261,KLIMAMODELLREGIONEN,FOTOVOLTAIKANLAGE,[RELATION_TYPE=SUPPORTS] [MODALITY=RECOMMENDATION] Climate model regions should be further developed into model regions for ambitious PV production.,7.0,17,['23663988970639bea940978ccbd9150fd292856f2f31a1d587392606a64713d5dfeade66f1beea67d1cc0b0e93012337685e0eca3267f98c1695a466657a8b24']
6aae0fe7-819c-4012-9874-3ca4080b35b8,262,FREIFLÄCHENANLAGE ALS BIODIVERSITÄTSANLAGE,FOTOVOLTAIKANLAGE,[RELATION_TYPE=PART_OF] [MODALITY=EXPLICIT_FACT] Ground-mounted PV installations can be designed to enhance biodiversity.,10.0,18,['23663988970639bea940978ccbd9150fd292856f2f31a1d587392606a64713d5dfeade66f1beea67d1cc0b0e93012337685e0eca3267f98c1695a466657a8b24']
93cddba9-5497-40fa-9b4a-11616d15dd53,263,FREIFLÄCHENANLAGE ALS BIODIVERSITÄTSANLAGE,RENATURIERUNGSZIELE DER EU,"The entity ""FREIFLÄCHENANLAGE ALS BIODIVERSITÄTSANLAGE"" (PV ground-mounted systems designed for higher biodiversity) is explicitly described as being in line with and aligning with ""RENATURIERUNGSZIELE DER EU"" (EU renaturation goals) when enhanced biodiversity is prioritized in their design.",16.0,3,"['23663988970639bea940978ccbd9150fd292856f2f31a1d587392606a64713d5dfeade66f1beea67d1cc0b0e93012337685e0eca3267f98c1695a466657a8b24'
 '23663988970639bea940978ccbd9150fd292856f2f31a1d587392606a64713d5dfeade66f1beea67d1cc0b0e93012337685e0eca3267f98c1695a466657a8b24']"
d04dce8b-384f-4664-962a-378ab41ce786,264,BUNDESLÄNDER,ZUR VERFÜGUNG GESTELLTE FLÄCHEN FÜR DEN AUSBAU DER ERNEUERBAREN,[RELATION_TYPE=RESPONSIBLE_FOR] [MODALITY=EXPLICIT_FACT] The Austrian federal states are responsible for providing appropriate areas for renewable energy expansion.,10.0,7,['23663988970639bea940978ccbd9150fd292856f2f31a1d587392606a64713d5dfeade66f1beea67d1cc0b0e93012337685e0eca3267f98c1695a466657a8b24']
57681d44-7650-42fd-84ff-1ea31256ee67,265,BUNDESLÄNDER,BUND,[RELATION_TYPE=ASSOCIATED_WITH] [MODALITY=EXPLICIT_FACT] The federal states and the federal government cooperate for renewable energy implementation.,9.0,8,['23663988970639bea940978ccbd9150fd292856f2f31a1d587392606a64713d5dfeade66f1beea67d1cc0b0e93012337685e0eca3267f98c1695a466657a8b24']
6b069fc3-fb51-4329-8dd2-90b1c2b6ab04,266,BUND-LÄNDER-DIALOG ERNEUERBARE ENERGIE,BUNDESLÄNDER,[RELATION_TYPE=ASSOCIATED_WITH] [MODALITY=EXPLICIT_FACT] The federal-provincial renewables dialogue involves the federal states.,10.0,8,['23663988970639bea940978ccbd9150fd292856f2f31a1d587392606a64713d5dfeade66f1beea67d1cc0b0e93012337685e0eca3267f98c1695a466657a8b24']
f9ac898b-cd1c-4b2e-8e67-9f1fa0929ddc,267,BUND-LÄNDER-DIALOG ERNEUERBARE ENERGIE,BUND,[RELATION_TYPE=ASSOCIATED_WITH] [MODALITY=EXPLICIT_FACT] The dialogue body includes cooperation between the national and regional governments.,10.0,6,['23663988970639bea940978ccbd9150fd292856f2f31a1d587392606a64713d5dfeade66f1beea67d1cc0b0e93012337685e0eca3267f98c1695a466657a8b24']
81b3be2c-ac6f-4efd-a9ea-fd78ce3f6034,268,BUND-LÄNDER-DIALOG ERNEUERBARE ENERGIE,100% NATIONAL BILANZIELL ERNEUERBARER GESAMTSTROMVERBRAUCH AB 2030,[RELATION_TYPE=SUPPORTS] [MODALITY=EXPLICIT_FACT] The dialogue body is specifically stated to support achievement of the national 100% renewable electricity target from 2030.,10.0,7,['23663988970639bea940978ccbd9150fd292856f2f31a1d587392606a64713d5dfeade66f1beea67d1cc0b0e93012337685e0eca3267f98c1695a466657a8b24']
5bd57206-7e2a-4e00-a50c-86c9013e4c4e,269,ZUR VERFÜGUNG GESTELLTE FLÄCHEN FÜR DEN AUSBAU DER ERNEUERBAREN,100% NATIONAL BILANZIELL ERNEUERBARER GESAMTSTROMVERBRAUCH AB 2030,[RELATION_TYPE=CONSTRAINS] [MODALITY=EXPLICIT_FACT] The provision of sufficient land is essential and constrains the achievement of the 2030 national 100% renewable electricity target.,9.0,6,['23663988970639bea940978ccbd9150fd292856f2f31a1d587392606a64713d5dfeade66f1beea67d1cc0b0e93012337685e0eca3267f98c1695a466657a8b24']
fa0d1c9a-989a-417d-b780-8724aa40cb86,270,PROZESSE UND FÖRDERSTRATEGIEN,100% NATIONAL BILANZIELL ERNEUERBARER GESAMTSTROMVERBRAUCH AB 2030,[RELATION_TYPE=CONSTRAINS] [MODALITY=EXPLICIT_FACT] The statement notes that the alignment and optimization of processes and support strategies are necessary for achieving the 2030 target.,8.0,5,['23663988970639bea940978ccbd9150fd292856f2f31a1d587392606a64713d5dfeade66f1beea67d1cc0b0e93012337685e0eca3267f98c1695a466657a8b24']
9cf20dba-81dd-47d6-85d0-9d3ada81506b,271,ÖSTERREICH,100% NATIONAL BILANZIELL ERNEUERBARER GESAMTSTROMVERBRAUCH AB 2030,[RELATION_TYPE=HAS_TARGET] [MODALITY=EXPLICIT_FACT] Austria has the national target to cover all electricity consumption from renewables by 2030 on a net basis.,1.0,56,['23663988970639bea940978ccbd9150fd292856f2f31a1d587392606a64713d5dfeade66f1beea67d1cc0b0e93012337685e0eca3267f98c1695a466657a8b24']
ac68297e-2769-49d5-9bf7-4f064d13bb36,272,PV-FREIFLÄCHENANLAGE,ABSCHLÄGE BEI PV-FREIFLÄCHENANLAGEN,[RELATION_TYPE=SUPPORTED_BY] [MODALITY=EXPLICIT_FACT] Open-space PV installations are subject to financial reductions.,9.0,4,['23663988970639bea940978ccbd9150fd292856f2f31a1d587392606a64713d5dfeade66f1beea67d1cc0b0e93012337685e0eca3267f98c1695a466657a8b24']
17f2a24d-5980-4cef-bdc6-bfeafbd92e25,273,VERSIEGELTE FLÄCHEN,FÖRDERUNGEN FÜR PHOTOVOLTAIK,[RELATION_TYPE=SUPPORTED_BY] [MODALITY=EXPLICIT_FACT] Sealed surfaces are to be mobilized for PV with the help of support schemes and obligations.,8.0,5,['23663988970639bea940978ccbd9150fd292856f2f31a1d587392606a64713d5dfeade66f1beea67d1cc0b0e93012337685e0eca3267f98c1695a466657a8b24']
61b0ebf4-456b-404b-bb84-eda65c18803d,274,GEBÄUDE,FOTOVOLTAIKANLAGE,"[RELATION_TYPE=LOCATED_IN] [MODALITY=EXPLICIT_FACT] PV systems can be installed on buildings, representing a key use case for policy and support.",8.0,20,['23663988970639bea940978ccbd9150fd292856f2f31a1d587392606a64713d5dfeade66f1beea67d1cc0b0e93012337685e0eca3267f98c1695a466657a8b24']
687498ea-e91d-4c52-a45e-9a50587b9357,275,PARKPLÄTZE,FOTOVOLTAIKANLAGE,"[RELATION_TYPE=LOCATED_IN] [MODALITY=EXPLICIT_FACT] PV systems may be installed on parking lots, especially under potential PV installation obligations.",8.0,18,['23663988970639bea940978ccbd9150fd292856f2f31a1d587392606a64713d5dfeade66f1beea67d1cc0b0e93012337685e0eca3267f98c1695a466657a8b24']
28c3fedb-3539-4ba3-89c2-8d32e60763ce,276,NEUBAU UND SANIERUNG,GEBÄUDE-RICHTLINIE DER EU,[RELATION_TYPE=APPLIES_TO] [MODALITY=LEGAL_REQUIREMENT] The EU directive prescribes PV obligations in new and renovated buildings.,9.0,3,['23663988970639bea940978ccbd9150fd292856f2f31a1d587392606a64713d5dfeade66f1beea67d1cc0b0e93012337685e0eca3267f98c1695a466657a8b24']
83b60c4a-0f3c-4873-b630-f085419c2179,277,KUMULIERTE FÖRDERUNG VON PV UND GRÜNDACH,PV-DACHGARTEN,[RELATION_TYPE=SUPPORTS] [MODALITY=PROPOSAL] The combined subsidy is proposed to facilitate PV roof gardens.,8.0,6,['23663988970639bea940978ccbd9150fd292856f2f31a1d587392606a64713d5dfeade66f1beea67d1cc0b0e93012337685e0eca3267f98c1695a466657a8b24']
a4419509-17a4-4eb7-b946-dbaf5175e452,278,GRÜNDACH,KUMULIERTE FÖRDERUNG VON PV UND GRÜNDACH,"[RELATION_TYPE=SUPPORTED_BY] [MODALITY=PROPOSAL] Green roofs, in combination with PV, can receive cumulative financial support.",8.0,4,['23663988970639bea940978ccbd9150fd292856f2f31a1d587392606a64713d5dfeade66f1beea67d1cc0b0e93012337685e0eca3267f98c1695a466657a8b24']
93113988-fa1e-4c77-b08e-1c5fff355240,279,UNTERKONSTRUKTION,KUMULIERTE FÖRDERUNG VON PV UND GRÜNDACH,[RELATION_TYPE=SUPPORTED_BY] [MODALITY=PROPOSAL] The substructure is considered in the proposed cumulative support for PV and green roofs.,8.0,4,['23663988970639bea940978ccbd9150fd292856f2f31a1d587392606a64713d5dfeade66f1beea67d1cc0b0e93012337685e0eca3267f98c1695a466657a8b24']
99970a53-43f9-4938-94c8-5671d4c4c33a,280,DOPPELNUTZUNG MIT AGRI-PV,AGRI-PV-ANLAGE,[RELATION_TYPE=ALIAS_OF] [MODALITY=EXPLICIT_FACT] Agri-PV is described as a dual use of land for both agriculture and PV.,10.0,8,['23663988970639bea940978ccbd9150fd292856f2f31a1d587392606a64713d5dfeade66f1beea67d1cc0b0e93012337685e0eca3267f98c1695a466657a8b24']
d0463d27-3e45-4a57-8007-103e97b573c4,281,LANDWIRTSCHAFT,AGRI-PV-ANLAGE,[RELATION_TYPE=BENEFITS_FROM] [MODALITY=EXPLICIT_FACT] The agricultural sector gains new income opportunities and improved land efficiency through Agri-PV installations.,9.0,9,['23663988970639bea940978ccbd9150fd292856f2f31a1d587392606a64713d5dfeade66f1beea67d1cc0b0e93012337685e0eca3267f98c1695a466657a8b24']
e7c20002-b300-450d-a95e-8daf3d727b5f,282,NETZANSCHLUSS,ELEKTRIZITÄTSWIRTSCHAFTSGESETZ (ELWG),[RELATION_TYPE=SUPPORTED_BY] [MODALITY=PLANNED_ACTION] The new legal framework includes a simplified grid connection for small installations.,8.0,17,['23663988970639bea940978ccbd9150fd292856f2f31a1d587392606a64713d5dfeade66f1beea67d1cc0b0e93012337685e0eca3267f98c1695a466657a8b24']
7e556673-32c2-439a-902a-39386ac580fa,283,NETZZUGANG,ELEKTRIZITÄTSWIRTSCHAFTSGESETZ (ELWG),[RELATION_TYPE=SUPPORTED_BY] [MODALITY=PLANNED_ACTION] The ELWG foresees time-limited flexible grid access for faster grid connection of PV systems.,8.0,14,['23663988970639bea940978ccbd9150fd292856f2f31a1d587392606a64713d5dfeade66f1beea67d1cc0b0e93012337685e0eca3267f98c1695a466657a8b24']
ee194553-0b8a-4000-95b5-9434e09d429c,284,NETZKAPAZITÄTEN,VERTEILERNETZ,[RELATION_TYPE=MEASURED_BY] [MODALITY=EXPLICIT_FACT] The distribution grid’s available capacity is to become publicly available to promote investment and planning.,8.0,4,['23663988970639bea940978ccbd9150fd292856f2f31a1d587392606a64713d5dfeade66f1beea67d1cc0b0e93012337685e0eca3267f98c1695a466657a8b24']
6b4862fd-6a25-4236-a21f-4e2e890ca5ba,285,NETZKAPAZITÄTEN,ELEKTRIZITÄTSWIRTSCHAFTSGESETZ (ELWG),[RELATION_TYPE=SUPPORTED_BY] [MODALITY=PLANNED_ACTION] The legal reform is intended to require transparency about grid capacities for network users.,8.0,15,['23663988970639bea940978ccbd9150fd292856f2f31a1d587392606a64713d5dfeade66f1beea67d1cc0b0e93012337685e0eca3267f98c1695a466657a8b24']
45a29635-026b-4c58-8ea1-af05f78ec74c,286,NETZENTWICKLUNGSPLÄNE,ELEKTRIZITÄTSWIRTSCHAFTSGESETZ (ELWG),[RELATION_TYPE=SUPPORTED_BY] [MODALITY=PLANNED_ACTION] The new law supports the publication of grid development plans in the distribution network.,8.0,14,['23663988970639bea940978ccbd9150fd292856f2f31a1d587392606a64713d5dfeade66f1beea67d1cc0b0e93012337685e0eca3267f98c1695a466657a8b24']
7fdfeaa4-a4b2-450d-8fcf-725f1e81b27f,287,AMTLICH BEFASSTE MARKTROLLEN,ELEKTRIZITÄTSWIRTSCHAFTSGESETZ (ELWG),[RELATION_TYPE=SUPPORTED_BY] [MODALITY=PLANNED_ACTION] New or updated official market roles are intended to be created under the planned law.,8.0,14,['23663988970639bea940978ccbd9150fd292856f2f31a1d587392606a64713d5dfeade66f1beea67d1cc0b0e93012337685e0eca3267f98c1695a466657a8b24']
e29296cf-8316-4f74-a76d-5dc423a1fe73,288,FLEXIBILITÄT,ELEKTRIZITÄTSWIRTSCHAFTSGESETZ (ELWG),[RELATION_TYPE=SUPPORTED_BY] [MODALITY=PLANNED_ACTION] The new law seeks to enhance system flexibility through regulatory measures.,8.0,14,['23663988970639bea940978ccbd9150fd292856f2f31a1d587392606a64713d5dfeade66f1beea67d1cc0b0e93012337685e0eca3267f98c1695a466657a8b24']
22fc3157-fa1a-4945-a6de-edcd4d6d6e0d,289,REGULATORISCHE VORGABEN UND VERPFLICHTUNGEN,VERSIEGELTE FLÄCHEN,[RELATION_TYPE=APPLIES_TO] [MODALITY=EXPLICIT_FACT] Regulatory requirements and obligations aim to mobilize already-used or sealed surfaces for PV installations.,8.0,5,['23663988970639bea940978ccbd9150fd292856f2f31a1d587392606a64713d5dfeade66f1beea67d1cc0b0e93012337685e0eca3267f98c1695a466657a8b24']
4c8c2e97-9bed-4d2a-9115-837ca7a06795,290,REGULATORISCHE VORGABEN UND VERPFLICHTUNGEN,FOTOVOLTAIKANLAGE,[RELATION_TYPE=REGULATES] [MODALITY=EXPLICIT_FACT] Regulatory specifications and obligations oversee the construction and deployment of PV systems.,8.0,19,['23663988970639bea940978ccbd9150fd292856f2f31a1d587392606a64713d5dfeade66f1beea67d1cc0b0e93012337685e0eca3267f98c1695a466657a8b24']
10b32743-a5e6-41fc-8f58-59ecfcfa3950,291,REGULATORISCHE VORGABEN UND VERPFLICHTUNGEN,PV-PFLICHT FÜR GRÖSSERE PARKPLÄTZE,[RELATION_TYPE=ASSOCIATED_WITH] [MODALITY=PROPOSAL] The discussed PV obligation for larger parking lots is an example of potential future regulatory requirements.,1.0,5,['23663988970639bea940978ccbd9150fd292856f2f31a1d587392606a64713d5dfeade66f1beea67d1cc0b0e93012337685e0eca3267f98c1695a466657a8b24']
4ae7c604-c0df-481b-8f30-4dc6e4cd355b,292,AGRI-PV-ANLAGEN,LANDWIRTSCHAFT,[RELATION_TYPE=SUPPORTS] [MODALITY=EXPLICIT_FACT] Agri-PV systems provide income opportunities and enhanced land-use efficiency for the agricultural sector.,9.0,4,['41bd25afdc1cce74b36dd6db5e44e91354172fda16475ab6a3f6cf99bddc720aa91cb56b5ea1b1c4774c8c97017d6bb03c52ba2676d7cfaab1c73fed8ab82912']
d6cfc571-f892-4f24-996a-57679bc4e4d0,293,AGRI-PV-ANLAGEN,PHOTOVOLTAIK,[RELATION_TYPE=PART_OF] [MODALITY=EXPLICIT_FACT] Agri-PV installations are a specific form of photovoltaic system applied in agriculture.,8.0,87,['41bd25afdc1cce74b36dd6db5e44e91354172fda16475ab6a3f6cf99bddc720aa91cb56b5ea1b1c4774c8c97017d6bb03c52ba2676d7cfaab1c73fed8ab82912']
89da4dbb-62c8-41c1-99d9-e5e01b952ab9,294,ÖSTERREICH,PV-AUSBAUZIELE 2030,[RELATION_TYPE=HAS_TARGET] [MODALITY=EXPLICIT_FACT] Austria (federal and Länder level) has PV expansion targets set for 2030.,10.0,56,['41bd25afdc1cce74b36dd6db5e44e91354172fda16475ab6a3f6cf99bddc720aa91cb56b5ea1b1c4774c8c97017d6bb03c52ba2676d7cfaab1c73fed8ab82912']
585e24ca-a612-4738-8656-ad28231030f5,295,BUNDESLAND,PV-AUSBAUZIELE 2030,[RELATION_TYPE=HAS_TARGET] [MODALITY=EXPLICIT_FACT] Austrian federal states have PV expansion targets for 2030.,9.0,6,['41bd25afdc1cce74b36dd6db5e44e91354172fda16475ab6a3f6cf99bddc720aa91cb56b5ea1b1c4774c8c97017d6bb03c52ba2676d7cfaab1c73fed8ab82912']
8d4de649-c207-4afe-927e-9304f2c2e4e9,296,PV-AUSBAUZIELE 2030,PV-AUSBAUZIELE 2040,[RELATION_TYPE=REQUIRES] [MODALITY=PROPOSAL] It is proposed that the 2030 PV expansion targets be complemented with 2040 targets.,7.0,7,['41bd25afdc1cce74b36dd6db5e44e91354172fda16475ab6a3f6cf99bddc720aa91cb56b5ea1b1c4774c8c97017d6bb03c52ba2676d7cfaab1c73fed8ab82912']
6a680e27-b775-47bb-b0e2-ce4ce50729fe,297,ERNEUERBARE-ENERGIEN-RICHTLINIE (RED III),ERNEUERBAREN-BESCHLEUNIGUNGSGEBIETE (RENEWABLES ACCELERATION AREAS),[RELATION_TYPE=REQUIRES] [MODALITY=LEGAL_REQUIREMENT] [STATUS=IN_FORCE] RED III requires Member States to define Renewables Acceleration Areas to facilitate faster expansion of renewable energy installations.,10.0,5,['41bd25afdc1cce74b36dd6db5e44e91354172fda16475ab6a3f6cf99bddc720aa91cb56b5ea1b1c4774c8c97017d6bb03c52ba2676d7cfaab1c73fed8ab82912']
e36754d3-58c1-433f-b973-552dbb23be34,298,ERNEUERBAREN-BESCHLEUNIGUNGSGEBIETE (RENEWABLES ACCELERATION AREAS),PHOTOVOLTAIK,[RELATION_TYPE=SUPPORTS] [MODALITY=RECOMMENDATION] These zones are intended to make it easier and faster to expand renewable energy installations such as photovoltaics.,8.0,89,['41bd25afdc1cce74b36dd6db5e44e91354172fda16475ab6a3f6cf99bddc720aa91cb56b5ea1b1c4774c8c97017d6bb03c52ba2676d7cfaab1c73fed8ab82912']
4816b7e7-c927-4c75-b19a-ce6780593984,299,ÖSTERREICH,ERNEUERBAREN-BESCHLEUNIGUNGSGEBIETE (RENEWABLES ACCELERATION AREAS),[RELATION_TYPE=REQUIRES] [MODALITY=LEGAL_REQUIREMENT] Austrian Länder are required to designate areas as part of EU renewable-energy objectives and RED III requirements.,9.0,56,['41bd25afdc1cce74b36dd6db5e44e91354172fda16475ab6a3f6cf99bddc720aa91cb56b5ea1b1c4774c8c97017d6bb03c52ba2676d7cfaab1c73fed8ab82912']
2867e2c3-10e4-4bb9-b0eb-e10c59152541,300,INTEGRIERTER ÖSTERREICHISCHER NETZINFRASTRUKTURPLAN (NIP),PHOTOVOLTAIK,"[RELATION_TYPE=SUPPORTS] [MODALITY=EXPLICIT_FACT] The NIP identifies and supports area potentials on buildings, infrastructures, and open spaces for PV installation.",8.0,93,['41bd25afdc1cce74b36dd6db5e44e91354172fda16475ab6a3f6cf99bddc720aa91cb56b5ea1b1c4774c8c97017d6bb03c52ba2676d7cfaab1c73fed8ab82912']
68779c83-a8e0-4038-aae0-ed141f362985,301,INTEGRIERTER ÖSTERREICHISCHER NETZINFRASTRUKTURPLAN (NIP),PV-AUSBAUZIELE 2040,[RELATION_TYPE=SUPPORTS] [MODALITY=RECOMMENDATION] The NIP's area potential mapping is recommended to be regularly updated and aligned with expansion needs towards 2040.,7.0,11,['41bd25afdc1cce74b36dd6db5e44e91354172fda16475ab6a3f6cf99bddc720aa91cb56b5ea1b1c4774c8c97017d6bb03c52ba2676d7cfaab1c73fed8ab82912']
a3ab4147-a213-47db-a26d-8f77ba5c6563,302,ÖKODESIGN-RICHTLINIE,PHOTOVOLTAIK,"[RELATION_TYPE=REGULATES] [MODALITY=EXPLICIT_FACT] The Eco-design Directive, expanded to a regulation, applies to and is used to regulate photovoltaic systems.",8.0,88,['41bd25afdc1cce74b36dd6db5e44e91354172fda16475ab6a3f6cf99bddc720aa91cb56b5ea1b1c4774c8c97017d6bb03c52ba2676d7cfaab1c73fed8ab82912']
ddfb3724-38d1-43b1-8e72-644ce4671351,303,EUROPÄISCHE QUALITÄTSNORMEN,TRANSPARENTE QUALITÄTSAUSZEICHNUNGEN,[RELATION_TYPE=SUPPORTS] [MODALITY=RECOMMENDATION] Existing European quality norms are recommended as the basis for establishing transparent quality labels for PV.,7.0,3,['41bd25afdc1cce74b36dd6db5e44e91354172fda16475ab6a3f6cf99bddc720aa91cb56b5ea1b1c4774c8c97017d6bb03c52ba2676d7cfaab1c73fed8ab82912']
d7d9e37d-ebe7-411e-b420-06fbb4511f43,304,TRANSPARENTE QUALITÄTSAUSZEICHNUNGEN,QUALITÄTSSICHERNDE MASSNAHMEN,[RELATION_TYPE=SUPPORTS] [MODALITY=PROPOSAL] Transparent quality labels are proposed as a quality-assurance measure in the PV value chain.,7.0,5,['41bd25afdc1cce74b36dd6db5e44e91354172fda16475ab6a3f6cf99bddc720aa91cb56b5ea1b1c4774c8c97017d6bb03c52ba2676d7cfaab1c73fed8ab82912']
558cf654-2a57-45c0-a857-67faa1e4506c,305,QUALITÄTSSICHERNDE MASSNAHMEN,PHOTOVOLTAIK,[RELATION_TYPE=SUPPORTS] [MODALITY=EXPLICIT_FACT] Quality-assurance measures in ecological and technical processes contribute to establishing photovoltaics as a widely accepted standard technology.,7.0,88,['41bd25afdc1cce74b36dd6db5e44e91354172fda16475ab6a3f6cf99bddc720aa91cb56b5ea1b1c4774c8c97017d6bb03c52ba2676d7cfaab1c73fed8ab82912']
c148948f-22e1-4602-95e3-35e59b71f55e,306,ANSPRUCHSVOLL/UMFASSENDES GENEHMIGUNGSVERFAHREN,PHOTOVOLTAIK,[RELATION_TYPE=CONSTRAINS] [MODALITY=EXPLICIT_FACT] Comprehensive and complex approval procedures hinder rapid PV expansion.,8.0,88,['41bd25afdc1cce74b36dd6db5e44e91354172fda16475ab6a3f6cf99bddc720aa91cb56b5ea1b1c4774c8c97017d6bb03c52ba2676d7cfaab1c73fed8ab82912']
08ce5a72-7134-4796-a0ba-6df22303219b,307,BÜROKRATIE,PV-ANLAGE,[RELATION_TYPE=CONSTRAINS] [MODALITY=EXPLICIT_FACT] Bureaucracy in grid access is identified as an obstacle in PV investment and installation.,8.0,27,['41bd25afdc1cce74b36dd6db5e44e91354172fda16475ab6a3f6cf99bddc720aa91cb56b5ea1b1c4774c8c97017d6bb03c52ba2676d7cfaab1c73fed8ab82912']
9f54685b-b5b2-4cfb-95c5-ab1100039dcd,308,VERFAHRENFREISTELLUNG,ANSPRUCHSVOLL/UMFASSENDES GENEHMIGUNGSVERFAHREN,[RELATION_TYPE=SUPPORTS] [MODALITY=RECOMMENDATION] Exemption from approval procedures is recommended for certain installations to reduce procedural complexity.,7.0,5,['41bd25afdc1cce74b36dd6db5e44e91354172fda16475ab6a3f6cf99bddc720aa91cb56b5ea1b1c4774c8c97017d6bb03c52ba2676d7cfaab1c73fed8ab82912']
c61d46b2-ba7f-4c5a-bc03-2202bfe015ac,309,VEREINFACHTES VERFAHREN,ANSPRUCHSVOLL/UMFASSENDES GENEHMIGUNGSVERFAHREN,[RELATION_TYPE=SUPPORTS] [MODALITY=RECOMMENDATION] Simplified procedures are proposed to reduce complexity and duration of approvals for renewables and PV systems.,7.0,5,['41bd25afdc1cce74b36dd6db5e44e91354172fda16475ab6a3f6cf99bddc720aa91cb56b5ea1b1c4774c8c97017d6bb03c52ba2676d7cfaab1c73fed8ab82912']
ae88dcb0-a12d-4886-a476-c31e9dd62c8f,310,ERNEUERBAREN-AUSBAU-BESCHLEUNIGUNGSGESETZ (EABG),VERFAHRENFREISTELLUNG,[RELATION_TYPE=SUPPORTS] [MODALITY=EXPLICIT_FACT] The EABG is intended to support the introduction of exemptions from approval processes for certain renewables installations.,7.0,5,['41bd25afdc1cce74b36dd6db5e44e91354172fda16475ab6a3f6cf99bddc720aa91cb56b5ea1b1c4774c8c97017d6bb03c52ba2676d7cfaab1c73fed8ab82912']
329cd8b1-1c4c-4b70-b11f-b1b6e8615580,311,ERNEUERBAREN-AUSBAU-BESCHLEUNIGUNGSGESETZ (EABG),VEREINFACHTES VERFAHREN,[RELATION_TYPE=SUPPORTS] [MODALITY=EXPLICIT_FACT] The EABG is intended to help enable simplified procedures for renewables and PV installation approvals.,7.0,5,['41bd25afdc1cce74b36dd6db5e44e91354172fda16475ab6a3f6cf99bddc720aa91cb56b5ea1b1c4774c8c97017d6bb03c52ba2676d7cfaab1c73fed8ab82912']
82d22d53-2d88-449c-81be-79fc646d5053,312,STROMNETZ,PV-ANLAGE,[RELATION_TYPE=SUPPORTS] [MODALITY=EXPLICIT_FACT] Access to the public grid is required for PV installations to operate.,9.0,34,['41bd25afdc1cce74b36dd6db5e44e91354172fda16475ab6a3f6cf99bddc720aa91cb56b5ea1b1c4774c8c97017d6bb03c52ba2676d7cfaab1c73fed8ab82912']
4d774d97-2e43-41fc-bd43-2754760a5804,313,STUDIE „ANSCHLUSS ERNEUERBARE ENERGIEN“,PV-ANLAGE,[RELATION_TYPE=MEASURED_BY] [MODALITY=EXPLICIT_FACT] The study analyzes barriers for the connection and operation of PV installations.,9.0,27,['41bd25afdc1cce74b36dd6db5e44e91354172fda16475ab6a3f6cf99bddc720aa91cb56b5ea1b1c4774c8c97017d6bb03c52ba2676d7cfaab1c73fed8ab82912']
fb1fbb7f-0749-4b40-b5b6-9386e657ad87,314,BMK,STAKEHOLDERRUNDEN DES BMK,[RELATION_TYPE=RESPONSIBLE_FOR] [MODALITY=EXPLICIT_FACT] The BMK organizes stakeholder rounds concerning connection and operation of renewable systems.,10.0,5,['41bd25afdc1cce74b36dd6db5e44e91354172fda16475ab6a3f6cf99bddc720aa91cb56b5ea1b1c4774c8c97017d6bb03c52ba2676d7cfaab1c73fed8ab82912']
31b87ee7-c016-4ec4-87c8-341c0fb300a4,315,E-CONTROL,AKTIONSPLAN DER E-CONTROL,[RELATION_TYPE=RESPONSIBLE_FOR] [MODALITY=EXPLICIT_FACT] E-Control is responsible for the July 2023 action plan implementing measures to improve grid connections for renewables.,10.0,10,['41bd25afdc1cce74b36dd6db5e44e91354172fda16475ab6a3f6cf99bddc720aa91cb56b5ea1b1c4774c8c97017d6bb03c52ba2676d7cfaab1c73fed8ab82912']
3c7e2ef1-378a-4942-9db4-ae5f6bd30c7a,316,STAKEHOLDERRUNDEN DES BMK,PV-ANLAGE,[RELATION_TYPE=SUPPORTS] [MODALITY=EXPLICIT_FACT] The BMK's stakeholder rounds are a support scheme for facilitating implementation of connection measures for PV installations.,8.0,28,['41bd25afdc1cce74b36dd6db5e44e91354172fda16475ab6a3f6cf99bddc720aa91cb56b5ea1b1c4774c8c97017d6bb03c52ba2676d7cfaab1c73fed8ab82912']
c5696ec8-ae09-402b-b6c7-2420c0f15ef6,317,AKTIONSPLAN DER E-CONTROL,PV-ANLAGE,[RELATION_TYPE=SUPPORTS] [MODALITY=EXPLICIT_FACT] The action plan addresses recommended measures for the connection and operation of PV installations.,8.0,28,['41bd25afdc1cce74b36dd6db5e44e91354172fda16475ab6a3f6cf99bddc720aa91cb56b5ea1b1c4774c8c97017d6bb03c52ba2676d7cfaab1c73fed8ab82912']
8ae30e94-ef28-49fb-8d80-ca6e87f41fc0,318,ELEKTRIZITÄTSWIRTSCHAFTSGESETZ (ELWG),PV-ANLAGE,[RELATION_TYPE=REGULATES] [MODALITY=EXPLICIT_FACT] The new Electricity Industry Act addresses and regulates key issues for PV connection and operation.,9.0,39,['41bd25afdc1cce74b36dd6db5e44e91354172fda16475ab6a3f6cf99bddc720aa91cb56b5ea1b1c4774c8c97017d6bb03c52ba2676d7cfaab1c73fed8ab82912']
f716e4af-ac64-491f-b73b-53d3a28bde66,319,NETZINFRASTRUKTUR,PV-ANLAGE,[RELATION_TYPE=SUPPORTS] [MODALITY=EXPLICIT_FACT] Network infrastructure enables the connection and operation of PV installations.,1.0,27,['41bd25afdc1cce74b36dd6db5e44e91354172fda16475ab6a3f6cf99bddc720aa91cb56b5ea1b1c4774c8c97017d6bb03c52ba2676d7cfaab1c73fed8ab82912']
b15662aa-f541-4f80-b6eb-9ff1e11adef2,320,FLÄCHENPOTENTIALE AN INFRASTRUKTUREINRICHTUNGEN,INTEGRIERTER ÖSTERREICHISCHER NETZINFRASTRUKTURPLAN (NIP),[RELATION_TYPE=MEASURED_BY] [MODALITY=EXPLICIT_FACT] The NIP measures and shows area potential for PV on infrastructure facilities.,9.0,9,['41bd25afdc1cce74b36dd6db5e44e91354172fda16475ab6a3f6cf99bddc720aa91cb56b5ea1b1c4774c8c97017d6bb03c52ba2676d7cfaab1c73fed8ab82912']
6bd5dacb-9173-4315-a76e-0d9d0ed25f68,321,FLÄCHENPOTENTIALE AN FREIFLÄCHEN,INTEGRIERTER ÖSTERREICHISCHER NETZINFRASTRUKTURPLAN (NIP),[RELATION_TYPE=MEASURED_BY] [MODALITY=EXPLICIT_FACT] The NIP inventories the area potential of free-field/open land sites available for PV.,9.0,9,['41bd25afdc1cce74b36dd6db5e44e91354172fda16475ab6a3f6cf99bddc720aa91cb56b5ea1b1c4774c8c97017d6bb03c52ba2676d7cfaab1c73fed8ab82912']
1372dd45-cdd4-4f1c-bb97-22a55eb7a8d9,322,REGELMÄSSIGE ANPASSUNG DER FLÄCHENPOTENTIALE IM NIP,INTEGRIERTER ÖSTERREICHISCHER NETZINFRASTRUKTURPLAN (NIP),[RELATION_TYPE=SUPPORTS] [MODALITY=RECOMMENDATION] Regular updates to area potentials are suggested for the NIP to remain current and in alignment with demand and targets.,7.0,9,['41bd25afdc1cce74b36dd6db5e44e91354172fda16475ab6a3f6cf99bddc720aa91cb56b5ea1b1c4774c8c97017d6bb03c52ba2676d7cfaab1c73fed8ab82912']
8d10cf4c-8e69-4cd5-8a56-6e8f6a8f93df,323,KLARE ZIELE DER BUNDESLÄNDER UND GEMEINDEN,PV-AUSBAUZIELE 2030,[RELATION_TYPE=SUPPORTS] [MODALITY=RECOMMENDATION] Clear targets at Land and municipality levels are considered necessary for meeting 2030 PV expansion goals.,7.0,7,['41bd25afdc1cce74b36dd6db5e44e91354172fda16475ab6a3f6cf99bddc720aa91cb56b5ea1b1c4774c8c97017d6bb03c52ba2676d7cfaab1c73fed8ab82912']
bba1e676-ebe6-40e8-9dc3-17f5e2962d29,324,KLARE ZIELE DER BUNDESLÄNDER UND GEMEINDEN,BUNDESLAND,[RELATION_TYPE=APPLIES_TO] [MODALITY=EXPLICIT_FACT] Clear strategic PV-expansion targets apply to Austria's federal states.,8.0,5,['41bd25afdc1cce74b36dd6db5e44e91354172fda16475ab6a3f6cf99bddc720aa91cb56b5ea1b1c4774c8c97017d6bb03c52ba2676d7cfaab1c73fed8ab82912']
b0f6cae1-8f6f-4ba0-8c31-d6edbb1f7b76,325,KLARE ZIELE DER BUNDESLÄNDER UND GEMEINDEN,GEMEINDE,[RELATION_TYPE=APPLIES_TO] [MODALITY=EXPLICIT_FACT] Clarity of targets is needed for Austrian municipalities to enable necessary PV expansion.,8.0,6,['41bd25afdc1cce74b36dd6db5e44e91354172fda16475ab6a3f6cf99bddc720aa91cb56b5ea1b1c4774c8c97017d6bb03c52ba2676d7cfaab1c73fed8ab82912']
54a500c5-d149-4507-a8ee-3e7cec5b7da5,326,ANPASSUNG DER ZONIERUNGEN AN DEN AUSBAUBEDARF FÜR 2040,PV-AUSBAUZIELE 2040,[RELATION_TYPE=SUPPORTS] [MODALITY=PROPOSAL] Adjusting spatial zoning is proposed to meet the targeted expansion required for 2040.,7.0,4,['41bd25afdc1cce74b36dd6db5e44e91354172fda16475ab6a3f6cf99bddc720aa91cb56b5ea1b1c4774c8c97017d6bb03c52ba2676d7cfaab1c73fed8ab82912']
29e7e603-cab6-42af-a413-3e3fd3b65082,327,ERNENNUNG VON ERNEUERBAREN-BESCHLEUNIGUNGSGEBIETEN,ERNEUERBAREN-BESCHLEUNIGUNGSGEBIETE (RENEWABLES ACCELERATION AREAS),[RELATION_TYPE=SUPPORTS] [MODALITY=LEGAL_REQUIREMENT] The designation of Renewables Acceleration Areas is a mechanism to operationalize RED III requirements.,9.0,5,['41bd25afdc1cce74b36dd6db5e44e91354172fda16475ab6a3f6cf99bddc720aa91cb56b5ea1b1c4774c8c97017d6bb03c52ba2676d7cfaab1c73fed8ab82912']
55e69337-f7a7-4c3d-9e9d-eea7dc637d74,328,LEBENSZYKLUS-ANSATZ DER EUROPÄISCHEN VERORDNUNG,ÖKODESIGN-RICHTLINIE,[RELATION_TYPE=SUPPORTS] [MODALITY=EXPLICIT_FACT] Transforming the Ecodesign Directive into a European Regulation broadens its scope to encompass the full life cycle of products.,8.0,5,['41bd25afdc1cce74b36dd6db5e44e91354172fda16475ab6a3f6cf99bddc720aa91cb56b5ea1b1c4774c8c97017d6bb03c52ba2676d7cfaab1c73fed8ab82912']
a5279c0c-8ddb-4ccc-9b27-1d70479c61a9,329,LEBENSZYKLUS-ANSATZ DER EUROPÄISCHEN VERORDNUNG,"PRODUKTQUALITÄT, INSTALLATION, SERVICE, REPARATUR UND ENTSORGUNG VON PV-ANLAGEN","[RELATION_TYPE=SUPPORTS] [MODALITY=EXPLICIT_FACT] The EU regulation's life-cycle approach covers product quality, installation, service, repair, and disposal of PV systems.",8.0,4,['41bd25afdc1cce74b36dd6db5e44e91354172fda16475ab6a3f6cf99bddc720aa91cb56b5ea1b1c4774c8c97017d6bb03c52ba2676d7cfaab1c73fed8ab82912']
1df745bd-90de-4b69-9f69-c415daa773bf,330,"PRODUKTQUALITÄT, INSTALLATION, SERVICE, REPARATUR UND ENTSORGUNG VON PV-ANLAGEN",QUALITÄTSSICHERNDE MASSNAHMEN,[RELATION_TYPE=ASSOCIATED_WITH] [MODALITY=EXPLICIT_FACT] Quality-assurance measures include or relate to all value-chain stages from product standard to disposal.,8.0,5,['41bd25afdc1cce74b36dd6db5e44e91354172fda16475ab6a3f6cf99bddc720aa91cb56b5ea1b1c4774c8c97017d6bb03c52ba2676d7cfaab1c73fed8ab82912']
8446bc4f-238c-4e6a-9ad5-8ff1404bad23,331,ÖKODESIGN-RICHTLINIE,ENERGIEEFFIZIENZZIELE DER EU,[RELATION_TYPE=CONTRIBUTES_TO] [MODALITY=EXPLICIT_FACT] The Ecodesign Directive is described as having previously contributed to the achievement of the EU's energy efficiency targets.,1.0,4,['41bd25afdc1cce74b36dd6db5e44e91354172fda16475ab6a3f6cf99bddc720aa91cb56b5ea1b1c4774c8c97017d6bb03c52ba2676d7cfaab1c73fed8ab82912']
95ba6336-8030-46ad-9715-c18794678663,332,INTEGRIERTER ÖSTERREICHISCHER NETZINFRASTRUKTURPLAN (NIP),STROMNETZ,[RELATION_TYPE=REGULATES] [MODALITY=EXPLICIT_FACT] The NIP provides an overarching strategic instrument for integrated development of transmission infrastructure for electricity grids.,9.0,16,['6a1a5132f360531b1174e0eac2b2c5b6ece3b0771a8037231306baf0af8e8ca23de435f581fc62d6794cab81a5dadf3235b66eda56c331a0043621c688fbe302']
f27596e8-907c-4ce4-8c54-8128c71d8468,333,INTEGRIERTER ÖSTERREICHISCHER NETZINFRASTRUKTURPLAN (NIP),ÜBERTRAGUNGSNETZ,[RELATION_TYPE=REGULATES] [MODALITY=EXPLICIT_FACT] The NIP serves as the strategic instrument focusing on transmission-level network infrastructure.,9.0,9,['6a1a5132f360531b1174e0eac2b2c5b6ece3b0771a8037231306baf0af8e8ca23de435f581fc62d6794cab81a5dadf3235b66eda56c331a0043621c688fbe302']
1241a9d2-75ec-48b7-8397-24586a457a0a,334,PHOTOVOLTAIK,SPEICHERTECHNOLOGIEN,[RELATION_TYPE=ASSOCIATED_WITH] [MODALITY=EXPLICIT_FACT] Photovoltaics must work synergistically with storage and other technologies as part of the integrated energy system.,8.0,86,['6a1a5132f360531b1174e0eac2b2c5b6ece3b0771a8037231306baf0af8e8ca23de435f581fc62d6794cab81a5dadf3235b66eda56c331a0043621c688fbe302']
249f79f3-df21-4f5d-b133-e406c04538db,335,PHOTOVOLTAIK,E-MOBILITÄT,[RELATION_TYPE=ASSOCIATED_WITH] [MODALITY=EXPLICIT_FACT] E-mobility and photovoltaics are to be synergistically integrated to realize the energy transition.,8.0,87,['6a1a5132f360531b1174e0eac2b2c5b6ece3b0771a8037231306baf0af8e8ca23de435f581fc62d6794cab81a5dadf3235b66eda56c331a0043621c688fbe302']
c34fdb8f-ec8c-4511-8b99-03df4e31e6b1,336,PHOTOVOLTAIK,WÄRMEPUMPE,[RELATION_TYPE=ASSOCIATED_WITH] [MODALITY=EXPLICIT_FACT] Heat pumps are among the energy-transition technologies to be synergistically integrated with photovoltaics.,8.0,86,['6a1a5132f360531b1174e0eac2b2c5b6ece3b0771a8037231306baf0af8e8ca23de435f581fc62d6794cab81a5dadf3235b66eda56c331a0043621c688fbe302']
08d40120-7f81-4ee6-8afb-2be8baf36873,337,PHOTOVOLTAIK,WASSERSTOFF,[RELATION_TYPE=ASSOCIATED_WITH] [MODALITY=EXPLICIT_FACT] Hydrogen is among the technologies to be combined with photovoltaics and other components for system integration.,8.0,87,['6a1a5132f360531b1174e0eac2b2c5b6ece3b0771a8037231306baf0af8e8ca23de435f581fc62d6794cab81a5dadf3235b66eda56c331a0043621c688fbe302']
604c93cd-7c69-467b-828c-13e257b5d3d7,338,PHOTOVOLTAIK,PHOTOVOLTAIK-ERZEUGUNGSSPITZEN,"[RELATION_TYPE=CONTRIBUTES_TO] [MODALITY=EXPLICIT_FACT] Expansion of photovoltaics leads to production peaks, which are already challenging to fully absorb in the public grid.",9.0,93,['6a1a5132f360531b1174e0eac2b2c5b6ece3b0771a8037231306baf0af8e8ca23de435f581fc62d6794cab81a5dadf3235b66eda56c331a0043621c688fbe302']
705e05ed-d10e-47ab-8950-6b56bdda44da,339,PHOTOVOLTAIK-ERZEUGUNGSSPITZEN,STROMNETZ,"[RELATION_TYPE=CONSTRAINS] [MODALITY=EXPLICIT_FACT] PV generation peaks cannot be completely absorbed by the public electricity grid, representing a technical constraint.",10.0,16,['6a1a5132f360531b1174e0eac2b2c5b6ece3b0771a8037231306baf0af8e8ca23de435f581fc62d6794cab81a5dadf3235b66eda56c331a0043621c688fbe302']
87671a23-8bd3-4670-8b8e-aa54e8f0f4d2,340,INTELLIGENTES LASTMANAGEMENT,PHOTOVOLTAIK-ERZEUGUNGSSPITZEN,[RELATION_TYPE=SUPPORTS] [MODALITY=EXPLICIT_FACT] Intelligent load management is identified as necessary to utilize PV energy already on the generation level and to smooth generation peaks.,9.0,9,['6a1a5132f360531b1174e0eac2b2c5b6ece3b0771a8037231306baf0af8e8ca23de435f581fc62d6794cab81a5dadf3235b66eda56c331a0043621c688fbe302']
2e522eda-eca5-4750-a38c-3e955ba8c27e,341,ENERGIEMANAGEMENT,PHOTOVOLTAIK-ERZEUGUNGSSPITZEN,[RELATION_TYPE=SUPPORTS] [MODALITY=EXPLICIT_FACT] Local and smart energy management will help manage generation and consumption peaks caused by PV expansion.,8.0,12,['6a1a5132f360531b1174e0eac2b2c5b6ece3b0771a8037231306baf0af8e8ca23de435f581fc62d6794cab81a5dadf3235b66eda56c331a0043621c688fbe302']
b94098a4-84e5-4bcd-a911-d434210af85b,342,ENERGIEMANAGEMENT,PRIVATPERSONEN,[RELATION_TYPE=SUPPORTS] [MODALITY=EXPLICIT_FACT] Private individuals will use smart local energy management and storage to manage peaks and increase self-consumption.,8.0,6,['6a1a5132f360531b1174e0eac2b2c5b6ece3b0771a8037231306baf0af8e8ca23de435f581fc62d6794cab81a5dadf3235b66eda56c331a0043621c688fbe302']
78d23a67-541e-4cc5-b9d4-11081af1ada6,343,ENERGIEMANAGEMENT,UNTERNEHMEN,[RELATION_TYPE=SUPPORTS] [MODALITY=EXPLICIT_FACT] Companies will use smart local energy management and storage for optimizing their generation and consumption peaks.,8.0,9,['6a1a5132f360531b1174e0eac2b2c5b6ece3b0771a8037231306baf0af8e8ca23de435f581fc62d6794cab81a5dadf3235b66eda56c331a0043621c688fbe302']
ab81fc91-0b64-4ddd-a3f9-2d7ab0aa697d,344,SPEICHERINITIATIVE DES KLIMA- UND ENERGIEFONDS,PHOTOVOLTAIK,[RELATION_TYPE=SUPPORTS] [MODALITY=EXPLICIT_FACT] The storage initiative of the Climate and Energy Fund underpins further implementation measures supporting use of energy storage with PV.,8.0,87,['6a1a5132f360531b1174e0eac2b2c5b6ece3b0771a8037231306baf0af8e8ca23de435f581fc62d6794cab81a5dadf3235b66eda56c331a0043621c688fbe302']
94822427-907e-4402-a101-c718f8ce9b32,345,FLEXIBILITÄTSSTUDIEN DER E-CONTROL,PHOTOVOLTAIK,[RELATION_TYPE=ASSOCIATED_WITH] [MODALITY=EXPLICIT_FACT] The flexibility studies of E-Control are a basis for further implementation actions for flexibility involving PV.,8.0,88,['6a1a5132f360531b1174e0eac2b2c5b6ece3b0771a8037231306baf0af8e8ca23de435f581fc62d6794cab81a5dadf3235b66eda56c331a0043621c688fbe302']
1979dc5c-588a-41c1-9fd0-d27b54628766,346,FLEXIBILITÄTSSTUDIEN DER E-CONTROL,E-CONTROL,[RELATION_TYPE=RESPONSIBLE_FOR] [MODALITY=EXPLICIT_FACT] E-Control conducted the flexibility studies mentioned.,10.0,11,['6a1a5132f360531b1174e0eac2b2c5b6ece3b0771a8037231306baf0af8e8ca23de435f581fc62d6794cab81a5dadf3235b66eda56c331a0043621c688fbe302']
11bb12bc-4d11-4822-8599-4e4ca2a21111,347,SPEICHERINITIATIVE DES KLIMA- UND ENERGIEFONDS,KLIMA- UND ENERGIEFONDS,[RELATION_TYPE=RESPONSIBLE_FOR] [MODALITY=EXPLICIT_FACT] The Climate and Energy Fund is the responsible body for the storage initiative.,10.0,10,['6a1a5132f360531b1174e0eac2b2c5b6ece3b0771a8037231306baf0af8e8ca23de435f581fc62d6794cab81a5dadf3235b66eda56c331a0043621c688fbe302']
f84cdfae-0e87-4b02-a7e8-b2d593a4209e,348,FÖRDERPROGRAMM MUSTER- & LEUCHTTURMPROJEKTE PHOTOVOLTAIK DES KLIMA- UND ENERGIEFONDS,INNOVATION IM SOLARTECHNISCHEN BEREICH,[RELATION_TYPE=SUPPORTS] [MODALITY=EXPLICIT_FACT] The flagship/leading-projects PV funding programme significantly contributes to increased innovation in the solar field.,9.0,6,['6a1a5132f360531b1174e0eac2b2c5b6ece3b0771a8037231306baf0af8e8ca23de435f581fc62d6794cab81a5dadf3235b66eda56c331a0043621c688fbe302']
b21b1afd-9360-4f09-bd5f-296dbe27712c,349,FÖRDERPROGRAMM MUSTER- & LEUCHTTURMPROJEKTE PHOTOVOLTAIK DES KLIMA- UND ENERGIEFONDS,KLIMA- UND ENERGIEFONDS,"[RELATION_TYPE=RESPONSIBLE_FOR] [MODALITY=EXPLICIT_FACT] The Climate and Energy Fund is responsible for the ""Muster- & Leuchtturmprojekte Photovoltaik"" support programme.",10.0,11,['6a1a5132f360531b1174e0eac2b2c5b6ece3b0771a8037231306baf0af8e8ca23de435f581fc62d6794cab81a5dadf3235b66eda56c331a0043621c688fbe302']
c8a010d5-6a74-491e-805f-a62dd8a4cbf9,350,INNOVATION IM SOLARTECHNISCHEN BEREICH,ÖSTERREICHISCHE UNTERNEHMEN,[RELATION_TYPE=SUPPORTS] [MODALITY=EXPLICIT_FACT] Innovation in the solar-technology field is expected to enable Austrian companies to attain international success and technological leadership.,8.0,8,['6a1a5132f360531b1174e0eac2b2c5b6ece3b0771a8037231306baf0af8e8ca23de435f581fc62d6794cab81a5dadf3235b66eda56c331a0043621c688fbe302']
5af51e69-5a81-47c5-aa7a-cb3d0d9f5bcb,351,ELEKTRIZITÄTSWIRTSCHAFTSGESETZ (ELWG),DIGITALE INFRASTRUKTUR DES STROMNETZES,[RELATION_TYPE=REGULATES] [MODALITY=EXPLICIT_FACT] The new ElWG includes measures to promote digitalization of the distribution grid for integration of renewables and decentralized energy.,9.0,14,['6a1a5132f360531b1174e0eac2b2c5b6ece3b0771a8037231306baf0af8e8ca23de435f581fc62d6794cab81a5dadf3235b66eda56c331a0043621c688fbe302']
2c7fca5c-4bf3-488c-bb3b-6417d4e84170,352,ELEKTRIZITÄTSWIRTSCHAFTSGESETZ (ELWG),VERTEILNETZ,[RELATION_TYPE=REGULATES] [MODALITY=EXPLICIT_FACT] The ElWG requires that ambitious network-development plans for the distribution grid be created regularly.,9.0,15,['6a1a5132f360531b1174e0eac2b2c5b6ece3b0771a8037231306baf0af8e8ca23de435f581fc62d6794cab81a5dadf3235b66eda56c331a0043621c688fbe302']
52a7fd36-a7e7-4e8e-8656-be33c6abf5c9,353,AKTIONSPLAN NETZANSCHLUSS DER E-CONTROL,NETZANSCHLUSS,[RELATION_TYPE=SUPPORTS] [MODALITY=EXPLICIT_FACT] E-Control's grid-connection action plan introduces measures for rapid and smooth connection of customer installations to the grid.,10.0,6,['6a1a5132f360531b1174e0eac2b2c5b6ece3b0771a8037231306baf0af8e8ca23de435f581fc62d6794cab81a5dadf3235b66eda56c331a0043621c688fbe302']
0038e853-283c-4f41-8d1c-4e70fc702fdb,354,AKTIONSPLAN NETZANSCHLUSS DER E-CONTROL,E-CONTROL,[RELATION_TYPE=RESPONSIBLE_FOR] [MODALITY=EXPLICIT_FACT] E-Control is responsible for the action plan for grid connection.,10.0,10,['6a1a5132f360531b1174e0eac2b2c5b6ece3b0771a8037231306baf0af8e8ca23de435f581fc62d6794cab81a5dadf3235b66eda56c331a0043621c688fbe302']
8337c73e-5c72-4c72-a652-69e897bcc9c4,355,FLEXIBILITÄTSANREIZE,PHOTOVOLTAIK-ERZEUGUNGSSPITZEN,[RELATION_TYPE=SUPPORTS] [MODALITY=PROPOSAL] Flexibility incentives (on both consumption and generation sides) are proposed to smooth PV production peaks.,8.0,10,['6a1a5132f360531b1174e0eac2b2c5b6ece3b0771a8037231306baf0af8e8ca23de435f581fc62d6794cab81a5dadf3235b66eda56c331a0043621c688fbe302']
28ed8034-eaf7-460d-b74c-811e4d497f42,356,PV-AUSBAU,INNOVATION IM SOLARTECHNISCHEN BEREICH,[RELATION_TYPE=SUPPORTS] [MODALITY=EXPLICIT_FACT] Increased innovation is described as an explicit accompanying goal of PV expansion.,9.0,7,['6a1a5132f360531b1174e0eac2b2c5b6ece3b0771a8037231306baf0af8e8ca23de435f581fc62d6794cab81a5dadf3235b66eda56c331a0043621c688fbe302']
ee81b8cf-6289-410a-bbff-507cb98ae5c6,357,PV-AUSBAU,DEZENTRALE ERZEUGUNGSSTRUKTUR,[RELATION_TYPE=CONTRIBUTES_TO] [MODALITY=EXPLICIT_FACT] Photovoltaic expansion contributes to further decentralization of Austria's electricity generation infrastructure.,9.0,8,['6a1a5132f360531b1174e0eac2b2c5b6ece3b0771a8037231306baf0af8e8ca23de435f581fc62d6794cab81a5dadf3235b66eda56c331a0043621c688fbe302']
e3ab7ae0-65c4-4c34-8a66-0c70dc0e0214,358,DEZENTRALE ERZEUGUNGSSTRUKTUR,ERZEUGUNGSINFRASTRUKTUR,[RELATION_TYPE=ASSOCIATED_WITH] [MODALITY=EXPLICIT_FACT] The decentralized structure describes the changing nature of Austria's generation infrastructure due to increasing PV.,8.0,5,['6a1a5132f360531b1174e0eac2b2c5b6ece3b0771a8037231306baf0af8e8ca23de435f581fc62d6794cab81a5dadf3235b66eda56c331a0043621c688fbe302']
781715b6-1e1b-480c-b50a-53941fe109d3,359,PV-AUSBAU,ÖSTERREICH,"[RELATION_TYPE=HAS_TARGET] [MODALITY=EXPLICIT_FACT] [STATUS=OFFICIAL/PLANNED] The expansion of photovoltaics is a central, stated target in Austria's renewable energy strategy.",9.0,56,['6a1a5132f360531b1174e0eac2b2c5b6ece3b0771a8037231306baf0af8e8ca23de435f581fc62d6794cab81a5dadf3235b66eda56c331a0043621c688fbe302']
5c2b144d-2c45-4a5d-9719-79b168c8de00,360,ELEKTRIZITÄTSWIRTSCHAFTSGESETZ (ELWG),PV-AUSBAU,[RELATION_TYPE=SUPPORTS] [MODALITY=EXPLICIT_FACT] Measures in the new Electricity Industry Act are designed to support increased integration and expansion of photovoltaics through improved grid planning and digitalization.,7.0,17,['6a1a5132f360531b1174e0eac2b2c5b6ece3b0771a8037231306baf0af8e8ca23de435f581fc62d6794cab81a5dadf3235b66eda56c331a0043621c688fbe302']
6a786a71-1dd3-4fd0-b07e-60d9a5b6b695,361,FLEXIBILITÄTSANREIZE,FLEXIBILITÄTSSTUDIEN DER E-CONTROL,[RELATION_TYPE=ASSOCIATED_WITH] [MODALITY=REASONABLE_INFERENCE] Flexibility incentives are discussed in relation to the findings and measures detailed in the flexibility studies.,5.0,5,['6a1a5132f360531b1174e0eac2b2c5b6ece3b0771a8037231306baf0af8e8ca23de435f581fc62d6794cab81a5dadf3235b66eda56c331a0043621c688fbe302']
dead9c61-e29f-4d2b-8251-6b48ce799362,362,FÖRDERPROGRAMM MUSTER- & LEUCHTTURMPROJEKTE PHOTOVOLTAIK DES KLIMA- UND ENERGIEFONDS,PHOTOVOLTAIK,[RELATION_TYPE=SUPPORTS] [MODALITY=EXPLICIT_FACT] The Climate and Energy Fund's funding programme supports photovoltaic innovation and project deployment.,9.0,88,['6a1a5132f360531b1174e0eac2b2c5b6ece3b0771a8037231306baf0af8e8ca23de435f581fc62d6794cab81a5dadf3235b66eda56c331a0043621c688fbe302']
c7afa50c-5345-4440-808c-fda4a35e3d23,363,GERINGE BZW. NEGATIVE STROMMARKTPREISE ZU ERZEUGUNGSSTARKEN ZEITEN,PHOTOVOLTAIK,[RELATION_TYPE=CONSTRAINS] [MODALITY=EXPLICIT_FACT] Low or negative electricity market prices during periods of strong PV production limit the effectiveness of exporting PV electricity.,8.0,86,['6a1a5132f360531b1174e0eac2b2c5b6ece3b0771a8037231306baf0af8e8ca23de435f581fc62d6794cab81a5dadf3235b66eda56c331a0043621c688fbe302']
ea44fcba-2874-4a1f-af03-a88042193223,364,DEZENTRALE ERZEUGUNGSSTRUKTUR,STROMNETZ,[RELATION_TYPE=CONSTRAINS] [MODALITY=EXPLICIT_FACT] Increasingly decentralized generation infrastructure presents operational and planning challenges for the electricity grid.,8.0,12,['6a1a5132f360531b1174e0eac2b2c5b6ece3b0771a8037231306baf0af8e8ca23de435f581fc62d6794cab81a5dadf3235b66eda56c331a0043621c688fbe302']
d2c3d406-f3a0-448b-be68-f99fc784c50c,365,KUND:INNENANLAGEN,NETZANSCHLUSS,[RELATION_TYPE=ASSOCIATED_WITH] [MODALITY=EXPLICIT_FACT] Customer installations (PV and others) are the main focus of grid connection measures for improved integration.,8.0,5,['6a1a5132f360531b1174e0eac2b2c5b6ece3b0771a8037231306baf0af8e8ca23de435f581fc62d6794cab81a5dadf3235b66eda56c331a0043621c688fbe302']
3894dc20-61be-45be-8bd8-ac643cce4731,366,ERGEBNISORIENTIERTE NETZENTWICKLUNGSPLÄNE,VERTEILNETZ,"[RELATION_TYPE=REGULATES] [MODALITY=EXPLICIT_FACT] Regularly created, ambitious network development plans at the distribution grid level are described as essential for solar PV expansion.",9.0,3,['6a1a5132f360531b1174e0eac2b2c5b6ece3b0771a8037231306baf0af8e8ca23de435f581fc62d6794cab81a5dadf3235b66eda56c331a0043621c688fbe302']
7aa35d0c-1f7d-40fb-975f-f88f862dca0c,367,KOUPPLUNG DES EUROPÄISCHEN STROMMARKTES,STROMNETZ,[RELATION_TYPE=CONSTRAINS] [MODALITY=EXPLICIT_FACT] Coupling of the European electricity market is presented as one of the major challenges for Austrian electricity networks.,8.0,9,['6a1a5132f360531b1174e0eac2b2c5b6ece3b0771a8037231306baf0af8e8ca23de435f581fc62d6794cab81a5dadf3235b66eda56c331a0043621c688fbe302']
65ea9da7-57c7-468a-8885-7994d78c9cd6,368,BAUTEILAKTIVIERUNG,PHOTOVOLTAIK-ERZEUGUNGSSPITZEN,[RELATION_TYPE=SUPPORTS] [MODALITY=EXPLICIT_FACT] Component activation is cited as an example of using PV electricity on the generation level to manage production peaks.,8.0,9,['6a1a5132f360531b1174e0eac2b2c5b6ece3b0771a8037231306baf0af8e8ca23de435f581fc62d6794cab81a5dadf3235b66eda56c331a0043621c688fbe302']
da008692-b2e9-4266-b157-67a18ce8edf5,369,E-LADEMANAGEMENT,PHOTOVOLTAIK-ERZEUGUNGSSPITZEN,[RELATION_TYPE=SUPPORTS] [MODALITY=EXPLICIT_FACT] E-charging management is mentioned as an approach for utilizing PV energy and managing production peaks.,8.0,9,['6a1a5132f360531b1174e0eac2b2c5b6ece3b0771a8037231306baf0af8e8ca23de435f581fc62d6794cab81a5dadf3235b66eda56c331a0043621c688fbe302']
ac6c895f-9f74-4b17-b845-dc32b343ba73,370,WÄRMEPUMPENSTEUERUNG,PHOTOVOLTAIK-ERZEUGUNGSSPITZEN,[RELATION_TYPE=SUPPORTS] [MODALITY=EXPLICIT_FACT] Heat pump control is provided as one example of technical measures to use PV electricity at the generation level and help smooth production peaks.,8.0,9,['6a1a5132f360531b1174e0eac2b2c5b6ece3b0771a8037231306baf0af8e8ca23de435f581fc62d6794cab81a5dadf3235b66eda56c331a0043621c688fbe302']
15239cea-3da5-4c81-977d-7c8583e431c2,371,PHOTOVOLTAIKANLAGEN MIT OST-WEST ODER WINTEROPTIMIERTER AUSRICHTUNG,PHOTOVOLTAIK,[RELATION_TYPE=ASSOCIATED_WITH] [MODALITY=EXPLICIT_FACT] PV systems optimized for east-west or winter orientation are discussed as a technological approach within the context of solar generation and grid challenges.,8.0,86,['6a1a5132f360531b1174e0eac2b2c5b6ece3b0771a8037231306baf0af8e8ca23de435f581fc62d6794cab81a5dadf3235b66eda56c331a0043621c688fbe302']
495b6cf0-7286-49f0-a364-2ac0e63a3466,372,VOLKSWIRTSCHAFTLICHER MEHRWERT DURCH NETZ-INFRASTRUKTURWEITERENTWICKLUNG,NETZANSCHLUSS,[RELATION_TYPE=CONTRIBUTES_TO] [MODALITY=EXPLICIT_FACT] The rapid and cost-optimized further development of network infrastructure is described as having high macroeconomic value.,8.0,5,['6a1a5132f360531b1174e0eac2b2c5b6ece3b0771a8037231306baf0af8e8ca23de435f581fc62d6794cab81a5dadf3235b66eda56c331a0043621c688fbe302']
56fcac84-1372-47fb-9c6b-7db84c9fbd5d,373,ZUKÜNFTIGE ZEITWEISE RELEVANTE ÜBERKAPAZITÄTEN AUS PHOTOVOLTAIK,PHOTOVOLTAIK,"[RELATION_TYPE=ASSOCIATED_WITH] [MODALITY=EXPLICIT_FACT] The PV expansion is expected to result in future, occasionally significant overcapacities.",9.0,87,['6a1a5132f360531b1174e0eac2b2c5b6ece3b0771a8037231306baf0af8e8ca23de435f581fc62d6794cab81a5dadf3235b66eda56c331a0043621c688fbe302']
a915a7c7-e80d-4779-8c9f-8153d4fe2ab8,374,ZUKÜNFTIGE ZEITWEISE RELEVANTE ÜBERKAPAZITÄTEN AUS PHOTOVOLTAIK,DEZENTRALE ERZEUGUNGSSTRUKTUR,[RELATION_TYPE=CONTRIBUTES_TO] [MODALITY=EXPLICIT_FACT] Future PV overcapacities are presented as a cause for the further decentralization of Austria's generation infrastructure.,8.0,6,['6a1a5132f360531b1174e0eac2b2c5b6ece3b0771a8037231306baf0af8e8ca23de435f581fc62d6794cab81a5dadf3235b66eda56c331a0043621c688fbe302']
ee657e2c-7cc4-4b96-9c32-dff740b2f9a3,375,PHOTOVOLTAIK,PHOTOVOLTAIKANLAGEN,[RELATION_TYPE=ASSOCIATED_WITH] [MODALITY=EXPLICIT_FACT] Photovoltaics is the general technology class under which photovoltaic installations are a specific deployment form.,9.0,93,['2d9fdebd364caf6ea226dc0ee6624e0c2d54fc65848a9cd18f9b868675333d5be302c20a6cbb1b4f9503e536f5051a60a8783cd3657ab2cf1f9daf65be366c76']
986357cf-bd9d-4bbf-9bdc-4b549c95505d,376,PHOTOVOLTAIKANLAGEN,OST-WEST ORIENTIERUNGEN,[RELATION_TYPE=ASSOCIATED_WITH] [MODALITY=EXPLICIT_FACT] Photovoltaic installations with east-west orientations are highlighted as optimizing production over wider periods.,9.0,9,['2d9fdebd364caf6ea226dc0ee6624e0c2d54fc65848a9cd18f9b868675333d5be302c20a6cbb1b4f9503e536f5051a60a8783cd3657ab2cf1f9daf65be366c76']
33eacb09-49e0-49d2-a984-94156961d908,377,PHOTOVOLTAIKANLAGEN,VERTIKALE PV-ANLAGEN,[RELATION_TYPE=ASSOCIATED_WITH] [MODALITY=EXPLICIT_FACT] Vertical PV systems are a deployment subtype for broadened yield windows; both are installation technologies.,9.0,9,['2d9fdebd364caf6ea226dc0ee6624e0c2d54fc65848a9cd18f9b868675333d5be302c20a6cbb1b4f9503e536f5051a60a8783cd3657ab2cf1f9daf65be366c76']
03d90b7e-b6c9-4e0e-ac89-68a448e3114e,378,STROMNETZE,GROSSSPEICHER,"[RELATION_TYPE=ASSOCIATED_WITH] [MODALITY=EXPLICIT_FACT] Large-scale storage is discussed in the context of optimal grid use, long-term storage, and hosting capacity.",8.0,9,['2d9fdebd364caf6ea226dc0ee6624e0c2d54fc65848a9cd18f9b868675333d5be302c20a6cbb1b4f9503e536f5051a60a8783cd3657ab2cf1f9daf65be366c76']
14797081-a75c-432c-b65c-760e075ae882,379,STROMNETZE,WASSERSTOFF-ELEKTROLYSEURE,[RELATION_TYPE=ASSOCIATED_WITH] [MODALITY=EXPLICIT_FACT] Hydrogen electrolysers are referenced with grid-hosting and storage planning.,8.0,7,['2d9fdebd364caf6ea226dc0ee6624e0c2d54fc65848a9cd18f9b868675333d5be302c20a6cbb1b4f9503e536f5051a60a8783cd3657ab2cf1f9daf65be366c76']
4a6d0aae-7191-4601-859d-ec91baa2e7d4,380,NIP,STROMNETZE,[RELATION_TYPE=REGULATES] [MODALITY=EXPLICIT_FACT] The NIP includes estimations for necessary grid-hosting capacity.,8.0,8,['2d9fdebd364caf6ea226dc0ee6624e0c2d54fc65848a9cd18f9b868675333d5be302c20a6cbb1b4f9503e536f5051a60a8783cd3657ab2cf1f9daf65be366c76']
52fe16a6-8750-4050-91d2-10ddf606e35b,381,NIP,GROSSSPEICHER,[RELATION_TYPE=PROPOSES] [MODALITY=EXPLICIT_FACT] The NIP contains first assessments for where large-scale storage should be built for economic benefit.,8.0,7,['2d9fdebd364caf6ea226dc0ee6624e0c2d54fc65848a9cd18f9b868675333d5be302c20a6cbb1b4f9503e536f5051a60a8783cd3657ab2cf1f9daf65be366c76']
b71254c0-edf3-49fe-ad51-d1fc32c7c85d,382,NIP,WASSERSTOFF-ELEKTROLYSEURE,[RELATION_TYPE=PROPOSES] [MODALITY=EXPLICIT_FACT] The NIP addresses where to develop hydrogen electrolysers for long-term storage.,8.0,5,['2d9fdebd364caf6ea226dc0ee6624e0c2d54fc65848a9cd18f9b868675333d5be302c20a6cbb1b4f9503e536f5051a60a8783cd3657ab2cf1f9daf65be366c76']
f1932e86-685b-4122-86c1-923a0b828343,383,KLIMA- UND ENERGIEFONDS,FÖRDERPROGRAMM FÜR GROSSSPEICHER,[RELATION_TYPE=IMPLEMENTS] [MODALITY=EXPLICIT_FACT] [STATUS=IMPLEMENTED] The Climate and Energy Fund launched the subsidy programme for large-scale storage in 2023.,10.0,10,['2d9fdebd364caf6ea226dc0ee6624e0c2d54fc65848a9cd18f9b868675333d5be302c20a6cbb1b4f9503e536f5051a60a8783cd3657ab2cf1f9daf65be366c76']
62ff8980-e447-40ee-a8b5-338925b9b810,384,FÖRDERPROGRAMM FÜR GROSSSPEICHER,GROSSSPEICHER,[RELATION_TYPE=SUPPORTS] [MODALITY=EXPLICIT_FACT] The subsidy programme is designed specifically to support large-scale storage technology.,10.0,6,['2d9fdebd364caf6ea226dc0ee6624e0c2d54fc65848a9cd18f9b868675333d5be302c20a6cbb1b4f9503e536f5051a60a8783cd3657ab2cf1f9daf65be366c76']
d94640cb-067c-4cb9-9fd1-afdc6fae2650,385,ENERGIEGEMEINSCHAFTEN,QUARTIERSSPEICHERANLAGEN,[RELATION_TYPE=RESPONSIBLE_FOR] [MODALITY=EXPLICIT_FACT] Energy communities operate shared district storage and PV systems.,9.0,12,['2d9fdebd364caf6ea226dc0ee6624e0c2d54fc65848a9cd18f9b868675333d5be302c20a6cbb1b4f9503e536f5051a60a8783cd3657ab2cf1f9daf65be366c76']
40d9d108-02dd-4f36-bbb0-c76ff31a664a,386,ENERGIEGEMEINSCHAFTEN,NOTSTROMSYSTEME,[RELATION_TYPE=ASSOCIATED_WITH] [MODALITY=RECOMMENDATION] Emergency power systems are recommended for use in energy communities.,8.0,13,['2d9fdebd364caf6ea226dc0ee6624e0c2d54fc65848a9cd18f9b868675333d5be302c20a6cbb1b4f9503e536f5051a60a8783cd3657ab2cf1f9daf65be366c76']
edb3fad5-db3f-4efb-b3c9-57c990eb636e,387,ENERGIEGEMEINSCHAFTEN,ERSATZSTROMSYSTEME,[RELATION_TYPE=ASSOCIATED_WITH] [MODALITY=RECOMMENDATION] Backup systems are also intended to be realized in energy communities.,8.0,13,['2d9fdebd364caf6ea226dc0ee6624e0c2d54fc65848a9cd18f9b868675333d5be302c20a6cbb1b4f9503e536f5051a60a8783cd3657ab2cf1f9daf65be366c76']
f29e5f28-f098-488d-ad75-cb3eb2b2362e,388,NOTSTROMSYSTEME,ERSATZSTROMSYSTEME,"[RELATION_TYPE=ASSOCIATED_WITH] [MODALITY=EXPLICIT_FACT] Both are back-up power solutions with different loads/coverage, as explained in footnote 14.",8.0,4,['2d9fdebd364caf6ea226dc0ee6624e0c2d54fc65848a9cd18f9b868675333d5be302c20a6cbb1b4f9503e536f5051a60a8783cd3657ab2cf1f9daf65be366c76']
66e8e169-74d7-452e-aca2-9fce7766ed7d,389,WECHSELRICHTER,FERNSTEUERMÖGLICHKEITEN,[RELATION_TYPE=ASSOCIATED_WITH] [MODALITY=EXPLICIT_FACT] New inverters incorporate remote control functions for grid and storage optimization.,8.0,3,['2d9fdebd364caf6ea226dc0ee6624e0c2d54fc65848a9cd18f9b868675333d5be302c20a6cbb1b4f9503e536f5051a60a8783cd3657ab2cf1f9daf65be366c76']
9069f121-cba6-4a4d-87c7-7569550bf35b,390,PHOTOVOLTAIK,"SEKTORENKOPPLUNG MIT MOBILITÄT, WÄRME UND WASSERSTOFF","[RELATION_TYPE=ASSOCIATED_WITH] [MODALITY=RECOMMENDATION] Sector coupling with e-mobility, heat, and hydrogen is recommended as a flexibility-enhancing measure alongside PV expansion.",7.0,86,['2d9fdebd364caf6ea226dc0ee6624e0c2d54fc65848a9cd18f9b868675333d5be302c20a6cbb1b4f9503e536f5051a60a8783cd3657ab2cf1f9daf65be366c76']
0fd0764a-b64e-4fec-8296-51920ee742dd,391,ANLAGENBETREIBER:INNEN,WIRTSCHAFTLICHKEIT DES PV-ANLAGENBETRIEBS,[RELATION_TYPE=CONSTRAINS] [MODALITY=EXPLICIT_FACT] The long-term economic viability of PV system operation is a key constraint for the owners/operators.,9.0,5,['2d9fdebd364caf6ea226dc0ee6624e0c2d54fc65848a9cd18f9b868675333d5be302c20a6cbb1b4f9503e536f5051a60a8783cd3657ab2cf1f9daf65be366c76']
066ec1c1-3b30-4f9b-8191-fb103150e09c,392,WIRTSCHAFTLICHKEIT DES PV-ANLAGENBETRIEBS,KONSTANTER JÄHRLICHER PV-ZUBAU — CA. 2 GW P.A. (ÖSTERREICH),[RELATION_TYPE=CONSTRAINS] [MODALITY=SCENARIO] The economic viability constraint is directly linked to the scenario of achieving ~2 GW annual PV expansion.,8.0,7,['2d9fdebd364caf6ea226dc0ee6624e0c2d54fc65848a9cd18f9b868675333d5be302c20a6cbb1b4f9503e536f5051a60a8783cd3657ab2cf1f9daf65be366c76']
a6a50054-afbd-4611-8972-5ed1572fe8d9,393,MARKTPRÄMIE,WIRTSCHAFTLICHKEIT DES PV-ANLAGENBETRIEBS,[RELATION_TYPE=SUPPORTS] [MODALITY=EXPLICIT_FACT] The market premium is stated as a prerequisite for long-term economic operation of PV systems.,10.0,5,['2d9fdebd364caf6ea226dc0ee6624e0c2d54fc65848a9cd18f9b868675333d5be302c20a6cbb1b4f9503e536f5051a60a8783cd3657ab2cf1f9daf65be366c76']
9fc52af9-09d4-4dec-aa68-5559b7699828,394,ERNEUERBAREN-AUSBAU-GESETZ (EAG),MARKTPRÄMIE,[RELATION_TYPE=IMPLEMENTS] [MODALITY=EXPLICIT_FACT] [STATUS=IN_FORCE] The Renewable Expansion Act introduced the market premium as a support instrument.,10.0,12,['2d9fdebd364caf6ea226dc0ee6624e0c2d54fc65848a9cd18f9b868675333d5be302c20a6cbb1b4f9503e536f5051a60a8783cd3657ab2cf1f9daf65be366c76']
3b908e08-e69b-453b-a020-fd4bcafc70b8,395,"FÖRDERUNGEN FÜR PV, E-MOBILITÄT UND BIDIREKTIONALES LADEN",PHOTOVOLTAIK,"[RELATION_TYPE=SUPPORTS] [MODALITY=EXPLICIT_FACT] Financial incentives for PV, e-mobility, and bidirectional charging are listed as relevant support schemes.",9.0,87,['2d9fdebd364caf6ea226dc0ee6624e0c2d54fc65848a9cd18f9b868675333d5be302c20a6cbb1b4f9503e536f5051a60a8783cd3657ab2cf1f9daf65be366c76']
b1f684fe-e36b-40ec-94e4-172bcf6e4732,396,STROMMARKTPREISE,NIEDRIGE ODER NEGATIVE STROMMARKTPREISE IN ZEITEN STARKER PV-PRODUKTION,[RELATION_TYPE=MEASURED_BY] [MODALITY=EXPLICIT_FACT] [STATUS=UNKNOWN] Electricity market prices are observed to be low or negative during surplus PV production periods.,10.0,4,['2d9fdebd364caf6ea226dc0ee6624e0c2d54fc65848a9cd18f9b868675333d5be302c20a6cbb1b4f9503e536f5051a60a8783cd3657ab2cf1f9daf65be366c76']
384174c2-56ec-423f-92e5-bd604498963b,397,NIEDRIGE ODER NEGATIVE STROMMARKTPREISE IN ZEITEN STARKER PV-PRODUKTION,NEUE GESCHÄFTSMODELLE RUND UM SPEICHER UND FLEXIBILISIERUNG,[RELATION_TYPE=CONSTRAINS] [MODALITY=SCENARIO] Lower prices are driving or constraining forces for the creation of new business models in storage and flexibility.,8.0,4,['2d9fdebd364caf6ea226dc0ee6624e0c2d54fc65848a9cd18f9b868675333d5be302c20a6cbb1b4f9503e536f5051a60a8783cd3657ab2cf1f9daf65be366c76']
041e06fb-673c-422f-9e61-5b98238ff88e,398,DYNAMISCHE TARIFE,PHOTOVOLTAIK,[RELATION_TYPE=SUPPORTS] [MODALITY=EXPLICIT_FACT] [STATUS=UNKNOWN] Dynamic tariffs can incentivize electricity consumption during high PV generation times.,8.0,86,['2d9fdebd364caf6ea226dc0ee6624e0c2d54fc65848a9cd18f9b868675333d5be302c20a6cbb1b4f9503e536f5051a60a8783cd3657ab2cf1f9daf65be366c76']
d0282f4d-bc64-4327-8214-62584b546658,399,UMSATZSTEUERBEFREIUNG FÜR PV-ANLAGEN BIS 35 KWP (2024-2025),BÜROKRATISCHER AUFWAND BEI FÖRDERUNGEN UND GENEHMIGUNGEN,[RELATION_TYPE=SUPPORTS] [MODALITY=EXPLICIT_FACT] The VAT exemption is described as a significant step to reduce administrative burden for eligible PV systems.,9.0,4,['2d9fdebd364caf6ea226dc0ee6624e0c2d54fc65848a9cd18f9b868675333d5be302c20a6cbb1b4f9503e536f5051a60a8783cd3657ab2cf1f9daf65be366c76']
8cd85c61-92c0-472a-beab-0cc396d829b4,400,AUSSETZUNG DER UMSATZSTEUER AUF PV-ANLAGEN BIS 35 KWP AB 2024,UMSATZSTEUERBEFREIUNG FÜR PV-ANLAGEN BIS 35 KWP (2024-2025),"[RELATION_TYPE=ALIAS_OF] [MODALITY=EXPLICIT_FACT] The VAT waiver and zero-percent VAT exemption describe the same support measure, with one referencing future evaluation.",9.0,5,['2d9fdebd364caf6ea226dc0ee6624e0c2d54fc65848a9cd18f9b868675333d5be302c20a6cbb1b4f9503e536f5051a60a8783cd3657ab2cf1f9daf65be366c76']
f5da404e-326a-4d24-80f0-d18366e66304,401,KONSTANTER JÄHRLICHER PV-ZUBAU — CA. 2 GW P.A. (ÖSTERREICH),PV-ERZEUGUNGSPOTENTIAL — 41 TWH BIS 2040 (ÖSTERREICH),[RELATION_TYPE=CONTRIBUTES_TO] [MODALITY=SCENARIO] The constant annual expansion target is noted as contributing to achieving the 41 TWh by 2040 potential.,10.0,6,['2d9fdebd364caf6ea226dc0ee6624e0c2d54fc65848a9cd18f9b868675333d5be302c20a6cbb1b4f9503e536f5051a60a8783cd3657ab2cf1f9daf65be366c76']
38cf4155-a936-40ce-b7f5-7b52822df719,402,ÖSTERREICH,KONSTANTER JÄHRLICHER PV-ZUBAU — CA. 2 GW P.A. (ÖSTERREICH),[RELATION_TYPE=HAS_TARGET] [MODALITY=SCENARIO] Austria is the country in which the scenario/planned constant annual PV expansion target applies.,9.0,56,['2d9fdebd364caf6ea226dc0ee6624e0c2d54fc65848a9cd18f9b868675333d5be302c20a6cbb1b4f9503e536f5051a60a8783cd3657ab2cf1f9daf65be366c76']
ed52eaed-4690-4375-b6f5-1411bd6c7139,403,ÖSTERREICH,PV-ERZEUGUNGSPOTENTIAL — 41 TWH BIS 2040 (ÖSTERREICH),[RELATION_TYPE=HAS_TARGET] [MODALITY=SCENARIO] Austria is the subject of the PV generation target for 2040.,1.0,54,['2d9fdebd364caf6ea226dc0ee6624e0c2d54fc65848a9cd18f9b868675333d5be302c20a6cbb1b4f9503e536f5051a60a8783cd3657ab2cf1f9daf65be366c76']
ec55dab5-8fe1-49ce-ad80-efdd33300804,404,AKTIONSPLAN NETZANSCHLUSS,E-CONTROL,[RELATION_TYPE=IMPLEMENTED] [MODALITY=EXPLICIT_FACT] [STATUS=ADOPTED] The grid connection action plan was published and is led by E-Control in July 2023.,9.0,9,['2d9fdebd364caf6ea226dc0ee6624e0c2d54fc65848a9cd18f9b868675333d5be302c20a6cbb1b4f9503e536f5051a60a8783cd3657ab2cf1f9daf65be366c76']
1dc274c4-fd2c-4da2-8c26-ca9a9174f9cf,405,STEUERLICHE ASPEKTE FÜR PV-ANLAGEN,UMSATZSTEUERBEFREIUNG FÜR PV-ANLAGEN BIS 35 KWP (2024-2025),[RELATION_TYPE=IMPLEMENTS] [MODALITY=EXPLICIT_FACT] The tax framework includes the 2024–2025 VAT waiver for PV up to 35 kWp.,9.0,6,['2d9fdebd364caf6ea226dc0ee6624e0c2d54fc65848a9cd18f9b868675333d5be302c20a6cbb1b4f9503e536f5051a60a8783cd3657ab2cf1f9daf65be366c76']
107426f7-28ae-44ae-9a67-fa469f67a150,406,STEUERLICHE ASPEKTE FÜR PV-ANLAGEN,AUSSETZUNG DER UMSATZSTEUER AUF PV-ANLAGEN BIS 35 KWP AB 2024,[RELATION_TYPE=IMPLEMENTS] [MODALITY=EXPLICIT_FACT] Taxation policy covers the VAT suspension for PV systems up to 35 kWp starting in 2024.,9.0,5,['2d9fdebd364caf6ea226dc0ee6624e0c2d54fc65848a9cd18f9b868675333d5be302c20a6cbb1b4f9503e536f5051a60a8783cd3657ab2cf1f9daf65be366c76']
00dd6bd6-aac7-4b8d-849f-6a8b64770c9c,407,EVALUIERUNG DER UMSATZSTEUERBEFREIUNG,STEUERLICHE ASPEKTE FÜR PV-ANLAGEN,[RELATION_TYPE=PART_OF] [MODALITY=EXPLICIT_FACT] The evaluation of the VAT exemption is an explicit measure within fiscal policy for PV.,8.0,6,['2d9fdebd364caf6ea226dc0ee6624e0c2d54fc65848a9cd18f9b868675333d5be302c20a6cbb1b4f9503e536f5051a60a8783cd3657ab2cf1f9daf65be366c76']
4b137dcd-c462-405d-a441-ad8bbc5240e3,408,EVALUIERUNG DER UMSATZSTEUERBEFREIUNG,GRÖSSERE SPEICHERSYSTEME,[RELATION_TYPE=PROPOSES] [MODALITY=PROPOSAL] The evaluation will also consider extension to larger storage systems.,8.0,4,['2d9fdebd364caf6ea226dc0ee6624e0c2d54fc65848a9cd18f9b868675333d5be302c20a6cbb1b4f9503e536f5051a60a8783cd3657ab2cf1f9daf65be366c76']
4721454f-65de-4a05-b601-a40eb49f82fd,409,EVALUIERUNG DER UMSATZSTEUERBEFREIUNG,GRÖSSERE PV-ANLAGEN,[RELATION_TYPE=PROPOSES] [MODALITY=PROPOSAL] The evaluation will additionally review if and how to expand to larger PV systems.,8.0,4,['2d9fdebd364caf6ea226dc0ee6624e0c2d54fc65848a9cd18f9b868675333d5be302c20a6cbb1b4f9503e536f5051a60a8783cd3657ab2cf1f9daf65be366c76']
837b0853-0770-426f-b982-e36199e07351,410,FÖRDERBEDINGUNGEN,PV-RAHMENBEDINGUNGEN,[RELATION_TYPE=PART_OF] [MODALITY=EXPLICIT_FACT] Funding conditions are a specific component of the general PV policy framework.,7.0,5,['2d9fdebd364caf6ea226dc0ee6624e0c2d54fc65848a9cd18f9b868675333d5be302c20a6cbb1b4f9503e536f5051a60a8783cd3657ab2cf1f9daf65be366c76']
6f149ffc-b9d6-4b87-920a-843daac512ba,411,FÖRDERHÖHEN IN DEN VERORDNUNGEN,FÖRDERBEDINGUNGEN,[RELATION_TYPE=PART_OF] [MODALITY=EXPLICIT_FACT] Level of support is part of the overall funding conditions for PV deployment.,8.0,4,['2d9fdebd364caf6ea226dc0ee6624e0c2d54fc65848a9cd18f9b868675333d5be302c20a6cbb1b4f9503e536f5051a60a8783cd3657ab2cf1f9daf65be366c76']
10ecc439-2aa9-43e6-9971-9431ad1f324b,412,FÖRDERBEDINGUNGEN,"FÖRDERUNGEN FÜR PV, E-MOBILITÄT UND BIDIREKTIONALES LADEN","[RELATION_TYPE=ASSOCIATED_WITH] [MODALITY=EXPLICIT_FACT] Funding conditions interact with and affect direct support for PV, e-mobility, and bidirectional charging.",7.0,5,['2d9fdebd364caf6ea226dc0ee6624e0c2d54fc65848a9cd18f9b868675333d5be302c20a6cbb1b4f9503e536f5051a60a8783cd3657ab2cf1f9daf65be366c76']
64dbd638-383c-4ebf-8a77-43eb4885b239,413,BIDIREKTIONALES LADEN,E-MOBILITÄT,[RELATION_TYPE=ASSOCIATED_WITH] [MODALITY=EXPLICIT_FACT] Bidirectional charging is a technology component of e-mobility for flexibility and PV synergy.,7.0,3,['2d9fdebd364caf6ea226dc0ee6624e0c2d54fc65848a9cd18f9b868675333d5be302c20a6cbb1b4f9503e536f5051a60a8783cd3657ab2cf1f9daf65be366c76']
87ff85e0-880c-4487-8693-ff48ddcf6281,414,ENERGIETRANSFORMATION,PV-RAHMENBEDINGUNGEN,[RELATION_TYPE=ASSOCIATED_WITH] [MODALITY=EXPLICIT_FACT] The PV policy framework is to be aligned and developed synergetically with national energy transformation measures.,7.0,3,['2d9fdebd364caf6ea226dc0ee6624e0c2d54fc65848a9cd18f9b868675333d5be302c20a6cbb1b4f9503e536f5051a60a8783cd3657ab2cf1f9daf65be366c76']
a523e50b-ffb9-45b2-95cb-71c2ddab7f4f,415,NEUE WECHSELRICHTER,WECHSELRICHTER,[RELATION_TYPE=ALIAS_OF] [MODALITY=EXPLICIT_FACT] “Neue Wechselrichter” refers to newer inverter technology falling under the broader term “Wechselrichter.”,9.0,3,['2d9fdebd364caf6ea226dc0ee6624e0c2d54fc65848a9cd18f9b868675333d5be302c20a6cbb1b4f9503e536f5051a60a8783cd3657ab2cf1f9daf65be366c76']
012b2b5f-2cb9-419e-aa75-2d2259fd37f3,416,SPEICHERSTRATEGIEN,"KURZ-, MITTEL- UND LANGFRISTIGER SPEICHERBEDARF",[RELATION_TYPE=ASSOCIATED_WITH] [MODALITY=EXPLICIT_FACT] Storage strategies are developed with respect to demand over different timescales.,8.0,3,['2d9fdebd364caf6ea226dc0ee6624e0c2d54fc65848a9cd18f9b868675333d5be302c20a6cbb1b4f9503e536f5051a60a8783cd3657ab2cf1f9daf65be366c76']
5128593e-5799-4a13-881f-2aad05eddd57,417,DURCHGEHENDE SICHERSTELLUNG DER FINANZIERBARKEIT FÜR ANLAGENBETREIBER:INNEN BIS 2040,ANLAGENBETREIBER:INNEN,[RELATION_TYPE=SUPPORTS] [MODALITY=SCENARIO] Ensuring financeability for PV system owners is identified as a key target for market continuity up to 2040.,8.0,3,['2d9fdebd364caf6ea226dc0ee6624e0c2d54fc65848a9cd18f9b868675333d5be302c20a6cbb1b4f9503e536f5051a60a8783cd3657ab2cf1f9daf65be366c76']
4fe919bb-d980-4c3d-a77e-555dcedc2103,418,"KURZ-, MITTEL- UND LANGFRISTIGER SPEICHERBEDARF",GROSSSPEICHER,[RELATION_TYPE=REQUIRES] [MODALITY=RECOMMENDATION] Satisfying long-term storage demand will likely require large-scale storage solutions.,7.0,6,['2d9fdebd364caf6ea226dc0ee6624e0c2d54fc65848a9cd18f9b868675333d5be302c20a6cbb1b4f9503e536f5051a60a8783cd3657ab2cf1f9daf65be366c76']
2a34d6eb-ab40-49e0-89aa-668cd51caf8c,419,ERZEUGUNGSSTARKE ZEITEN,NIEDRIGE ODER NEGATIVE STROMMARKTPREISE IN ZEITEN STARKER PV-PRODUKTION,[RELATION_TYPE=CONTRIBUTES_TO] [MODALITY=EXPLICIT_FACT] Periods of very high PV output are observed to result in low or negative market prices.,10.0,4,['2d9fdebd364caf6ea226dc0ee6624e0c2d54fc65848a9cd18f9b868675333d5be302c20a6cbb1b4f9503e536f5051a60a8783cd3657ab2cf1f9daf65be366c76']
c8a13dd0-7359-4bbb-8949-b01ca79bb43a,420,ANREIZE FÜR PV-AUSBAU,KONSTANTER JÄHRLICHER PV-ZUBAU — CA. 2 GW P.A. (ÖSTERREICH),[RELATION_TYPE=SUPPORTS] [MODALITY=SCENARIO] Ongoing incentives are targeted at maintaining a constant annual PV deployment of around 2 GW.,1.0,5,['2d9fdebd364caf6ea226dc0ee6624e0c2d54fc65848a9cd18f9b868675333d5be302c20a6cbb1b4f9503e536f5051a60a8783cd3657ab2cf1f9daf65be366c76']
7cbcac6d-73f5-4409-bf14-9223703db00c,421,ÖSTERREICHISCHE PHOTOVOLTAIK-STRATEGIE,PHOTOVOLTAIK (PV),"[RELATION_TYPE=SUPPORTS] [MODALITY=EXPLICIT_FACT] The strategy supports and targets photovoltaics for expansion, acceptance, and market development in Austria.",10.0,63,['4d221520fe7090409cfa9cda598db30683356c340ab3584a063ffe92486f2fe7225fc056f8b997f085ff0c0f7475828879fa678b7b1709148cb03584b292dab0']
8786c6e2-c447-459f-8ac4-13b292acab52,422,ÖSTERREICHISCHE PHOTOVOLTAIK-STRATEGIE,BEVÖLKERUNG,"[RELATION_TYPE=ASSOCIATED_WITH] [MODALITY=EXPLICIT_FACT] The strategy aims to ensure public benefit and broad acceptance from the population, especially for large PV projects.",9.0,53,['4d221520fe7090409cfa9cda598db30683356c340ab3584a063ffe92486f2fe7225fc056f8b997f085ff0c0f7475828879fa678b7b1709148cb03584b292dab0']
d39028fb-ddbc-4ae4-8499-cb52dca912b6,423,ÖSTERREICHISCHE PHOTOVOLTAIK-STRATEGIE,FREIFLÄCHENANLAGE,"[RELATION_TYPE=SUPPORTS] [MODALITY=EXPLICIT_FACT] The strategy supports the deployment of ground-mounted PV installations, including as biodiversity installations, for expansion and acceptance.",9.0,47,['4d221520fe7090409cfa9cda598db30683356c340ab3584a063ffe92486f2fe7225fc056f8b997f085ff0c0f7475828879fa678b7b1709148cb03584b292dab0']
588fece6-8574-400a-98af-a4a7924fabe2,424,FREIFLÄCHENANLAGE,BIODIVERSITÄTS-PV-ANLAGE,[RELATION_TYPE=PART_OF] [MODALITY=EXPLICIT_FACT] Biodiversity-promoting PV installations are a type or use case of ground-mounted PV installations for nature and acceptance objectives.,10.0,5,['4d221520fe7090409cfa9cda598db30683356c340ab3584a063ffe92486f2fe7225fc056f8b997f085ff0c0f7475828879fa678b7b1709148cb03584b292dab0']
94f1ba26-130a-4a14-9023-f55ecf185196,425,ÖSTERREICHISCHE PHOTOVOLTAIK-STRATEGIE,AGRI-PV-ANLAGE,[RELATION_TYPE=SUPPORTS] [MODALITY=EXPLICIT_FACT] The strategy encourages agricultural dual-use through Agri-PV systems to increase acceptance and multifunctionality.,9.0,52,['4d221520fe7090409cfa9cda598db30683356c340ab3584a063ffe92486f2fe7225fc056f8b997f085ff0c0f7475828879fa678b7b1709148cb03584b292dab0']
eac2c6e9-0312-4efe-973f-6e1605cd0031,426,ÖSTERREICHISCHE PHOTOVOLTAIK-STRATEGIE,PV-NUTZUNGEN BEI INFRASTRUKTUREN,"[RELATION_TYPE=SUPPORTS] [MODALITY=EXPLICIT_FACT] The strategy calls for PV utilization on infrastructure (such as parking lots, noise barriers) as an acceptance and expansion measure.",9.0,48,['4d221520fe7090409cfa9cda598db30683356c340ab3584a063ffe92486f2fe7225fc056f8b997f085ff0c0f7475828879fa678b7b1709148cb03584b292dab0']
8ac03238-707e-40ba-baaa-36f02a0a7957,427,ÖSTERREICHISCHE PHOTOVOLTAIK-STRATEGIE,GEBÄUDEINTEGRIERTE PV,[RELATION_TYPE=SUPPORTS] [MODALITY=EXPLICIT_FACT] The strategy seeks the nationwide implementation of exemplary and flagship building-integrated PV projects on already sealed surfaces.,9.0,50,['4d221520fe7090409cfa9cda598db30683356c340ab3584a063ffe92486f2fe7225fc056f8b997f085ff0c0f7475828879fa678b7b1709148cb03584b292dab0']
2537a6a1-a1de-4734-968f-863d2db319c9,428,DAUCHFLÄCHENMIETE UND STATIK-ANALYSE,PHOTOVOLTAIK (PV),[RELATION_TYPE=SUPPORTS] [MODALITY=EXPLICIT_FACT] Rooftop leasing and structural analysis models are referenced as mechanisms that contribute to PV deployment and increased acceptance.,8.0,19,['4d221520fe7090409cfa9cda598db30683356c340ab3584a063ffe92486f2fe7225fc056f8b997f085ff0c0f7475828879fa678b7b1709148cb03584b292dab0']
3cada27b-4230-4134-a993-8f83050c8b34,429,ORTS- UND DENKMALSCHUTZ-ANGEPASSTE PV-MODULE,PHOTOVOLTAIK (PV),"[RELATION_TYPE=SUPPORTS] [MODALITY=EXPLICIT_FACT] PV modules adapted to local and heritage requirements enable increased PV deployment and address acceptance, according to the strategy.",8.0,19,['4d221520fe7090409cfa9cda598db30683356c340ab3584a063ffe92486f2fe7225fc056f8b997f085ff0c0f7475828879fa678b7b1709148cb03584b292dab0']
2d7bdb3b-0b10-48f0-b115-15bdcd704fd3,430,PV-ANLAGEN AN LÄRMSCHUTZWÄNDEN,PHOTOVOLTAIK (PV),[RELATION_TYPE=SUPPORTS] [MODALITY=PLANNED_ACTION] The application of PV on noise barriers in road and rail is under examination as a potential expansion and acceptance-supporting solution.,7.0,21,['4d221520fe7090409cfa9cda598db30683356c340ab3584a063ffe92486f2fe7225fc056f8b997f085ff0c0f7475828879fa678b7b1709148cb03584b292dab0']
841f276a-91f8-4d1d-9b29-69afa03e1df0,431,EABG,PV-NUTZUNGEN BEI INFRASTRUKTUREN,"[RELATION_TYPE=SUPPORTS] [MODALITY=EXPLICIT_FACT] [STATUS=UNKNOWN] The EABG is referenced as further driving PV utilization on infrastructures and their auxiliary areas, such as large parking lots.",8.0,4,['4d221520fe7090409cfa9cda598db30683356c340ab3584a063ffe92486f2fe7225fc056f8b997f085ff0c0f7475828879fa678b7b1709148cb03584b292dab0']
07f93708-ff3c-4208-9ea2-8480c5f92262,432,GEBÄUDE DES BUNDES,PHOTOVOLTAIK (PV),[RELATION_TYPE=SUPPORTS] [MODALITY=RECOMMENDATION] The strategy recommends that PV installations should be implemented on all federal buildings where technically and economically feasible.,7.0,19,['4d221520fe7090409cfa9cda598db30683356c340ab3584a063ffe92486f2fe7225fc056f8b997f085ff0c0f7475828879fa678b7b1709148cb03584b292dab0']
6ea2af3e-ad50-46d1-a713-ccdf06f4b84d,433,PV-GEBÄUDENUTZUNG,PHOTOVOLTAIK (PV),[RELATION_TYPE=PART_OF] [MODALITY=EXPLICIT_FACT] Building-based PV usage is one form of PV deployment and is occurring in parallel with expanded biodiversity-oriented ground-mounted PV deployment to meet expansion goals.,8.0,19,['4d221520fe7090409cfa9cda598db30683356c340ab3584a063ffe92486f2fe7225fc056f8b997f085ff0c0f7475828879fa678b7b1709148cb03584b292dab0']
0177050b-bf5b-4a32-94f9-d2900fa6e809,434,LANDWIRTSCHAFTLICHE DOPPELNUTZUNG (IM RAHMEN VON AGRI-PV-ANLAGEN),AGRI-PV-ANLAGE,"[RELATION_TYPE=PART_OF] [MODALITY=EXPLICIT_FACT] Agricultural dual-use is realized within the scope of Agri-PV installations, especially supported for expansion.",10.0,8,['4d221520fe7090409cfa9cda598db30683356c340ab3584a063ffe92486f2fe7225fc056f8b997f085ff0c0f7475828879fa678b7b1709148cb03584b292dab0']
203e471b-7277-4f49-9630-53957ab0a599,435,BIODIVERSITÄTS-PV-ANLAGE,ÖKOLOGISCHER MEHRWERT VON PV-BIODIVERSITÄTSANLAGEN,"[RELATION_TYPE=MEASURED_BY] [MODALITY=EXPLICIT_FACT] Studies demonstrate the ecological added value (habitat creation, soil quality improvement) of biodiversity PV installations.",10.0,6,['4d221520fe7090409cfa9cda598db30683356c340ab3584a063ffe92486f2fe7225fc056f8b997f085ff0c0f7475828879fa678b7b1709148cb03584b292dab0']
beea1839-008e-4ac6-a8ce-9bb8db86f06d,436,ÖKOLOGISCHER MEHRWERT VON PV-BIODIVERSITÄTSANLAGEN,PHOTOVOLTAIK (PV),[RELATION_TYPE=CONTRIBUTES_TO] [MODALITY=EXPLICIT_FACT] The ecological benefits of biodiversity-oriented PV installations strengthen the case for PV deployment and acceptance.,8.0,21,['4d221520fe7090409cfa9cda598db30683356c340ab3584a063ffe92486f2fe7225fc056f8b997f085ff0c0f7475828879fa678b7b1709148cb03584b292dab0']
bbc8ada5-5e1d-4fb0-ac12-76d09276f37a,437,"SOZIALE ZUSTIMMUNG ZU PHOTOVOLTAIK IN ÖSTERREICH — 83% PROJEKTE IN DER GEMEINDE, 61% FREIFLÄCHENANLAGEN (2024)",PHOTOVOLTAIK (PV),"[RELATION_TYPE=MEASURED_BY] [MODALITY=EXPLICIT_FACT] Public acceptance of PV projects in Austria, with high levels of approval reported, is directly measured for both general and ground-mounted PV projects.",10.0,20,['4d221520fe7090409cfa9cda598db30683356c340ab3584a063ffe92486f2fe7225fc056f8b997f085ff0c0f7475828879fa678b7b1709148cb03584b292dab0']
d269a919-4588-448c-ba3d-24eebade8831,438,ÖSTERREICH,"SOZIALE ZUSTIMMUNG ZU PHOTOVOLTAIK IN ÖSTERREICH — 83% PROJEKTE IN DER GEMEINDE, 61% FREIFLÄCHENANLAGEN (2024)","[RELATION_TYPE=MEASURED_BY] [MODALITY=EXPLICIT_FACT] The metric describes public acceptance of PV projects in Austria, as of 2024.",10.0,54,['4d221520fe7090409cfa9cda598db30683356c340ab3584a063ffe92486f2fe7225fc056f8b997f085ff0c0f7475828879fa678b7b1709148cb03584b292dab0']
a022f8e4-f4ba-42da-93f1-2a93ca6a46e8,439,BEVÖLKERUNG,PHOTOVOLTAIK (PV),"[RELATION_TYPE=ASSOCIATED_WITH] [MODALITY=EXPLICIT_FACT] The public is both a beneficiary and key acceptance factor for PV expansion, especially for larger projects.",10.0,26,['4d221520fe7090409cfa9cda598db30683356c340ab3584a063ffe92486f2fe7225fc056f8b997f085ff0c0f7475828879fa678b7b1709148cb03584b292dab0']
13050e8b-7d9e-4b3b-bb57-4d7317ff5784,440,BEVÖLKERUNG,FAKTENBASIERTE INFORMATION BEI PROJEKTUMSETZUNG,[RELATION_TYPE=SUPPORTS] [MODALITY=RECOMMENDATION] Fact-based information throughout project development is recommended as essential for engaging the public and addressing acceptance challenges.,8.0,9,['4d221520fe7090409cfa9cda598db30683356c340ab3584a063ffe92486f2fe7225fc056f8b997f085ff0c0f7475828879fa678b7b1709148cb03584b292dab0']
6a326011-8996-4c12-98ec-578c4124b90e,441,BEVÖLKERUNG,INFORMATIONS- UND SCHULUNGSKAMPAGNEN,[RELATION_TYPE=SUPPORTS] [MODALITY=RECOMMENDATION] Information and training campaigns are proposed for awareness building about biodiversity and Agri-PV benefits and challenges.,8.0,9,['4d221520fe7090409cfa9cda598db30683356c340ab3584a063ffe92486f2fe7225fc056f8b997f085ff0c0f7475828879fa678b7b1709148cb03584b292dab0']
c03f623b-54af-4e4c-9311-d02bdd23086b,442,PROJEKTENTWICKLUNGSPHASE,BEVÖLKERUNG,[RELATION_TYPE=CONSTRAINS] [MODALITY=EXPLICIT_FACT] The project development stage is identified as a critical phase where active public involvement is needed to address potential resistance; acceptance hinges on inclusion.,7.0,9,['4d221520fe7090409cfa9cda598db30683356c340ab3584a063ffe92486f2fe7225fc056f8b997f085ff0c0f7475828879fa678b7b1709148cb03584b292dab0']
0f5b9438-0fb1-4f42-9631-19e5a372eda0,443,NATURSCHUTZ,PHOTOVOLTAIK (PV),[RELATION_TYPE=CONSTRAINS] [MODALITY=EXPLICIT_FACT] Nature protection is an explicitly required consideration; ground-mounted PV must comply with conservation requirements.,10.0,19,['4d221520fe7090409cfa9cda598db30683356c340ab3584a063ffe92486f2fe7225fc056f8b997f085ff0c0f7475828879fa678b7b1709148cb03584b292dab0']
c5f9c9b0-f67f-41f7-844a-25999597e9a2,444,ÄSTHETISCHE FRAGEN IM BAUWESEN,PHOTOVOLTAIK (PV),"[RELATION_TYPE=CONSTRAINS] [MODALITY=EXPLICIT_FACT] Aesthetic issues in the construction sector must be addressed, balancing traditional and innovative approaches for acceptance.",9.0,19,['4d221520fe7090409cfa9cda598db30683356c340ab3584a063ffe92486f2fe7225fc056f8b997f085ff0c0f7475828879fa678b7b1709148cb03584b292dab0']
2da6e7a0-f072-4ca9-8c7f-ef6f360cc14f,445,QUALITÄT BEI PLANUNG UND UMSETZUNG,PHOTOVOLTAIK (PV),"[RELATION_TYPE=CONSTRAINS] [MODALITY=EXPLICIT_FACT] The need for high quality in planning and implementing PV projects is stipulated as essential for acceptance, applying to both large and small installations.",9.0,21,['4d221520fe7090409cfa9cda598db30683356c340ab3584a063ffe92486f2fe7225fc056f8b997f085ff0c0f7475828879fa678b7b1709148cb03584b292dab0']
23f2520b-3e07-4e17-b018-5015c84770ea,446,"MEHRFACHNUTZUNG BEI BAULICHEN INFRASTRUKTUREN, LANDWIRTSCHAFT UND VERKEHR",PHOTOVOLTAIK (PV),"[RELATION_TYPE=SUPPORTS] [MODALITY=EXPLICIT_FACT] Multifunctional usage in built, agricultural, and transportation infrastructure (incl. Agri-PV) is highlighted as important for acceptance and efficient land use.",9.0,20,['4d221520fe7090409cfa9cda598db30683356c340ab3584a063ffe92486f2fe7225fc056f8b997f085ff0c0f7475828879fa678b7b1709148cb03584b292dab0']
6cb96dc2-b663-491d-9d99-33e8da1e6ac4,447,"UNTERNEHMEN DER ELEKTRO-ELEKTRONIK, HALBLEITERTECHNOLOGIE, GLAS- UND METALLVERARBEITENDEN INDUSTRIE, DIGITALISIERUNG UND SOFTWAREUNTERNEHMEN",PHOTOVOLTAIK (PV),[RELATION_TYPE=ASSOCIATED_WITH] [MODALITY=EXPLICIT_FACT] These companies are poised to take on strengthened roles in the expanding Austrian PV market.,8.0,19,['4d221520fe7090409cfa9cda598db30683356c340ab3584a063ffe92486f2fe7225fc056f8b997f085ff0c0f7475828879fa678b7b1709148cb03584b292dab0']
395e28f9-7a2f-4bb0-a548-69c56799accf,448,INNOVATIVE HANDWERKSBETRIEBE,PHOTOVOLTAIK (PV),[RELATION_TYPE=ASSOCIATED_WITH] [MODALITY=EXPLICIT_FACT] Innovative craft enterprises are named as additional important actors in Austria’s PV industry expansion.,1.0,19,['4d221520fe7090409cfa9cda598db30683356c340ab3584a063ffe92486f2fe7225fc056f8b997f085ff0c0f7475828879fa678b7b1709148cb03584b292dab0']
98b953e7-c378-442d-ad87-1d560607a1e1,449,PARKPLÄTZE,PV-ANLAGE,"[RELATION_TYPE=SUPPORTS] [MODALITY=EXPLICIT_FACT] Parking lots are cited as infrastructural sites for accelerated PV installation, supporting both acceptance and increased use of already sealed surfaces.",9.0,28,['4d221520fe7090409cfa9cda598db30683356c340ab3584a063ffe92486f2fe7225fc056f8b997f085ff0c0f7475828879fa678b7b1709148cb03584b292dab0']
6af39a30-4311-4726-aef1-410e18a8daaf,450,LÄRMSCHUTZWÄNDE,PV-ANLAGEN AN LÄRMSCHUTZWÄNDEN,[RELATION_TYPE=PART_OF] [MODALITY=EXPLICIT_FACT] Noise barriers are the specific infrastructural context for PV installations referenced in the strategy.,10.0,4,['4d221520fe7090409cfa9cda598db30683356c340ab3584a063ffe92486f2fe7225fc056f8b997f085ff0c0f7475828879fa678b7b1709148cb03584b292dab0']
2406cc27-4358-44c8-92a6-90071f53e048,451,BETRIEBSANLAGEN,PV-ANLAGE,[RELATION_TYPE=SUPPORTS] [MODALITY=EXPLICIT_FACT] Operational facilities are listed among the built structures suitable for direct PV installation as part of Austria’s expansion and acceptance measures.,8.0,27,['4d221520fe7090409cfa9cda598db30683356c340ab3584a063ffe92486f2fe7225fc056f8b997f085ff0c0f7475828879fa678b7b1709148cb03584b292dab0']
c7b38e69-32ac-4783-88b6-76c1982617dd,452,GROSSPARKFLÄCHEN,PV-NUTZUNGEN BEI INFRASTRUKTUREN,[RELATION_TYPE=PART_OF] [MODALITY=EXPLICIT_FACT] Large parking areas are explicitly named as infrastructural areas suitable for PV utilization within the scope of infrastructure-based PV expansion.,8.0,4,['4d221520fe7090409cfa9cda598db30683356c340ab3584a063ffe92486f2fe7225fc056f8b997f085ff0c0f7475828879fa678b7b1709148cb03584b292dab0']
011b3f09-42cb-43a0-a41b-186a47ca88a1,453,BEBÄUTE FLÄCHEN,GEBÄUDEINTEGRIERTE PV,[RELATION_TYPE=SUPPORTS] [MODALITY=EXPLICIT_FACT] Already sealed/built-up areas are intended to be mobilized for building-integrated PV demonstration and deployment.,9.0,6,['4d221520fe7090409cfa9cda598db30683356c340ab3584a063ffe92486f2fe7225fc056f8b997f085ff0c0f7475828879fa678b7b1709148cb03584b292dab0']
fa764c01-88dd-4cf6-bd84-f9f1f533b933,454,MUSTER- UND LEUCHTTURMPROJEKTE,GEBÄUDEINTEGRIERTE PV,[RELATION_TYPE=SUPPORTS] [MODALITY=EXPLICIT_FACT] Exemplary and flagship projects are intended as building-integrated PV showcases to promote expansion and acceptance nationwide.,10.0,7,['4d221520fe7090409cfa9cda598db30683356c340ab3584a063ffe92486f2fe7225fc056f8b997f085ff0c0f7475828879fa678b7b1709148cb03584b292dab0']
8e90fd5f-9182-445a-8629-8effc4e7b8e1,455,DACHFLÄCHENMIETE,GEBÄUDEINTEGRIERTE PV,"[RELATION_TYPE=SUPPORTS] [MODALITY=EXPLICIT_FACT] Rooftop leasing facilitates the use of building roofs for PV deployment, as referenced in the strategy.",8.0,6,['4d221520fe7090409cfa9cda598db30683356c340ab3584a063ffe92486f2fe7225fc056f8b997f085ff0c0f7475828879fa678b7b1709148cb03584b292dab0']
a6611dc7-5526-441e-a078-7e77c3b63ef9,456,STATIK-ANALYSE,GEBÄUDEINTEGRIERTE PV,[RELATION_TYPE=SUPPORTS] [MODALITY=EXPLICIT_FACT] Structural analysis is referenced as a condition/model to support safe and appropriate installation of building-integrated PV.,8.0,6,['4d221520fe7090409cfa9cda598db30683356c340ab3584a063ffe92486f2fe7225fc056f8b997f085ff0c0f7475828879fa678b7b1709148cb03584b292dab0']
af63679f-0ab9-44ff-9f1a-d19ca709a16c,457,PV-BIODIVERSITÄTSANLAGEN,BIODIVERSITÄTS-PV-ANLAGE,[RELATION_TYPE=ALIAS_OF] [MODALITY=EXPLICIT_FACT] The two terms are used synonymously in the context of PV systems that are biodiversity-oriented.,10.0,6,['4d221520fe7090409cfa9cda598db30683356c340ab3584a063ffe92486f2fe7225fc056f8b997f085ff0c0f7475828879fa678b7b1709148cb03584b292dab0']
95d5942b-cd46-401d-bfb9-9d5abda124a4,458,PV-BIODIVERSITÄTSANLAGEN,PFLANZEN UND TIERE,[RELATION_TYPE=SUPPORTS] [MODALITY=EXPLICIT_FACT] Biodiversity-focused PV installations provide new habitats specifically for plants and animals.,10.0,4,['4d221520fe7090409cfa9cda598db30683356c340ab3584a063ffe92486f2fe7225fc056f8b997f085ff0c0f7475828879fa678b7b1709148cb03584b292dab0']
2e6391b0-6a8a-4605-8c50-482526654231,459,PV-BIODIVERSITÄTSANLAGEN,BODENQUALITÄT,"[RELATION_TYPE=CONTRIBUTES_TO] [MODALITY=EXPLICIT_FACT] PV-biodiversity installations demonstrably improve soil quality, as reported by referenced studies.",9.0,4,['4d221520fe7090409cfa9cda598db30683356c340ab3584a063ffe92486f2fe7225fc056f8b997f085ff0c0f7475828879fa678b7b1709148cb03584b292dab0']
11876324-78aa-4df9-8966-3ac4f4d833a7,460,STUDIEN ZU ÖKOLOGISCHEM MEHRWERT DER PV-BIODIVERSITÄTSANLAGEN,ÖKOLOGISCHER MEHRWERT VON PV-BIODIVERSITÄTSANLAGEN,[RELATION_TYPE=MEASURED_BY] [MODALITY=EXPLICIT_FACT] The cited studies are the empirical foundation for claims about the ecological benefits of biodiversity PV installations.,9.0,4,['4d221520fe7090409cfa9cda598db30683356c340ab3584a063ffe92486f2fe7225fc056f8b997f085ff0c0f7475828879fa678b7b1709148cb03584b292dab0']
447ea263-164e-4e6b-b092-fcfadb21c683,461,REGELUNGEN FÜR PV-ANLAGEN AN LÄRMSCHUTZWÄNDEN,PV-ANLAGEN AN LÄRMSCHUTZWÄNDEN,[RELATION_TYPE=REGULATES] [MODALITY=PLANNED_ACTION] [STATUS=PLANNED] The passage states that analogous regulations for PV on noise barriers in road and railway will be examined.,9.0,4,['4d221520fe7090409cfa9cda598db30683356c340ab3584a063ffe92486f2fe7225fc056f8b997f085ff0c0f7475828879fa678b7b1709148cb03584b292dab0']
0ffa73b9-34af-4954-b37a-08ce1fbcde59,462,VERKEHRSBEREICH,"MEHRFACHNUTZUNG BEI BAULICHEN INFRASTRUKTUREN, LANDWIRTSCHAFT UND VERKEHR",[RELATION_TYPE=PART_OF] [MODALITY=EXPLICIT_FACT] The transport sector is referenced as one area for multifunctional PV uses to increase acceptance and land use efficiency.,8.0,3,['4d221520fe7090409cfa9cda598db30683356c340ab3584a063ffe92486f2fe7225fc056f8b997f085ff0c0f7475828879fa678b7b1709148cb03584b292dab0']
8ba6da88-929a-4fe8-81b5-2ccbe647c98d,463,METHODEN ZUR FÖRDERUNG SOZIALER INNOVATION IM KONTEXT DER ENERGIEWENDE,BEVÖLKERUNG,[RELATION_TYPE=SUPPORTS] [MODALITY=RECOMMENDATION] The documented methods are a foundation for improving social process guidance and public involvement in PV roll-out.,8.0,10,['4d221520fe7090409cfa9cda598db30683356c340ab3584a063ffe92486f2fe7225fc056f8b997f085ff0c0f7475828879fa678b7b1709148cb03584b292dab0']
e12b976a-2ebd-4b5f-ab70-9e9be8af396f,464,MUSTER- UND LEUCHTTURMPROJEKTE,ÖSTERREICH,[RELATION_TYPE=SUPPORTS] [MODALITY=EXPLICIT_FACT] These flagship PV projects are to be implemented nationwide across Austria to increase visibility and acceptance.,8.0,54,['4d221520fe7090409cfa9cda598db30683356c340ab3584a063ffe92486f2fe7225fc056f8b997f085ff0c0f7475828879fa678b7b1709148cb03584b292dab0']
462b8dda-2315-4e55-85d3-0664dbaa7495,465,GROSSPROJEKTE,QUALITÄT BEI PLANUNG UND UMSETZUNG,"[RELATION_TYPE=ASSOCIATED_WITH] [MODALITY=EXPLICIT_FACT] Securing quality in both planning and implementation is stated as a requirement for acceptance, specifically referencing large PV projects.",8.0,4,['4d221520fe7090409cfa9cda598db30683356c340ab3584a063ffe92486f2fe7225fc056f8b997f085ff0c0f7475828879fa678b7b1709148cb03584b292dab0']
d617a3bd-c398-4f3c-a6a6-98186f6b765d,466,KLEINPROJEKTE,QUALITÄT BEI PLANUNG UND UMSETZUNG,[RELATION_TYPE=ASSOCIATED_WITH] [MODALITY=EXPLICIT_FACT] High quality in small project planning and implementation is also required for project acceptance.,1.0,4,['4d221520fe7090409cfa9cda598db30683356c340ab3584a063ffe92486f2fe7225fc056f8b997f085ff0c0f7475828879fa678b7b1709148cb03584b292dab0']
6ab3ad09-158d-4cde-8a07-010e49b7a299,467,EUROPÄISCHE UNION (EU),"NETTO-NULL-INDUSTRIE-GESETZ (NET ZERO INDUSTRY ACT, NZIA)",[RELATION_TYPE=IMPLEMENTS] [MODALITY=EXPLICIT_FACT] [STATUS=ADOPTED] The Net Zero Industry Act is an adopted law within the European Union to promote clean-technology production.,10.0,8,['7a01190bcf30936758d004f89d7553c62632e91427f92e6420a9e453f2c5d92ab18ae9e62c46bc28aeb398621b28cfd3af89bf2317c887a5eec276b5b7a51052']
a67b77da-4b10-4b17-b900-80d054f78104,468,"NETTO-NULL-INDUSTRIE-GESETZ (NET ZERO INDUSTRY ACT, NZIA)",PHOTOVOLTAIK (PV),"[RELATION_TYPE=SUPPORTS] [MODALITY=EXPLICIT_FACT] The Act aims to increase the production of clean technologies, including photovoltaics, that further the energy transition.",9.0,21,['7a01190bcf30936758d004f89d7553c62632e91427f92e6420a9e453f2c5d92ab18ae9e62c46bc28aeb398621b28cfd3af89bf2317c887a5eec276b5b7a51052']
154e64ae-c2ed-4599-b868-291fae4567b7,469,"NETTO-NULL-INDUSTRIE-GESETZ (NET ZERO INDUSTRY ACT, NZIA)",GRÜNER INDUSTRIEPLAN DER EU,[RELATION_TYPE=PART_OF] [MODALITY=EXPLICIT_FACT] The Net Zero Industry Act is part of the EU Green Industrial Plan.,10.0,4,['7a01190bcf30936758d004f89d7553c62632e91427f92e6420a9e453f2c5d92ab18ae9e62c46bc28aeb398621b28cfd3af89bf2317c887a5eec276b5b7a51052']
92d31525-7dd6-4155-87a1-6f16396da69a,470,EU-TAXONOMIE (EU TAXONOMY),PRIVATE UND INSTITUTIONELLE INVESTOR:INNEN,"[RELATION_TYPE=REGULATES] [MODALITY=EXPLICIT_FACT] The EU Taxonomy defines ecological sustainability criteria for investments, influencing investors' decisions towards sustainable projects.",9.0,4,['7a01190bcf30936758d004f89d7553c62632e91427f92e6420a9e453f2c5d92ab18ae9e62c46bc28aeb398621b28cfd3af89bf2317c887a5eec276b5b7a51052']
ccf1b8e2-1404-4856-a666-5f2245f88859,471,EU-TAXONOMIE (EU TAXONOMY),"UNTERNEHMEN DER ELEKTRO-ELEKTRONIK, HALBLEITERTECHNOLOGIE, GLAS- UND METALLVERARBEITENDEN INDUSTRIE, DIGITALISIERTUNG UND SOFTWAREUNTERNEHMEN, INNOVATIVE HANDWERKSBETRIEBE",[RELATION_TYPE=REGULATES] [MODALITY=EXPLICIT_FACT] EU Taxonomy provides a common standard/reference for companies regarding ecological sustainability for investment purposes.,8.0,4,['7a01190bcf30936758d004f89d7553c62632e91427f92e6420a9e453f2c5d92ab18ae9e62c46bc28aeb398621b28cfd3af89bf2317c887a5eec276b5b7a51052']
1f7f5e88-4b9d-44d2-a042-21a8a2621ee1,472,ÖSTERREICHISCHE GREEN FINANCE AGENDA,ÖSTERREICHISCHER AUFBAU- UND RESILIENZPLAN,[RELATION_TYPE=PART_OF] [MODALITY=EXPLICIT_FACT] The Austrian Green Finance Agenda is a reform component of the Austrian Recovery and Resilience Plan.,10.0,6,['7a01190bcf30936758d004f89d7553c62632e91427f92e6420a9e453f2c5d92ab18ae9e62c46bc28aeb398621b28cfd3af89bf2317c887a5eec276b5b7a51052']
d6573016-2a3e-4161-aa83-b9e971e47fae,473,ÖSTERREICHISCHE GREEN FINANCE AGENDA,GREEN FINANCE ALLIANCE,[RELATION_TYPE=PROPOSES] [MODALITY=EXPLICIT_FACT] The Green Finance Alliance is one of the measures identified in the Austrian Green Finance Agenda.,8.0,8,['7a01190bcf30936758d004f89d7553c62632e91427f92e6420a9e453f2c5d92ab18ae9e62c46bc28aeb398621b28cfd3af89bf2317c887a5eec276b5b7a51052']
5baeb6fa-3dff-485d-94d3-cda217da8c8d,474,ÖSTERREICHISCHE GREEN FINANCE AGENDA,AUSTRIAN GREEN INVESTMENT PIONEERS PROGRAMM (KLIMAAKTIV),[RELATION_TYPE=PROPOSES] [MODALITY=EXPLICIT_FACT] The Green Investment Pioneers Programme (klimaaktiv) is a measure identified in the Green Finance Agenda.,8.0,6,['7a01190bcf30936758d004f89d7553c62632e91427f92e6420a9e453f2c5d92ab18ae9e62c46bc28aeb398621b28cfd3af89bf2317c887a5eec276b5b7a51052']
dda70c4b-3af8-420e-8fac-7e1480c52acd,475,ÖSTERREICHISCHE GREEN FINANCE AGENDA,GREEN FINANCE FÖRDERPROGRAMM (KLIMA- UND ENERGIEFONDS),[RELATION_TYPE=PROPOSES] [MODALITY=EXPLICIT_FACT] The Green Finance Förderprogramm is listed as a measure under the Green Finance Agenda.,8.0,7,['7a01190bcf30936758d004f89d7553c62632e91427f92e6420a9e453f2c5d92ab18ae9e62c46bc28aeb398621b28cfd3af89bf2317c887a5eec276b5b7a51052']
8b3ba499-6e33-4a03-9901-1cd9c74dcb3c,476,ÖSTERREICHISCHE GREEN FINANCE AGENDA,FÖRDERUNG DER FINANZBILDUNG IM BEREICH NACHHALTIGKEIT,[RELATION_TYPE=PROPOSES] [MODALITY=EXPLICIT_FACT] Activities to promote financial literacy in sustainability are included as measures in the Green Finance Agenda.,7.0,6,['7a01190bcf30936758d004f89d7553c62632e91427f92e6420a9e453f2c5d92ab18ae9e62c46bc28aeb398621b28cfd3af89bf2317c887a5eec276b5b7a51052']
bb23d409-e406-4cbd-846d-ab4827b1671c,477,GREEN FINANCE ALLIANCE,"1,5-GRAD-ZIEL",[RELATION_TYPE=SUPPORTS] [MODALITY=EXPLICIT_FACT] Participating financial-sector companies align their portfolios with the 1.5-degree target.,10.0,4,['7a01190bcf30936758d004f89d7553c62632e91427f92e6420a9e453f2c5d92ab18ae9e62c46bc28aeb398621b28cfd3af89bf2317c887a5eec276b5b7a51052']
3deaf00c-e25b-4bc5-ae6a-07eed2a6432a,478,ÖSTERREICH,BMK-AUSBILDUNGSINITIATIVE „JUST TRANSITION“,"[RELATION_TYPE=SUPPORTS] [MODALITY=EXPLICIT_FACT] The training initiative is being promoted in Austria to advance skills in photovoltaics, electrotechnology, and related fields.",9.0,58,['7a01190bcf30936758d004f89d7553c62632e91427f92e6420a9e453f2c5d92ab18ae9e62c46bc28aeb398621b28cfd3af89bf2317c887a5eec276b5b7a51052']
f150b32f-9dac-42b5-b5ae-f18d320afb68,479,BMK-AUSBILDUNGSINITIATIVE „JUST TRANSITION“,PHOTOVOLTAIK (PV),[RELATION_TYPE=SUPPORTS] [MODALITY=EXPLICIT_FACT] The initiative targets educational improvement in PV technology and related energy topics.,9.0,24,['7a01190bcf30936758d004f89d7553c62632e91427f92e6420a9e453f2c5d92ab18ae9e62c46bc28aeb398621b28cfd3af89bf2317c887a5eec276b5b7a51052']
e5b38d0c-127c-4362-b508-33a84cb2cdd0,480,BMK-AUSBILDUNGSINITIATIVE „JUST TRANSITION“,QUALIFIZIERUNGSVERBUND-AUSBILDUNGSOFFENSIVE,[RELATION_TYPE=ASSOCIATED_WITH] [MODALITY=EXPLICIT_FACT] The training offensive in qualification alliances is part of the broad support for energy-transition relevant apprenticeships under Just Transition.,8.0,8,['7a01190bcf30936758d004f89d7553c62632e91427f92e6420a9e453f2c5d92ab18ae9e62c46bc28aeb398621b28cfd3af89bf2317c887a5eec276b5b7a51052']
cd87c514-60c9-4348-a7eb-6155261b048c,481,EU SOLAR PV INDUSTRY ALLIANCE (ESIA),PV-SYSTEM,[RELATION_TYPE=SUPPORTS] [MODALITY=EXPLICIT_FACT] The ESIA aims to strengthen the European value chain for PV systems.,9.0,5,['7a01190bcf30936758d004f89d7553c62632e91427f92e6420a9e453f2c5d92ab18ae9e62c46bc28aeb398621b28cfd3af89bf2317c887a5eec276b5b7a51052']
11934b42-6d05-4846-9546-24246eddfa3a,482,SOLAR-CHARTA,PV-SYSTEM,[RELATION_TYPE=SUPPORTS] [MODALITY=EXPLICIT_FACT] The Charter aims to preserve and strengthen Europe's PV production value chain.,9.0,6,['7a01190bcf30936758d004f89d7553c62632e91427f92e6420a9e453f2c5d92ab18ae9e62c46bc28aeb398621b28cfd3af89bf2317c887a5eec276b5b7a51052']
2aa29939-4299-47b6-aea2-a0afdf2a1e12,483,ÖSTERREICH,SOLAR-CHARTA,[RELATION_TYPE=IMPLEMENTS] [MODALITY=EXPLICIT_FACT] [STATUS=ONGOING] Austria is an official signatory of the Solar-Charta as of April 2024.,10.0,55,['7a01190bcf30936758d004f89d7553c62632e91427f92e6420a9e453f2c5d92ab18ae9e62c46bc28aeb398621b28cfd3af89bf2317c887a5eec276b5b7a51052']
4963873f-9c6d-44b4-a9fa-0c5020201082,484,ÖSTERREICH,IPCEI-PV,[RELATION_TYPE=IMPLEMENTS] [MODALITY=EXPLICIT_FACT] [STATUS=ONGOING] Austria joined the European IPCEI-PV initiative in May 2022.,10.0,55,['7a01190bcf30936758d004f89d7553c62632e91427f92e6420a9e453f2c5d92ab18ae9e62c46bc28aeb398621b28cfd3af89bf2317c887a5eec276b5b7a51052']
91f613db-38cb-4e5e-b66d-8517b27a9063,485,IPCEI-PV,PV-SYSTEM,[RELATION_TYPE=SUPPORTS] [MODALITY=EXPLICIT_FACT] The initiative aims at the restoration and strengthening of European production value chains for PV systems.,9.0,6,['7a01190bcf30936758d004f89d7553c62632e91427f92e6420a9e453f2c5d92ab18ae9e62c46bc28aeb398621b28cfd3af89bf2317c887a5eec276b5b7a51052']
35dc0bc2-af14-4800-84a6-7730a2999f80,486,EU SOLAR PV INDUSTRY ALLIANCE (ESIA),EUROPÄISCHE UNION (EU),[RELATION_TYPE=LOCATED_IN] [MODALITY=EXPLICIT_FACT] The Alliance operates within the European Union.,10.0,7,['7a01190bcf30936758d004f89d7553c62632e91427f92e6420a9e453f2c5d92ab18ae9e62c46bc28aeb398621b28cfd3af89bf2317c887a5eec276b5b7a51052']
f5df2a54-ec8c-48a4-b766-e84678ddc849,487,SOLAR-CHARTA,EUROPÄISCHE UNION (EU),[RELATION_TYPE=LOCATED_IN] [MODALITY=EXPLICIT_FACT] The Charter is an initiative within the EU.,10.0,8,['7a01190bcf30936758d004f89d7553c62632e91427f92e6420a9e453f2c5d92ab18ae9e62c46bc28aeb398621b28cfd3af89bf2317c887a5eec276b5b7a51052']
0409d5c0-7f07-4e85-accd-ddc457811082,488,IPCEI-PV,EUROPÄISCHE UNION (EU),[RELATION_TYPE=LOCATED_IN] [MODALITY=EXPLICIT_FACT] The IPCEI-PV initiative is anchored in the EU context.,10.0,8,['7a01190bcf30936758d004f89d7553c62632e91427f92e6420a9e453f2c5d92ab18ae9e62c46bc28aeb398621b28cfd3af89bf2317c887a5eec276b5b7a51052']
20b24a3a-cb5e-4684-b868-f3af4079c73f,489,"UNTERNEHMEN DER ELEKTRO-ELEKTRONIK, HALBLEITERTECHNOLOGIE, GLAS- UND METALLVERARBEITENDEN INDUSTRIE, DIGITALISIERTUNG UND SOFTWAREUNTERNEHMEN, INNOVATIVE HANDWERKSBETRIEBE",PHOTOVOLTAIK (PV),[RELATION_TYPE=CONTRIBUTES_TO] [MODALITY=EXPLICIT_FACT] [STATUS=ONGOING] These Austrian companies are identified as key actors in leveraging Austria’s technological strengths in the photovoltaic market and value creation.,8.0,20,['7a01190bcf30936758d004f89d7553c62632e91427f92e6420a9e453f2c5d92ab18ae9e62c46bc28aeb398621b28cfd3af89bf2317c887a5eec276b5b7a51052']
378533b6-4953-4ce3-9d23-2e75bba47bac,490,KLIMA- UND ENERGIEFONDS,GREEN FINANCE FÖRDERPROGRAMM (KLIMA- UND ENERGIEFONDS),[RELATION_TYPE=IMPLEMENTS] [MODALITY=EXPLICIT_FACT] The Green Finance Förderprogramm is implemented or administered by the Klima- und Energiefonds.,9.0,10,['7a01190bcf30936758d004f89d7553c62632e91427f92e6420a9e453f2c5d92ab18ae9e62c46bc28aeb398621b28cfd3af89bf2317c887a5eec276b5b7a51052']
15ca2f6c-70b0-40d7-be3c-d3c7b2d4fc96,491,FINANZSEKTORUNTERNEHMEN (TEILNEHMENDE AN GREEN FINANCE ALLIANCE),GREEN FINANCE ALLIANCE,"[RELATION_TYPE=ASSOCIATED_WITH] [MODALITY=EXPLICIT_FACT] Austrian financial sector companies are identified as participants in the Green Finance Alliance, aligning business activities with the initiative’s climate objectives.",10.0,4,['7a01190bcf30936758d004f89d7553c62632e91427f92e6420a9e453f2c5d92ab18ae9e62c46bc28aeb398621b28cfd3af89bf2317c887a5eec276b5b7a51052']
dd792260-c454-4f79-8de0-9529f4acfdee,492,BMK-AUSBILDUNGSINITIATIVE „JUST TRANSITION“,ELEKTROTECHNIK/ELEKTROINSTALLATION (LEHRBERUF),[RELATION_TYPE=SUPPORTS] [MODALITY=EXPLICIT_FACT] The initiative specifically promotes vocational education and upskilling for the electrical installation profession relevant to the energy and PV transition.,10.0,7,['7a01190bcf30936758d004f89d7553c62632e91427f92e6420a9e453f2c5d92ab18ae9e62c46bc28aeb398621b28cfd3af89bf2317c887a5eec276b5b7a51052']
b0fde1e1-c14f-44cf-8531-f7619df8ad5f,493,BMK-AUSBILDUNGSINITIATIVE „JUST TRANSITION“,DACHDECKER:INNEN (LEHRBERUF),[RELATION_TYPE=SUPPORTS] [MODALITY=EXPLICIT_FACT] The initiative includes a focus on roofing apprenticeships and professionals for energy transition and PV deployment skills.,9.0,7,['7a01190bcf30936758d004f89d7553c62632e91427f92e6420a9e453f2c5d92ab18ae9e62c46bc28aeb398621b28cfd3af89bf2317c887a5eec276b5b7a51052']
38a80a4b-b50d-498c-8bc0-30f2c3552ed1,494,BMK-AUSBILDUNGSINITIATIVE „JUST TRANSITION“,FÜR DIE ENERGIEWENDE RELEVANTE LEHRBERUFE,[RELATION_TYPE=SUPPORTS] [MODALITY=EXPLICIT_FACT] Vocational professions relevant to the energy transition are prioritized for support and training under the BMK initiative.,8.0,8,['7a01190bcf30936758d004f89d7553c62632e91427f92e6420a9e453f2c5d92ab18ae9e62c46bc28aeb398621b28cfd3af89bf2317c887a5eec276b5b7a51052']
30a0b147-4d06-421a-b4f2-8cf271cd991e,495,QUALIFIZIERUNGSVERBUND-AUSBILDUNGSOFFENSIVE,FÜR DIE ENERGIEWENDE RELEVANTE LEHRBERUFE,[RELATION_TYPE=SUPPORTS] [MODALITY=EXPLICIT_FACT] The training offensive in qualification alliances focuses primarily on apprenticeships for professions considered relevant to the energy transition.,8.0,4,['7a01190bcf30936758d004f89d7553c62632e91427f92e6420a9e453f2c5d92ab18ae9e62c46bc28aeb398621b28cfd3af89bf2317c887a5eec276b5b7a51052']
5572a546-06af-4b50-ae7e-6c5c9d972d53,496,PROJEKT- UND FINANZIERUNGSEBENE,HEIMISCHE PV-WIRTSCHAFT,[RELATION_TYPE=SUPPORTS] [MODALITY=EXPLICIT_FACT] Optimal bridging between project and financing levels is identified as particularly relevant for the domestic PV industry in Austria.,7.0,8,['7a01190bcf30936758d004f89d7553c62632e91427f92e6420a9e453f2c5d92ab18ae9e62c46bc28aeb398621b28cfd3af89bf2317c887a5eec276b5b7a51052']
968fb609-411e-4b4e-bc8a-7ccb4eaca583,497,PRIVATE UND INSTITUTIONELLE INVESTOR:INNEN,HEIMISCHE PV-WIRTSCHAFT,[RELATION_TYPE=SUPPORTS] [MODALITY=EXPLICIT_FACT] Mobilization of private and institutional capital is described as necessary for the domestic PV economy’s development and for achieving renewable energy targets in Austria.,10.0,9,['7a01190bcf30936758d004f89d7553c62632e91427f92e6420a9e453f2c5d92ab18ae9e62c46bc28aeb398621b28cfd3af89bf2317c887a5eec276b5b7a51052']
193accbf-de49-42e5-8e40-f1aa91f9890e,498,ÖSTERREICH,ÖSTERREICHISCHE PHOTOVOLTAIK-STRATEGIE,The ÖSTERREICHISCHE PHOTOVOLTAIK-STRATEGIE (Austrian Photovoltaic Strategy) is a national policy instrument in Austria that is associated with the development and measures of Austria's photovoltaic (PV) market and provides guidelines for PV expansion in the country.,20.0,97,"['9ce049a98570c6bf53cf9e547168db075af2795fa519422bd27a2c9aa5b490c4b26aef25883802c4d8eb6e4dcb09c866e7d31677352f7beb6c4f9fcbbcc75e9b'
 '05802f69e17001a506260c74ca400f6a1368fbf0132720e670d13ffd39c31d615ca94e0ffc071332bd317faa48542bde7970720b9f035d496136fc5d6bbb8ca5']"
747ac009-5504-4e24-b5cc-dc54cbec0f5f,499,ÖSTERREICH,MADE IN EUROPE-BONUS,[RELATION_TYPE=IMPLEMENTS] [MODALITY=EXPLICIT_FACT] Austria intends to implement the Made in Europe-Bonus as a national support measure.,8.0,59,['9ce049a98570c6bf53cf9e547168db075af2795fa519422bd27a2c9aa5b490c4b26aef25883802c4d8eb6e4dcb09c866e7d31677352f7beb6c4f9fcbbcc75e9b']
b189b220-ff58-4853-a1cb-40b0771fe916,500,MADE IN EUROPE-BONUS,PV-KOMPONENTEN,[RELATION_TYPE=SUPPORTS] [MODALITY=EXPLICIT_FACT] The bonus incentivizes the use of PV components manufactured in Europe.,10.0,9,['9ce049a98570c6bf53cf9e547168db075af2795fa519422bd27a2c9aa5b490c4b26aef25883802c4d8eb6e4dcb09c866e7d31677352f7beb6c4f9fcbbcc75e9b']
c2ca6bb2-b474-46f1-9f8e-75622d7d9f92,501,MADE IN EUROPE-BONUS,ABHÄNGIGKEIT VON DRITTSTAATEN IM BEREICH DES AUSBAUS DER ERNEUERBAREN ENERGIEN,[RELATION_TYPE=CONTRIBUTES_TO] [MODALITY=EXPLICIT_FACT] The scheme aims to reduce dependence on third countries in renewable energy expansion.,9.0,8,['9ce049a98570c6bf53cf9e547168db075af2795fa519422bd27a2c9aa5b490c4b26aef25883802c4d8eb6e4dcb09c866e7d31677352f7beb6c4f9fcbbcc75e9b']
34e4f445-7d43-4666-a6ff-f2d3e5c7ebe7,502,MADE IN EUROPE-BONUS,PV-INDUSTRIE,[RELATION_TYPE=SUPPORTS] [MODALITY=EXPLICIT_FACT] The scheme is associated with strengthening the Austrian PV industry and related value creation.,8.0,9,['9ce049a98570c6bf53cf9e547168db075af2795fa519422bd27a2c9aa5b490c4b26aef25883802c4d8eb6e4dcb09c866e7d31677352f7beb6c4f9fcbbcc75e9b']
7ba2a4c8-5883-4265-b641-4094735db194,503,EUROPÄISCHE UNION (EU),IPCEI-PV23,[RELATION_TYPE=ASSOCIATED_WITH] [MODALITY=EXPLICIT_FACT] IPCEI-PV23 is an EU initiative for rebuilding and strengthening central PV value chains.,10.0,9,['9ce049a98570c6bf53cf9e547168db075af2795fa519422bd27a2c9aa5b490c4b26aef25883802c4d8eb6e4dcb09c866e7d31677352f7beb6c4f9fcbbcc75e9b']
4584ecea-60f4-41f2-b08b-e3b48353a245,504,ÖSTERREICH,IPCEI-PV23,[RELATION_TYPE=ASSOCIATED_WITH] [MODALITY=EXPLICIT_FACT] Austria joined the IPCEI-PV23 initiative in May 2022.,10.0,56,['9ce049a98570c6bf53cf9e547168db075af2795fa519422bd27a2c9aa5b490c4b26aef25883802c4d8eb6e4dcb09c866e7d31677352f7beb6c4f9fcbbcc75e9b']
d54a47c0-3a58-4ed4-8983-2eaf14f5e056,505,IPCEI-PV23,PV-INDUSTRIE,"[RELATION_TYPE=SUPPORTS] [MODALITY=EXPLICIT_FACT] The initiative aims to rebuild and strengthen central European PV value chains, supporting the European and Austrian PV industry.",10.0,6,['9ce049a98570c6bf53cf9e547168db075af2795fa519422bd27a2c9aa5b490c4b26aef25883802c4d8eb6e4dcb09c866e7d31677352f7beb6c4f9fcbbcc75e9b']
badc98a5-2a83-4c3e-ae7e-54a7f5871aa5,506,PV-TECHNOLOGIEN,KLIMANEUTRALITÄT 2040 (ÖSTERREICH),[RELATION_TYPE=CONTRIBUTES_TO] [MODALITY=EXPLICIT_FACT] PV technologies are being developed and improved with the goal of achieving climate neutrality by 2040 in Austria.,9.0,10,['9ce049a98570c6bf53cf9e547168db075af2795fa519422bd27a2c9aa5b490c4b26aef25883802c4d8eb6e4dcb09c866e7d31677352f7beb6c4f9fcbbcc75e9b']
dfc66cae-b7b0-4229-aa05-9629d822d852,507,"FORSCHUNGS-, ENTWICKLUNGS- UND INNOVATIONSPROGRAMME",PV-TECHNOLOGIEN,[RELATION_TYPE=SUPPORTS] [MODALITY=EXPLICIT_FACT] These programmes support the development of new and improved PV technologies and components for greater sustainability and efficiency.,10.0,7,['9ce049a98570c6bf53cf9e547168db075af2795fa519422bd27a2c9aa5b490c4b26aef25883802c4d8eb6e4dcb09c866e7d31677352f7beb6c4f9fcbbcc75e9b']
cab795c4-18b0-4199-b8b1-b8b996fff150,508,FTI-SCHWERPUNKT „ENERGIEWENDE“,FORSCHUNG,[RELATION_TYPE=SUPPORTS] [MODALITY=EXPLICIT_FACT] The national research focus “Energiewende” funds research activities targeting 2040 climate neutrality via energy technologies including PV.,9.0,5,['9ce049a98570c6bf53cf9e547168db075af2795fa519422bd27a2c9aa5b490c4b26aef25883802c4d8eb6e4dcb09c866e7d31677352f7beb6c4f9fcbbcc75e9b']
0f7b8d53-b1cc-446c-8fe6-8ed1fa271187,509,FTI-SCHWERPUNKT „ENERGIEWENDE“,PV-TECHNOLOGIEN,[RELATION_TYPE=SUPPORTS] [MODALITY=EXPLICIT_FACT] The support scheme explicitly covers PV technology and component development and demonstration for 2040 climate neutrality.,9.0,9,['9ce049a98570c6bf53cf9e547168db075af2795fa519422bd27a2c9aa5b490c4b26aef25883802c4d8eb6e4dcb09c866e7d31677352f7beb6c4f9fcbbcc75e9b']
f9abf0e0-5f04-44e8-8edd-98b7bda70694,510,PV-LÖSUNGEN,ENERGIEMANAGEMENT,[RELATION_TYPE=ASSOCIATED_WITH] [MODALITY=EXPLICIT_FACT] PV solutions are to be integrated into a future energy system enabling energy management and flexibility.,8.0,5,['9ce049a98570c6bf53cf9e547168db075af2795fa519422bd27a2c9aa5b490c4b26aef25883802c4d8eb6e4dcb09c866e7d31677352f7beb6c4f9fcbbcc75e9b']
12d3bb5e-1389-4651-a993-3bb92cd39f59,511,DIGITALISIERUNG VON ENERGIEINFRASTRUKTUREN,ENERGIEINFRASTRUKTUREN,[RELATION_TYPE=PART_OF] [MODALITY=EXPLICIT_FACT] Digitalisation is a key aspect of modernising energy infrastructures for enabling PV integration and flexibility.,9.0,3,['9ce049a98570c6bf53cf9e547168db075af2795fa519422bd27a2c9aa5b490c4b26aef25883802c4d8eb6e4dcb09c866e7d31677352f7beb6c4f9fcbbcc75e9b']
90d2cac1-7ce7-4ec3-ba14-cb788aba1d43,512,LIEFERKETTEN FÜR VORPRODUKTE,PV-PRODUKTION,[RELATION_TYPE=CONSTRAINS] [MODALITY=EXPLICIT_FACT] Securing supply chains for intermediate products is necessary for the successful international positioning of Austrian PV production.,9.0,2,['9ce049a98570c6bf53cf9e547168db075af2795fa519422bd27a2c9aa5b490c4b26aef25883802c4d8eb6e4dcb09c866e7d31677352f7beb6c4f9fcbbcc75e9b']
6dea262a-458d-44e0-a044-d74569160149,513,JUST TRANSITION AKTIONSPLAN FÜR AUS- UND WEITERBILDUNG,QUALIFIZIERTE FACHKRÄFTE,[RELATION_TYPE=SUPPORTS] [MODALITY=PLANNED_ACTION] The plan defines measures to secure qualified skilled workers for the Austrian PV sector.,8.0,10,['9ce049a98570c6bf53cf9e547168db075af2795fa519422bd27a2c9aa5b490c4b26aef25883802c4d8eb6e4dcb09c866e7d31677352f7beb6c4f9fcbbcc75e9b']
ce944c0c-c42a-4332-baf3-18ef5048bc10,514,FORSCHUNG,PV-TECHNOLOGIEN,[RELATION_TYPE=SUPPORTS] [MODALITY=EXPLICIT_FACT] Research actors contribute to the development and improvement of PV technologies.,8.0,8,['9ce049a98570c6bf53cf9e547168db075af2795fa519422bd27a2c9aa5b490c4b26aef25883802c4d8eb6e4dcb09c866e7d31677352f7beb6c4f9fcbbcc75e9b']
49ea1031-92ae-44b7-9f95-1a662aab7254,515,WIRTSCHAFT,QUALIFIZIERTE FACHKRÄFTE,[RELATION_TYPE=SUPPORTS] [MODALITY=PLANNED_ACTION] The business sector is identified as a driver for initiatives to secure skilled workers.,7.0,11,['9ce049a98570c6bf53cf9e547168db075af2795fa519422bd27a2c9aa5b490c4b26aef25883802c4d8eb6e4dcb09c866e7d31677352f7beb6c4f9fcbbcc75e9b']
38a5a19f-4895-4641-b91d-61d0a69688ba,516,ARBEITNEHMER:INNENVERTRETUNG,QUALIFIZIERTE FACHKRÄFTE,[RELATION_TYPE=SUPPORTS] [MODALITY=PLANNED_ACTION] Worker representation bodies are involved in securing skilled workers as part of the national plan.,7.0,9,['9ce049a98570c6bf53cf9e547168db075af2795fa519422bd27a2c9aa5b490c4b26aef25883802c4d8eb6e4dcb09c866e7d31677352f7beb6c4f9fcbbcc75e9b']
8e16f6db-deaa-456b-b9f3-4a82161a096a,517,PV-BRANCHE,QUALIFIZIERTE FACHKRÄFTE,[RELATION_TYPE=REQUIRES] [MODALITY=PLANNED_ACTION] The PV sector's attractiveness as an employer and its ability to meet sectoral needs is linked to securing qualified workers.,7.0,10,['9ce049a98570c6bf53cf9e547168db075af2795fa519422bd27a2c9aa5b490c4b26aef25883802c4d8eb6e4dcb09c866e7d31677352f7beb6c4f9fcbbcc75e9b']
a4fa6ae3-a882-4371-8870-97572f8346d7,518,ÖSTERREICH,KLIMANEUTRALITÄT 2040 (ÖSTERREICH),[RELATION_TYPE=HAS_TARGET] [MODALITY=EXPLICIT_FACT] [STATUS=PLANNED] Austria has an official or planned target of achieving climate neutrality by 2040.,10.0,56,['9ce049a98570c6bf53cf9e547168db075af2795fa519422bd27a2c9aa5b490c4b26aef25883802c4d8eb6e4dcb09c866e7d31677352f7beb6c4f9fcbbcc75e9b']
47929373-5664-4c31-8797-6a9fe7c8c047,519,FTI-SCHWERPUNKT „ENERGIEWENDE“,KLIMANEUTRALITÄT 2040 (ÖSTERREICH),[RELATION_TYPE=CONTRIBUTES_TO] [MODALITY=EXPLICIT_FACT] Research in the “Energiewende” priority aims explicitly at the climate neutrality 2040 target.,10.0,7,['9ce049a98570c6bf53cf9e547168db075af2795fa519422bd27a2c9aa5b490c4b26aef25883802c4d8eb6e4dcb09c866e7d31677352f7beb6c4f9fcbbcc75e9b']
e69aa202-cd96-44c8-939e-1d222ef18402,520,MARKT-FÖRDERUNGEN,HOHE EUROPÄISCHE WERTSCHÖPFUNG,[RELATION_TYPE=CONTRIBUTES_TO] [MODALITY=RECOMMENDATION] Market support measures should be designed to ensure high European value added in the PV sector.,8.0,4,['9ce049a98570c6bf53cf9e547168db075af2795fa519422bd27a2c9aa5b490c4b26aef25883802c4d8eb6e4dcb09c866e7d31677352f7beb6c4f9fcbbcc75e9b']
4af4dd37-738d-4351-9390-ceda0fa3a26f,521,MADE IN EUROPE-BONUS,HOHE EUROPÄISCHE WERTSCHÖPFUNG,[RELATION_TYPE=CONTRIBUTES_TO] [MODALITY=EXPLICIT_FACT] The Made in Europe-Bonus promotes higher European value creation in PV projects.,9.0,10,['9ce049a98570c6bf53cf9e547168db075af2795fa519422bd27a2c9aa5b490c4b26aef25883802c4d8eb6e4dcb09c866e7d31677352f7beb6c4f9fcbbcc75e9b']
7ce326fd-6195-4bd5-9ce4-5560d7ae0e73,522,MADE IN EUROPE-BONUS,ÖKONOMISCHE RESILIENZ UND WIRTSCHAFTSKRAFT EUROPAS,[RELATION_TYPE=CONTRIBUTES_TO] [MODALITY=EXPLICIT_FACT] The scheme strengthens Europe's economic resilience and economic strength.,9.0,9,['9ce049a98570c6bf53cf9e547168db075af2795fa519422bd27a2c9aa5b490c4b26aef25883802c4d8eb6e4dcb09c866e7d31677352f7beb6c4f9fcbbcc75e9b']
b380e469-f529-4ad9-956c-fb24163f841e,523,EU-FÖRDERUNGEN FÜR FORSCHUNG UND PV-INDUSTRIEAUFBAU,PV-TECHNOLOGIEN,[RELATION_TYPE=SUPPORTS] [MODALITY=EXPLICIT_FACT] EU funding schemes support research and industrial build-up for PV technologies and components.,8.0,7,['9ce049a98570c6bf53cf9e547168db075af2795fa519422bd27a2c9aa5b490c4b26aef25883802c4d8eb6e4dcb09c866e7d31677352f7beb6c4f9fcbbcc75e9b']
532ff14d-b9ff-4c1e-8f89-c5b6c229e98a,524,EFFIZIENTERE UND NACHHALTIGERE TECHNOLOGIEN,PV-TECHNOLOGIEN,[RELATION_TYPE=ASSOCIATED_WITH] [MODALITY=EXPLICIT_FACT] The intended result of innovation activities is the offering of more efficient and sustainable PV technologies.,9.0,7,['9ce049a98570c6bf53cf9e547168db075af2795fa519422bd27a2c9aa5b490c4b26aef25883802c4d8eb6e4dcb09c866e7d31677352f7beb6c4f9fcbbcc75e9b']
a89de9a9-64e2-42c3-b713-4d72feda8a61,525,ÖFFENTLICHE BEDARFSTRÄGER,PRAXISNAHE LERNUMGEBUNGEN,[RELATION_TYPE=ASSOCIATED_WITH] [MODALITY=EXPLICIT_FACT] Public demand entities are involved in implementing research outcomes in practice-based learning environments.,8.0,2,['9ce049a98570c6bf53cf9e547168db075af2795fa519422bd27a2c9aa5b490c4b26aef25883802c4d8eb6e4dcb09c866e7d31677352f7beb6c4f9fcbbcc75e9b']
7e533953-bc79-4d14-a2ed-7223ae7ba34b,526,AUSBILDUNGSSTANDORTE,QUALIFIZIERTE FACHKRÄFTE,[RELATION_TYPE=SUPPORTS] [MODALITY=PLANNED_ACTION] Establishing more training locations serves to provide qualified skilled workers for the PV sector.,8.0,9,['9ce049a98570c6bf53cf9e547168db075af2795fa519422bd27a2c9aa5b490c4b26aef25883802c4d8eb6e4dcb09c866e7d31677352f7beb6c4f9fcbbcc75e9b']
148c7d31-6d4a-4576-a1af-242ced8a4622,527,AUSBILDNER:INNEN,QUALIFIZIERTE FACHKRÄFTE,"[RELATION_TYPE=SUPPORTS] [MODALITY=PLANNED_ACTION] Trainers are essential for developing qualified skilled workers, with increased training planned.",7.0,9,['9ce049a98570c6bf53cf9e547168db075af2795fa519422bd27a2c9aa5b490c4b26aef25883802c4d8eb6e4dcb09c866e7d31677352f7beb6c4f9fcbbcc75e9b']
ddb22b2b-0a37-4b5e-9bab-526b7ae4014b,528,SCHULEN,QUALIFIZIERTE FACHKRÄFTE,[RELATION_TYPE=SUPPORTS] [MODALITY=PLANNED_ACTION] Improved equipping of schools supports the creation of a qualified PV workforce.,7.0,9,['9ce049a98570c6bf53cf9e547168db075af2795fa519422bd27a2c9aa5b490c4b26aef25883802c4d8eb6e4dcb09c866e7d31677352f7beb6c4f9fcbbcc75e9b']
ff56b19f-fc44-4c97-b4e5-02d8a324e19a,529,PV-LEHRE,QUALIFIZIERTE FACHKRÄFTE,[RELATION_TYPE=SUPPORTS] [MODALITY=PROPOSAL] The need for a PV apprenticeship scheme is under evaluation to address skilled worker demand.,7.0,9,['9ce049a98570c6bf53cf9e547168db075af2795fa519422bd27a2c9aa5b490c4b26aef25883802c4d8eb6e4dcb09c866e7d31677352f7beb6c4f9fcbbcc75e9b']
1d1e279f-8141-4258-a1ac-7222f41522fb,530,JUST TRANSITION AKTIONSPLAN FÜR AUS- UND WEITERBILDUNG,ATTRAKTIVIERUNG DER PV-BRANCHE ALS ARBEITGEBER,[RELATION_TYPE=CONTRIBUTES_TO] [MODALITY=PLANNED_ACTION] The plan aims to increase the attractiveness of the PV sector as an employer.,7.0,3,['9ce049a98570c6bf53cf9e547168db075af2795fa519422bd27a2c9aa5b490c4b26aef25883802c4d8eb6e4dcb09c866e7d31677352f7beb6c4f9fcbbcc75e9b']
c050aafb-aa29-49ae-9c7d-faf38eccef1f,531,FACHKRÄFTESICHERUNG,KLIMANEUTRALITÄT 2040 (ÖSTERREICH),[RELATION_TYPE=CONTRIBUTES_TO] [MODALITY=REASONABLE_INFERENCE] Securing skilled workers is necessary for achieving climate neutrality in 2040.,5.0,5,['9ce049a98570c6bf53cf9e547168db075af2795fa519422bd27a2c9aa5b490c4b26aef25883802c4d8eb6e4dcb09c866e7d31677352f7beb6c4f9fcbbcc75e9b']
9fabd4bc-750a-4100-b47f-3222da9d6c7f,532,KNOW-HOW- UND INNOVATIONSSTANDORT ÖSTERREICH,EXPORTCHANCEN FÜR PV-TECHNOLOGIEN UND KOMPONENTEN,[RELATION_TYPE=CONTRIBUTES_TO] [MODALITY=EXPLICIT_FACT] Strengthening Austria as a site of innovation also serves to improve PV export opportunities.,7.0,2,['9ce049a98570c6bf53cf9e547168db075af2795fa519422bd27a2c9aa5b490c4b26aef25883802c4d8eb6e4dcb09c866e7d31677352f7beb6c4f9fcbbcc75e9b']
ad1582b9-59df-44ce-aa7d-8f0e6a964ad8,533,IPCEI-PV23,TECHNOLOGIEFÜHRERSCHAFTEN DER ÖSTERREICHISCHEN PV-INDUSTRIE,[RELATION_TYPE=CONTRIBUTES_TO] [MODALITY=SCENARIO] Participation may open the opportunity for worldwide technology leadership by the Austrian PV industry.,7.0,5,['9ce049a98570c6bf53cf9e547168db075af2795fa519422bd27a2c9aa5b490c4b26aef25883802c4d8eb6e4dcb09c866e7d31677352f7beb6c4f9fcbbcc75e9b']
77ca0923-a697-40b1-9fef-4ce6d586a265,534,MADE IN EUROPE-BONUS,VIELE ATTRAKTIVE DIREKTE UND INDIREKTE ARBEITSPLÄTZE IN DER ÖSTERREICHISCHEN PV-INDUSTRIE,[RELATION_TYPE=CONTRIBUTES_TO] [MODALITY=EXPLICIT_FACT] The scheme is associated with creation of many attractive jobs (direct and indirect) in Austria’s PV industry.,7.0,8,['9ce049a98570c6bf53cf9e547168db075af2795fa519422bd27a2c9aa5b490c4b26aef25883802c4d8eb6e4dcb09c866e7d31677352f7beb6c4f9fcbbcc75e9b']
0bce5d7e-5e9f-4a75-8fd3-964e0495781d,535,HOHE EUROPÄISCHE WERTSCHÖPFUNG,ÖKONOMISCHE RESILIENZ UND WIRTSCHAFTSKRAFT EUROPAS,[RELATION_TYPE=CONTRIBUTES_TO] [MODALITY=EXPLICIT_FACT] High European value creation in PV strengthens economic resilience and strength in Europe.,9.0,5,['9ce049a98570c6bf53cf9e547168db075af2795fa519422bd27a2c9aa5b490c4b26aef25883802c4d8eb6e4dcb09c866e7d31677352f7beb6c4f9fcbbcc75e9b']
12292cbc-4065-4bbc-a670-c8bc71195a4d,536,ENERGIEWENDE (FTI-SCHWERPUNKT),KLIMANEUTRALITÄT 2040,[RELATION_TYPE=SETS_TARGET] [MODALITY=EXPLICIT_FACT] [STATUS=OFFICIAL] The Energiewende FTI focus area develops and demonstrates solutions for Austria to achieve climate neutrality by 2040.,10.0,3,['dafd7f2f39e49c87969ec1360e9fae0af9de6f290655205c8c120dd24dcc85da04f0536237f7f9529d31deed892d5abae3b8f58fb66ae9e497327f23b1e6b750']
f3fcd2b1-af8d-48a1-876c-2392ec96bc45,537,ENERGIEWENDE (FTI-SCHWERPUNKT),KLIMAFREUNDLICHE ENERGIETECHNOLOGIEN UND -KOMPONENTEN „MADE IN AUSTRIA“,"[RELATION_TYPE=PROPOSES] [MODALITY=EXPLICIT_FACT] The Energiewende research programme focuses on developing and demonstrating climate-friendly ""Made in Austria"" energy technologies and components.",10.0,4,['dafd7f2f39e49c87969ec1360e9fae0af9de6f290655205c8c120dd24dcc85da04f0536237f7f9529d31deed892d5abae3b8f58fb66ae9e497327f23b1e6b750']
a00f05be-cdc6-4edb-80c7-0be0285964ea,538,KLIMAFREUNDLICHE ENERGIETECHNOLOGIEN UND -KOMPONENTEN „MADE IN AUSTRIA“,ÖSTERREICH,[RELATION_TYPE=LOCATED_IN] [MODALITY=EXPLICIT_FACT] These climate-friendly energy technologies and components are developed and produced in Austria.,10.0,54,['dafd7f2f39e49c87969ec1360e9fae0af9de6f290655205c8c120dd24dcc85da04f0536237f7f9529d31deed892d5abae3b8f58fb66ae9e497327f23b1e6b750']
1ca6c2ce-bbc8-4469-8c19-d66e7c51e97d,539,NATIONALE UND TRANSNATIONALE FTI-AKTIVITÄTEN,ÖSTERREICHISCHE UNTERNEHMEN,[RELATION_TYPE=SUPPORTS] [MODALITY=EXPLICIT_FACT] National and transnational RDI activities aim to enable Austrian companies to participate in future solar value chains.,10.0,8,['dafd7f2f39e49c87969ec1360e9fae0af9de6f290655205c8c120dd24dcc85da04f0536237f7f9529d31deed892d5abae3b8f58fb66ae9e497327f23b1e6b750']
b849c279-48ce-4fdb-8ac3-279f2546fac9,540,"RESSOURCENEFFIZIENZ, HALTBARKEIT, REPARATURMÖGLICHKEIT, NACHNUTZUNG UND WIEDERVERWERTUNG VON PV-KOMPONENTEN",PV-KOMPONENTEN,"[RELATION_TYPE=CONSTRAINS] [MODALITY=EXPLICIT_FACT] The requirement for resource efficiency, durability, repairability, reuse, and recycling is an essential research area constraining the future presence of PV components in the value chain.",10.0,3,['dafd7f2f39e49c87969ec1360e9fae0af9de6f290655205c8c120dd24dcc85da04f0536237f7f9529d31deed892d5abae3b8f58fb66ae9e497327f23b1e6b750']
2263899c-ceda-499a-8459-c9a66ee54149,541,IEA PHOTOVOLTAIC POWER SYSTEMS PROGRAMME (IEA PVPS),INTERNATIONALE ENERGIEAGENTUR (IEA),[RELATION_TYPE=PART_OF] [MODALITY=EXPLICIT_FACT] The IEA PVPS is a technology programme under the International Energy Agency.,10.0,3,['dafd7f2f39e49c87969ec1360e9fae0af9de6f290655205c8c120dd24dcc85da04f0536237f7f9529d31deed892d5abae3b8f58fb66ae9e497327f23b1e6b750']
417b272e-2b73-4127-ab4b-2c7b55343968,542,"FORSCHUNGS-, ENTWICKLUNGS- UND INNOVATIONSPROGRAMME (FEI)",CLEAN ENERGY TRANSITION (CET) PARTNERSHIP,"[RELATION_TYPE=PART_OF] [MODALITY=EXPLICIT_FACT] The CET Partnership organizes research, development, and innovation programmes (FEI) to accelerate the energy transition.",10.0,3,['dafd7f2f39e49c87969ec1360e9fae0af9de6f290655205c8c120dd24dcc85da04f0536237f7f9529d31deed892d5abae3b8f58fb66ae9e497327f23b1e6b750']
b7feebe2-c163-4987-a25f-b9462ce9de85,543,ÖSTERREICHISCHE PHOTOVOLTAIK-STRATEGIE,PV-ANLAGEN,[RELATION_TYPE=SUPPORTS] [MODALITY=EXPLICIT_FACT] The Austrian Photovoltaic Strategy aims to support the deployment and advancement of PV installations.,10.0,50,['dafd7f2f39e49c87969ec1360e9fae0af9de6f290655205c8c120dd24dcc85da04f0536237f7f9529d31deed892d5abae3b8f58fb66ae9e497327f23b1e6b750']
08d2d4e2-ac8d-49dc-97ca-fab6c245e414,544,FTI-PAKT DER BUNDESREGIERUNG,FTI-SCHWERPUNKT KLIMANEUTRALE STADT,[RELATION_TYPE=PART_OF] [MODALITY=EXPLICIT_FACT] The focus area Klimaneutrale Stadt is one of several FTI focus areas articulated in the national FTI-Pakt.,10.0,5,['dafd7f2f39e49c87969ec1360e9fae0af9de6f290655205c8c120dd24dcc85da04f0536237f7f9529d31deed892d5abae3b8f58fb66ae9e497327f23b1e6b750']
246cfdd2-f27a-4525-b73c-7bce6cb36060,545,FTI-PAKT DER BUNDESREGIERUNG,FTI-SCHWERPUNKT KREISLAUFWIRTSCHAFT & PRODUKTION,[RELATION_TYPE=PART_OF] [MODALITY=EXPLICIT_FACT] The focus area Kreislaufwirtschaft & Produktion is part of the national FTI-Pakt.,10.0,5,['dafd7f2f39e49c87969ec1360e9fae0af9de6f290655205c8c120dd24dcc85da04f0536237f7f9529d31deed892d5abae3b8f58fb66ae9e497327f23b1e6b750']
c48b3bd9-acf0-4f17-adf9-ea984fb3368a,546,FTI-PAKT DER BUNDESREGIERUNG,FTI-SCHWERPUNKT MOBILITÄTSWENDE,[RELATION_TYPE=PART_OF] [MODALITY=EXPLICIT_FACT] The focus area Mobilitätswende is included as part of the FTI-Pakt.,10.0,5,['dafd7f2f39e49c87969ec1360e9fae0af9de6f290655205c8c120dd24dcc85da04f0536237f7f9529d31deed892d5abae3b8f58fb66ae9e497327f23b1e6b750']
487c92e5-3b22-4b4e-a702-5b125b727d60,547,FTI-SCHWERPUNKT KLIMANEUTRALE STADT,PHOTOVOLTAIK,[RELATION_TYPE=PROPOSES] [MODALITY=EXPLICIT_FACT] The focus area Klimaneutrale Stadt includes PV-related questions and cross-cutting issues.,10.0,87,['dafd7f2f39e49c87969ec1360e9fae0af9de6f290655205c8c120dd24dcc85da04f0536237f7f9529d31deed892d5abae3b8f58fb66ae9e497327f23b1e6b750']
64ba149c-5e69-4556-a584-5fdabf23feb7,548,FTI-SCHWERPUNKT KREISLAUFWIRTSCHAFT & PRODUKTION,PHOTOVOLTAIK,[RELATION_TYPE=PROPOSES] [MODALITY=EXPLICIT_FACT] The focus area Kreislaufwirtschaft & Produktion includes themes and issues relating to PV.,10.0,87,['dafd7f2f39e49c87969ec1360e9fae0af9de6f290655205c8c120dd24dcc85da04f0536237f7f9529d31deed892d5abae3b8f58fb66ae9e497327f23b1e6b750']
3315657f-dc49-45ad-8318-5d62c6785d8d,549,FTI-SCHWERPUNKT MOBILITÄTSWENDE,PHOTOVOLTAIK,[RELATION_TYPE=PROPOSES] [MODALITY=EXPLICIT_FACT] The focus area Mobilitätswende addresses also PV-relevant questions.,10.0,87,['dafd7f2f39e49c87969ec1360e9fae0af9de6f290655205c8c120dd24dcc85da04f0536237f7f9529d31deed892d5abae3b8f58fb66ae9e497327f23b1e6b750']
b2e371b8-c4d7-4d82-94fb-08a711b5b5cb,550,PHOTOVOLTAIK,DEZENTRALE NUTZUNG ERNEUERBARER ENERGIE,"[RELATION_TYPE=SUPPORTS] [MODALITY=EXPLICIT_FACT] PV is described as the most decentralized form of renewable power generation, supporting decentralized energy use in households and businesses.",10.0,89,['dafd7f2f39e49c87969ec1360e9fae0af9de6f290655205c8c120dd24dcc85da04f0536237f7f9529d31deed892d5abae3b8f58fb66ae9e497327f23b1e6b750']
7887cf55-780f-4a6e-a5f6-4a7a4420598f,551,ERNEUERBAREN-AUSBAU-GESETZ,FÖRDERKATEGORIEN IM ERNEUERBAREN-AUSBAU-GESETZ,[RELATION_TYPE=PROPOSES] [MODALITY=EXPLICIT_FACT] The Renewable Expansion Act (EAG) establishes four funding categories for PV of various scales.,10.0,6,['dafd7f2f39e49c87969ec1360e9fae0af9de6f290655205c8c120dd24dcc85da04f0536237f7f9529d31deed892d5abae3b8f58fb66ae9e497327f23b1e6b750']
16fcb77e-b662-44ae-99b9-0f1b2eec3f66,552,FÖRDERKATEGORIEN IM ERNEUERBAREN-AUSBAU-GESETZ,MARKTCHANCEN FÜR KLEINE UND MITTLERE PV-ANLAGEN,[RELATION_TYPE=SUPPORTS] [MODALITY=EXPLICIT_FACT] The new funding categories specifically improve market opportunities for small and medium-sized PV installations.,10.0,4,['dafd7f2f39e49c87969ec1360e9fae0af9de6f290655205c8c120dd24dcc85da04f0536237f7f9529d31deed892d5abae3b8f58fb66ae9e497327f23b1e6b750']
cd4659aa-b65c-455b-9aa9-4f2145f242ea,553,ENERGIEGEMEINSCHAFTEN,BÜRGER:INNEN,[RELATION_TYPE=SUPPORTS] [MODALITY=EXPLICIT_FACT] Energy communities offer new opportunities for citizen participation in electricity production and usage.,10.0,16,['dafd7f2f39e49c87969ec1360e9fae0af9de6f290655205c8c120dd24dcc85da04f0536237f7f9529d31deed892d5abae3b8f58fb66ae9e497327f23b1e6b750']
4c941fa1-a867-45dc-83c5-4f6dfecd122f,554,ÖSTERREICHISCHE KOORDINATIONSSTELLE FÜR ENERGIEGEMEINSCHAFTEN,ENERGIEGEMEINSCHAFTEN,[RELATION_TYPE=SUPPORTS] [MODALITY=EXPLICIT_FACT] The Coordination Office supports the introduction and information flow regarding new energy community models.,10.0,12,['dafd7f2f39e49c87969ec1360e9fae0af9de6f290655205c8c120dd24dcc85da04f0536237f7f9529d31deed892d5abae3b8f58fb66ae9e497327f23b1e6b750']
32bd09e5-ae2a-416c-879e-db94eaaf466d,555,ENERGIEBERATUNGSSTELLEN DER BUNDESLÄNDER,ENERGIEGEMEINSCHAFTEN,[RELATION_TYPE=SUPPORTS] [MODALITY=EXPLICIT_FACT] The federal states' energy advisory services assist in establishing energy communities.,9.0,12,['dafd7f2f39e49c87969ec1360e9fae0af9de6f290655205c8c120dd24dcc85da04f0536237f7f9529d31deed892d5abae3b8f58fb66ae9e497327f23b1e6b750']
30dc1b52-72c5-4790-9b90-0279f56835b1,556,KLIMA- UND ENERGIEFONDS,ENERGIEGEMEINSCHAFTEN,[RELATION_TYPE=SUPPORTS] [MODALITY=EXPLICIT_FACT] The Austrian Climate and Energy Fund provides financial and institutional support for further promoting energy communities.,10.0,19,['dafd7f2f39e49c87969ec1360e9fae0af9de6f290655205c8c120dd24dcc85da04f0536237f7f9529d31deed892d5abae3b8f58fb66ae9e497327f23b1e6b750']
304c185a-3a69-4c39-b7cf-290f305da8df,557,LOKALES LASTMANAGEMENT,DEZENTRALE NUTZUNG ERNEUERBARER ENERGIE,[RELATION_TYPE=SUPPORTS] [MODALITY=EXPLICIT_FACT] Local load management supports the direct and decentralized use of PV-generated power.,9.0,5,['dafd7f2f39e49c87969ec1360e9fae0af9de6f290655205c8c120dd24dcc85da04f0536237f7f9529d31deed892d5abae3b8f58fb66ae9e497327f23b1e6b750']
8efab65d-0dca-4eae-80fd-a4db7d61f6ae,558,BEDARF AN STROM AUS DEM NETZ GENERELL GERING BEI STARKER PV-ERZEUGUNG,ÖFFENTLICHES NETZ,"[RELATION_TYPE=CONSTRAINS] [MODALITY=EXPLICIT_FACT] At times of high PV output, low demand for grid electricity constrains the ability to export all PV surplus to the public grid.",10.0,3,['dafd7f2f39e49c87969ec1360e9fae0af9de6f290655205c8c120dd24dcc85da04f0536237f7f9529d31deed892d5abae3b8f58fb66ae9e497327f23b1e6b750']
2caf560e-57b3-4667-b60c-03d91759829d,559,BEDARF AN STROM AUS DEM NETZ GENERELL GERING BEI STARKER PV-ERZEUGUNG,NIEDRIGE ODER NEGATIVE STROMPREISE BEI STARKER PV-ERZEUGUNG,[RELATION_TYPE=ASSOCIATED_WITH] [MODALITY=EXPLICIT_FACT] Periods of low grid demand due to strong PV generation are associated with low or negative electricity prices.,9.0,4,['dafd7f2f39e49c87969ec1360e9fae0af9de6f290655205c8c120dd24dcc85da04f0536237f7f9529d31deed892d5abae3b8f58fb66ae9e497327f23b1e6b750']
ce9f5f92-a02b-40e6-9e2c-aa6df07982b4,560,ZELLULÄRE STROMSTRUKTUREN,ENERGIEGEMEINSCHAFTEN,[RELATION_TYPE=SUPPORTS] [MODALITY=EXPLICIT_FACT] Cellular electricity structures serve as a structural foundation for community PV expansion and market models.,8.0,13,['dafd7f2f39e49c87969ec1360e9fae0af9de6f290655205c8c120dd24dcc85da04f0536237f7f9529d31deed892d5abae3b8f58fb66ae9e497327f23b1e6b750']
9d68a122-5994-4959-a8a5-7e304e240d76,561,MARKTCHANCEN FÜR KLEINE UND MITTLERE PV-ANLAGEN,PV-ANLAGEN,[RELATION_TYPE=MEASURED_BY] [MODALITY=EXPLICIT_FACT] The creation of market opportunities for small and medium-sized PV installations is a central metric referenced in the development of the funding categories.,9.0,7,['dafd7f2f39e49c87969ec1360e9fae0af9de6f290655205c8c120dd24dcc85da04f0536237f7f9529d31deed892d5abae3b8f58fb66ae9e497327f23b1e6b750']
798eaa18-d86a-48bc-ab2c-1e39d55699d4,562,FORSCHUNGSEINRICHTUNGEN,NATIONALE UND TRANSNATIONALE FTI-AKTIVITÄTEN,"[RELATION_TYPE=ASSOCIATED_WITH] [MODALITY=EXPLICIT_FACT] Austrian research institutions are described as participating in national and transnational research, technology, and innovation activities.",10.0,5,['dafd7f2f39e49c87969ec1360e9fae0af9de6f290655205c8c120dd24dcc85da04f0536237f7f9529d31deed892d5abae3b8f58fb66ae9e497327f23b1e6b750']
a24fdd03-a4e8-49e2-ac06-c0b6712d22b5,563,TECHNOLOGIE- UND LÖSUNGSANBIETER,NATIONALE UND TRANSNATIONALE FTI-AKTIVITÄTEN,[RELATION_TYPE=ASSOCIATED_WITH] [MODALITY=EXPLICIT_FACT] Technology and solution providers are referenced as key participants in national and transnational FTI activities advancing photovoltaic and energy innovation.,10.0,4,['dafd7f2f39e49c87969ec1360e9fae0af9de6f290655205c8c120dd24dcc85da04f0536237f7f9529d31deed892d5abae3b8f58fb66ae9e497327f23b1e6b750']
68a490e0-6ffc-4b27-a22d-e779f748e7ce,564,HEIMISCHE EXPERT:INNEN UND UNTERNEHMEN,IEA PHOTOVOLTAIC POWER SYSTEMS PROGRAMME (IEA PVPS),[RELATION_TYPE=ASSOCIATED_WITH] [MODALITY=EXPLICIT_FACT] Domestic experts and companies from Austria are reported to participate in IEA PVPS to promote international PV cooperation.,10.0,3,['dafd7f2f39e49c87969ec1360e9fae0af9de6f290655205c8c120dd24dcc85da04f0536237f7f9529d31deed892d5abae3b8f58fb66ae9e497327f23b1e6b750']
b44181da-7634-4849-80a5-e7ceb82bf2b5,565,EU-PARTNERSCHAFTEN,CLEAN ENERGY TRANSITION (CET) PARTNERSHIP,[RELATION_TYPE=PART_OF] [MODALITY=EXPLICIT_FACT] The Clean Energy Transition (CET) Partnership is presented as a type of EU partnership advancing transnational research and innovation in clean energy.,10.0,3,['dafd7f2f39e49c87969ec1360e9fae0af9de6f290655205c8c120dd24dcc85da04f0536237f7f9529d31deed892d5abae3b8f58fb66ae9e497327f23b1e6b750']
7e413b48-413b-43ed-8595-66809eadcff9,566,BEDARFSTRÄGER,BILDUNG UND AUSBILDUNG,[RELATION_TYPE=SUPPORTS] [MODALITY=EXPLICIT_FACT] Recipients of research and development results in the PV sector receive benefits via educational and training diffusion channels.,10.0,2,['dafd7f2f39e49c87969ec1360e9fae0af9de6f290655205c8c120dd24dcc85da04f0536237f7f9529d31deed892d5abae3b8f58fb66ae9e497327f23b1e6b750']
7db75b49-570e-425d-b62d-725de0a15a59,567,HAUSHALT,DEZENTRALE NUTZUNG ERNEUERBARER ENERGIE,"[RELATION_TYPE=SUPPORTS] [MODALITY=EXPLICIT_FACT] Households are cited as able to benefit from and use decentralized renewable energy, especially PV, onsite.",10.0,7,['dafd7f2f39e49c87969ec1360e9fae0af9de6f290655205c8c120dd24dcc85da04f0536237f7f9529d31deed892d5abae3b8f58fb66ae9e497327f23b1e6b750']
afdb4a0f-a1b0-4145-aafc-19e845f8ae71,568,BETRIEB,DEZENTRALE NUTZUNG ERNEUERBARER ENERGIE,[RELATION_TYPE=SUPPORTS] [MODALITY=EXPLICIT_FACT] Businesses are named as participants in decentralized renewable energy usage and beneficiaries of local PV power generation.,10.0,5,['dafd7f2f39e49c87969ec1360e9fae0af9de6f290655205c8c120dd24dcc85da04f0536237f7f9529d31deed892d5abae3b8f58fb66ae9e497327f23b1e6b750']
4a06e4c5-9312-4fb6-9498-d4d48192c5fb,569,ENERGIEGEMEINSCHAFTEN (EGS),PHOTOVOLTAIK,[RELATION_TYPE=CONTRIBUTES_TO] [MODALITY=EXPLICIT_FACT] Energy communities are identified as a basis for communal PV expansion.,10.0,91,['05802f69e17001a506260c74ca400f6a1368fbf0132720e670d13ffd39c31d615ca94e0ffc071332bd317faa48542bde7970720b9f035d496136fc5d6bbb8ca5']
20d67495-3f41-4eb8-9625-6406596d6ed8,570,ENERGIEGEMEINSCHAFTEN (EGS),GEMEINSCHAFTLICHE ERZEUGUNGSANLAGEN (GEA),[RELATION_TYPE=ASSOCIATED_WITH] [MODALITY=EXPLICIT_FACT] Models of energy communities and communal generation installations are to be further developed as a basis for communal PV expansion.,10.0,8,['05802f69e17001a506260c74ca400f6a1368fbf0132720e670d13ffd39c31d615ca94e0ffc071332bd317faa48542bde7970720b9f035d496136fc5d6bbb8ca5']
ca9217cf-03f7-45d0-bd15-a24e6c8f2bd6,571,SPEICHERUNG,ENERGIEGEMEINSCHAFTEN (EGS),[RELATION_TYPE=SUPPORTS] [MODALITY=EXPLICIT_FACT] The development of storage and flexibility measures enables further development and operation of energy communities.,10.0,7,['05802f69e17001a506260c74ca400f6a1368fbf0132720e670d13ffd39c31d615ca94e0ffc071332bd317faa48542bde7970720b9f035d496136fc5d6bbb8ca5']
60327a2b-71b7-4ccd-9d6a-455ca6f41b78,572,FLEXIBILITÄTSMASSNAHMEN,ENERGIEGEMEINSCHAFTEN (EGS),"[RELATION_TYPE=SUPPORTS] [MODALITY=EXPLICIT_FACT] Flexibility measures, alongside storage, make continued development of energy communities possible.",10.0,7,['05802f69e17001a506260c74ca400f6a1368fbf0132720e670d13ffd39c31d615ca94e0ffc071332bd317faa48542bde7970720b9f035d496136fc5d6bbb8ca5']
272fe630-2470-44f8-a7ee-9a2c3df92293,573,ECHTZEITFÄHIGES BETRIEBSMONITORING UND STEUERUNG,ENERGIEGEMEINSCHAFTEN (EGS),[RELATION_TYPE=SUPPORTS] [MODALITY=EXPLICIT_FACT] Real-time monitoring and control support the operation and flexibility of energy communities.,10.0,7,['05802f69e17001a506260c74ca400f6a1368fbf0132720e670d13ffd39c31d615ca94e0ffc071332bd317faa48542bde7970720b9f035d496136fc5d6bbb8ca5']
9cb6f89a-eb03-47a1-8e95-1fec200cda7b,574,DIGITALISIERUNG DER MARKTKOMMUNIKATION,PHOTOVOLTAIK,"[RELATION_TYPE=SUPPORTS] [MODALITY=EXPLICIT_FACT] Digitalization of market communication enables PV system operators to participate, directly or in aggregated form, in various electricity and flexibility markets.",10.0,88,['05802f69e17001a506260c74ca400f6a1368fbf0132720e670d13ffd39c31d615ca94e0ffc071332bd317faa48542bde7970720b9f035d496136fc5d6bbb8ca5']
e8564ebe-0e40-4e7b-a86a-b7b9ad7a955d,575,DIGITALISIERUNG DER MARKTKOMMUNIKATION,STROM- UND FLEXIBILITÄTSMÄRKTE,[RELATION_TYPE=SUPPORTS] [MODALITY=EXPLICIT_FACT] The digitalization of market communication contributes to the participation of PV operators in power and flexibility markets.,10.0,6,['05802f69e17001a506260c74ca400f6a1368fbf0132720e670d13ffd39c31d615ca94e0ffc071332bd317faa48542bde7970720b9f035d496136fc5d6bbb8ca5']
f7bcfb21-fadf-402e-a4af-68f3639d8fe9,576,ENERGIEMANAGEMENTLÖSUNGEN FÜR HAUSHALT UND UNTERNEHMEN,BÜRGER:INNEN,[RELATION_TYPE=SUPPORTS] [MODALITY=EXPLICIT_FACT] Smart energy-management solutions for households and companies reduce hurdles for citizens’ active participation in the energy transition.,10.0,9,['05802f69e17001a506260c74ca400f6a1368fbf0132720e670d13ffd39c31d615ca94e0ffc071332bd317faa48542bde7970720b9f035d496136fc5d6bbb8ca5']
37d55ce9-52f8-4fda-82d7-b7b636039aac,577,BÜRGER:INNEN,AKTIVE KUND:INNEN,[RELATION_TYPE=ASSOCIATED_WITH] [MODALITY=EXPLICIT_FACT] Citizens can become active customers by owning storage or generation installations and sharing energy or jointly consuming communal renewable energy.,10.0,9,['05802f69e17001a506260c74ca400f6a1368fbf0132720e670d13ffd39c31d615ca94e0ffc071332bd317faa48542bde7970720b9f035d496136fc5d6bbb8ca5']
bc3479fb-3669-4f0d-a64a-a03c6de0e1eb,578,AKTIVE KUND:INNEN,GEMEINSCHAFTLICHE ERZEUGUNGSANLAGEN (GEA),[RELATION_TYPE=CAN_USE] [MODALITY=EXPLICIT_FACT] [STATUS=PLANNED] Active customers will be able to jointly use energy generated in communal installations.,10.0,6,['05802f69e17001a506260c74ca400f6a1368fbf0132720e670d13ffd39c31d615ca94e0ffc071332bd317faa48542bde7970720b9f035d496136fc5d6bbb8ca5']
73b361eb-e2e9-44fc-b23a-9bb108812a0b,579,AKTIVE KUND:INNEN,STROMVERTRÄGE MIT VARIABLEN GESTALTUNGSMÖGLICHKEITEN,[RELATION_TYPE=SUPPORTS] [MODALITY=PLANNED_ACTION] Customers will be able to adjust and flexibly shape their electricity contracts.,9.0,5,['05802f69e17001a506260c74ca400f6a1368fbf0132720e670d13ffd39c31d615ca94e0ffc071332bd317faa48542bde7970720b9f035d496136fc5d6bbb8ca5']
5acdf6c9-f172-4e12-b453-7cac47779dea,580,KOSTENDEGRESSION DER PHOTOVOLTAISCHEN KOMPONENTEN,PHOTOVOLTAIK,[RELATION_TYPE=SUPPORTS] [MODALITY=EXPLICIT_FACT] The cost degression of PV components is a contributing factor to PV adoption.,10.0,86,['05802f69e17001a506260c74ca400f6a1368fbf0132720e670d13ffd39c31d615ca94e0ffc071332bd317faa48542bde7970720b9f035d496136fc5d6bbb8ca5']
ebf64fba-0eef-44a3-89ca-8be600740958,581,FÖRDERSYSTEM FÜR PHOTOVOLTAIK,PHOTOVOLTAIK,[RELATION_TYPE=SUPPORTS] [MODALITY=EXPLICIT_FACT] The expansion and optimization of the support system has promoted PV deployment in Austria.,10.0,87,['05802f69e17001a506260c74ca400f6a1368fbf0132720e670d13ffd39c31d615ca94e0ffc071332bd317faa48542bde7970720b9f035d496136fc5d6bbb8ca5']
0bfea2ea-1453-463b-9637-a3430d6b5089,582,BÜROKRATISCHE HÜRDEN,PHOTOVOLTAIK,[RELATION_TYPE=CONSTRAINS] [MODALITY=EXPLICIT_FACT] Bureaucratic hurdles have acted as a constraint on PV deployment but are being progressively reduced.,10.0,87,['05802f69e17001a506260c74ca400f6a1368fbf0132720e670d13ffd39c31d615ca94e0ffc071332bd317faa48542bde7970720b9f035d496136fc5d6bbb8ca5']
20b5715e-de31-439a-8546-97ed223cc719,583,PHOTOVOLTAIK,KLIMANEUTRALITÄT,[RELATION_TYPE=CONTRIBUTES_TO] [MODALITY=EXPLICIT_FACT] Photovoltaics is identified as a key technology for achieving climate neutrality.,10.0,86,['05802f69e17001a506260c74ca400f6a1368fbf0132720e670d13ffd39c31d615ca94e0ffc071332bd317faa48542bde7970720b9f035d496136fc5d6bbb8ca5']
7fda9063-4820-4064-bc10-75c076ad166e,584,PHOTOVOLTAIK,PHOTOVOLTAIKANTEIL AN DER STROMVERSORGUNG — CA. 10 % (AKTUELL),[RELATION_TYPE=MEASURED_BY] [MODALITY=EXPLICIT_FACT] The current share of photovoltaics in Austria’s electricity supply is approximately 10%.,10.0,87,['05802f69e17001a506260c74ca400f6a1368fbf0132720e670d13ffd39c31d615ca94e0ffc071332bd317faa48542bde7970720b9f035d496136fc5d6bbb8ca5']
88b5f75a-7c4f-4aea-b51f-6779fa2baf23,585,ÖSTERREICH,PHOTOVOLTAIKANTEIL AN DER STROMVERSORGUNG — CA. 10 % (AKTUELL),[RELATION_TYPE=MEASURED_BY] [MODALITY=EXPLICIT_FACT] Austria’s electricity supply presently includes approximately 10% from photovoltaics.,10.0,54,['05802f69e17001a506260c74ca400f6a1368fbf0132720e670d13ffd39c31d615ca94e0ffc071332bd317faa48542bde7970720b9f035d496136fc5d6bbb8ca5']
7836d619-8c02-41db-b2be-12784cc98abe,586,ÖSTERREICHISCHE PHOTOVOLTAIK-STRATEGIE,FÖRDERSYSTEM FÜR PHOTOVOLTAIK,[RELATION_TYPE=PROPOSES] [MODALITY=EXPLICIT_FACT] The Austrian Photovoltaic Strategy recommends expansion and optimization of the PV support system.,10.0,47,['05802f69e17001a506260c74ca400f6a1368fbf0132720e670d13ffd39c31d615ca94e0ffc071332bd317faa48542bde7970720b9f035d496136fc5d6bbb8ca5']
76aee579-6eaa-464a-95fd-6ebd81d41b45,587,ÖSTERREICHISCHE PHOTOVOLTAIK-STRATEGIE,ENERGIEMANAGEMENTLÖSUNGEN FÜR HAUSHALT UND UNTERNEHMEN,[RELATION_TYPE=PROPOSES] [MODALITY=EXPLICIT_FACT] The strategy proposes further development of user-friendly energy-management solutions for households and companies via support programmes.,10.0,49,['05802f69e17001a506260c74ca400f6a1368fbf0132720e670d13ffd39c31d615ca94e0ffc071332bd317faa48542bde7970720b9f035d496136fc5d6bbb8ca5']
ca3833f4-06ea-4295-a372-4db0182ccd00,588,PV-ANLAGENBETREIBER:INNEN,STROM- UND FLEXIBILITÄTSMÄRKTE,[RELATION_TYPE=RESPONSIBLE_FOR] [MODALITY=EXPLICIT_FACT] PV system operators are enabled to participate on electricity and flexibility markets as a direct result of digitalization.,10.0,5,['05802f69e17001a506260c74ca400f6a1368fbf0132720e670d13ffd39c31d615ca94e0ffc071332bd317faa48542bde7970720b9f035d496136fc5d6bbb8ca5']
721b9b7c-3475-4e8d-b30c-769eac516060,589,DIGITALISIERUNG DER MARKTKOMMUNIKATION,PV-ANLAGENBETREIBER:INNEN,[RELATION_TYPE=SUPPORTS] [MODALITY=EXPLICIT_FACT] The digitalization of market communication supports PV system operators' participation in energy markets individually or in pooled form.,10.0,5,['05802f69e17001a506260c74ca400f6a1368fbf0132720e670d13ffd39c31d615ca94e0ffc071332bd317faa48542bde7970720b9f035d496136fc5d6bbb8ca5']
bbbf5ec1-6bdf-4b10-9100-e0d90b12ca62,590,NIEDRIGE ODER NEGATIVE STROMPREISE BEI STARKER PV-ERZEUGUNG,PHOTOVOLTAIK,[RELATION_TYPE=CONSTRAINS] [MODALITY=EXPLICIT_FACT] Periods of high PV generation and low/negative electricity prices constrain PV value and present challenges for the electricity system.,10.0,87,['05802f69e17001a506260c74ca400f6a1368fbf0132720e670d13ffd39c31d615ca94e0ffc071332bd317faa48542bde7970720b9f035d496136fc5d6bbb8ca5']
1b8b244b-8a38-498b-a26c-c8d2d5c03964,591,HAUSHALT,ENERGIEMANAGEMENTLÖSUNGEN FÜR HAUSHALT UND UNTERNEHMEN,[RELATION_TYPE=ASSOCIATED_WITH] [MODALITY=EXPLICIT_FACT] Households are targeted users of energy-management solutions to improve their energy usage and participation in the energy transition.,10.0,7,['05802f69e17001a506260c74ca400f6a1368fbf0132720e670d13ffd39c31d615ca94e0ffc071332bd317faa48542bde7970720b9f035d496136fc5d6bbb8ca5']
a2bf4d2f-8fd9-4567-8000-e234f60b876d,592,UNTERNEHMEN,ENERGIEMANAGEMENTLÖSUNGEN FÜR HAUSHALT UND UNTERNEHMEN,[RELATION_TYPE=ASSOCIATED_WITH] [MODALITY=EXPLICIT_FACT] Companies are users of smart energy-management solutions within Austria’s energy system transformation.,10.0,9,['05802f69e17001a506260c74ca400f6a1368fbf0132720e670d13ffd39c31d615ca94e0ffc071332bd317faa48542bde7970720b9f035d496136fc5d6bbb8ca5']
32c5cfa7-81c3-4e26-89f0-eb97ba45af13,593,FLEXIBILITÄTEN INKLUSIVE SPEICHER,PHOTOVOLTAIK,"[RELATION_TYPE=SUPPORTS] [MODALITY=EXPLICIT_FACT] Flexibility options, including storage, support the integration and system value of photovoltaics in Austria.",10.0,87,['05802f69e17001a506260c74ca400f6a1368fbf0132720e670d13ffd39c31d615ca94e0ffc071332bd317faa48542bde7970720b9f035d496136fc5d6bbb8ca5']
890d84f2-4296-48a8-9489-f9bd6a7d2dab,594,ZELLULÄRE STROMSTRUKTUREN,ENERGIEGEMEINSCHAFTEN (EGS),[RELATION_TYPE=ASSOCIATED_WITH] [MODALITY=EXPLICIT_FACT] Cellular electricity structures are mentioned as a framework or objective for energy communities and collaborative PV expansion.,9.0,8,['05802f69e17001a506260c74ca400f6a1368fbf0132720e670d13ffd39c31d615ca94e0ffc071332bd317faa48542bde7970720b9f035d496136fc5d6bbb8ca5']
6564fc45-856a-4aaf-9880-7524a30a0533,595,BÜRGER:INNEN ALS AKTIVE KUND:INNEN,AKTIVE KUND:INNEN,[RELATION_TYPE=ALIAS_OF] [MODALITY=EXPLICIT_FACT] Citizens acting as active customers essentially refer to citizens participating actively in the energy system.,10.0,5,['05802f69e17001a506260c74ca400f6a1368fbf0132720e670d13ffd39c31d615ca94e0ffc071332bd317faa48542bde7970720b9f035d496136fc5d6bbb8ca5']
8d2ba05a-ae2f-4c62-878b-eb5a7e44c6ba,596,ABBAU BÜROKRATISCHER HÜRDEN,BÜROKRATISCHE HÜRDEN,[RELATION_TYPE=CONTRIBUTES_TO] [MODALITY=EXPLICIT_FACT] The reduction of bureaucratic hurdles contributes to lowering regulatory barriers for PV expansion.,10.0,3,['05802f69e17001a506260c74ca400f6a1368fbf0132720e670d13ffd39c31d615ca94e0ffc071332bd317faa48542bde7970720b9f035d496136fc5d6bbb8ca5']
a4c83ac1-19a9-45a8-8fd4-dc909a8b2a6a,597,FLEXIBILITÄTSANGEBOT UND -NACHFRAGE,FLEXIBILITÄTEN INKLUSIVE SPEICHER,"[RELATION_TYPE=MEASURED_BY] [MODALITY=EXPLICIT_FACT] The supply and demand for flexibility is a reported metric in the Austrian electricity system, involving flexible technologies including storage.",10.0,4,['05802f69e17001a506260c74ca400f6a1368fbf0132720e670d13ffd39c31d615ca94e0ffc071332bd317faa48542bde7970720b9f035d496136fc5d6bbb8ca5']
4bf35e0d-79fc-44bc-a065-0aca650b5e82,598,ÖSTERREICH,FLEXIBILITÄTSANGEBOT UND -NACHFRAGE,[RELATION_TYPE=MEASURED_BY] [MODALITY=EXPLICIT_FACT] Flexibility supply and demand in the Austrian electricity system are key metrics for renewable and PV integration.,10.0,54,['05802f69e17001a506260c74ca400f6a1368fbf0132720e670d13ffd39c31d615ca94e0ffc071332bd317faa48542bde7970720b9f035d496136fc5d6bbb8ca5']
697e5e14-9768-4d14-9421-fda2feda966b,599,ÖSTERREICHISCHE PHOTOVOLTAIK-STRATEGIE,OPTIMAL GEPLANTER PV-AUSBAU,"[RELATION_TYPE=PROPOSES] [MODALITY=RECOMMENDATION] The strategy recommends that further Austrian PV expansion be optimally planned with technical, economic, regulatory, and social considerations.",10.0,46,['05802f69e17001a506260c74ca400f6a1368fbf0132720e670d13ffd39c31d615ca94e0ffc071332bd317faa48542bde7970720b9f035d496136fc5d6bbb8ca5']
5d327321-d28c-4cb1-9e73-09c891ccfea1,600,ELEKTRIZITÄTSWIRTSCHAFTS- UND -ORGANISATIONSGESETZ (ELWOG),RICHTLINIE (EU) 2019/944,[RELATION_TYPE=IMPLEMENTS] [MODALITY=EXPLICIT_FACT] The ELWOG is cited as serving the implementation of the EU Electricity Market Directive 2019/944.,9.0,6,['6927535991c09031efd0df39ec21591dd3bb460da14c01bc36d343f0078b726ed44d06a0c6bb518236ea61ed8c8b15365630cf185b8012e963898f2e117f7d8a']
24814ef1-bb16-44f8-ac5e-ad7bae03baf6,601,ELEKTRIZITÄTSWIRTSCHAFTS- UND -ORGANISATIONSGESETZ (ELWOG),RICHTLINIE (EU) 2018/2001,[RELATION_TYPE=IMPLEMENTS] [MODALITY=EXPLICIT_FACT] The ELWOG is also cited as implementing the EU Renewable Energy Directive 2018/2001.,9.0,6,['6927535991c09031efd0df39ec21591dd3bb460da14c01bc36d343f0078b726ed44d06a0c6bb518236ea61ed8c8b15365630cf185b8012e963898f2e117f7d8a']
e343237e-8165-4286-8b02-e799937292a0,602,FIT FÜR 55,EUROPÄISCHE KOMMISSION,[RELATION_TYPE=PROPOSES] [MODALITY=EXPLICIT_FACT] The European Commission presented the Fit for 55 climate and energy measures package.,9.0,6,['6927535991c09031efd0df39ec21591dd3bb460da14c01bc36d343f0078b726ed44d06a0c6bb518236ea61ed8c8b15365630cf185b8012e963898f2e117f7d8a']
e09bc5de-b693-4c5b-a7d4-413af2d9a221,603,EU ÖKODESIGN-RICHTLINIE (DIRECTIVE 2009/125/EC),EUROPÄISCHE KOMMISSION,[RELATION_TYPE=SUPPORTED_BY] [MODALITY=EXPLICIT_FACT] The Eco-Design Directive is established by the European Commission and Parliament.,8.0,6,['6927535991c09031efd0df39ec21591dd3bb460da14c01bc36d343f0078b726ed44d06a0c6bb518236ea61ed8c8b15365630cf185b8012e963898f2e117f7d8a']
00b16aef-11e3-4ea5-a8d0-e6b048d15850,604,INTEGRIERTER ÖSTERREICHISCHER NETZINFRASTRUKTURPLAN,"BUNDESMINISTERIUM FÜR KLIMASCHUTZ, UMWELT, ENERGIE, MOBILITÄT, INNOVATION UND TECHNOLOGIE (BMK)",[RELATION_TYPE=RESPONSIBLE_FOR] [MODALITY=EXPLICIT_FACT] The BMK is cited as the responsible institution for the Integrated Austrian Network Infrastructure Plan.,9.0,8,['6927535991c09031efd0df39ec21591dd3bb460da14c01bc36d343f0078b726ed44d06a0c6bb518236ea61ed8c8b15365630cf185b8012e963898f2e117f7d8a']
cb2e40f1-0b87-4767-b46e-4caa08bb60cc,605,KLIMA- UND ENERGIEFONDS,BUNDESVERBAND PHOTOVOLTAIK AUSTRIA,[RELATION_TYPE=FUNDS] [MODALITY=EXPLICIT_FACT] The Climate and Energy Fund commissioned PV Austria to author or contribute to PV-related studies and guidelines.,8.0,9,['6927535991c09031efd0df39ec21591dd3bb460da14c01bc36d343f0078b726ed44d06a0c6bb518236ea61ed8c8b15365630cf185b8012e963898f2e117f7d8a']
a674aaba-e01b-405a-8981-ac71f8a7e939,606,KLIMA- UND ENERGIEFONDS,EPOOL,[RELATION_TYPE=FUNDS] [MODALITY=EXPLICIT_FACT] The Climate and Energy Fund commissioned EPOOL for PV-related studies.,8.0,9,['6927535991c09031efd0df39ec21591dd3bb460da14c01bc36d343f0078b726ed44d06a0c6bb518236ea61ed8c8b15365630cf185b8012e963898f2e117f7d8a']
e58d9297-6532-4908-b204-7ae1afa5f15e,607,RICHTLINIE (EU) 2023/2413 (RED III),RICHTLINIE (EU) 2018/2001,[RELATION_TYPE=AMENDS] [MODALITY=EXPLICIT_FACT] RED III is stated as amending Directive 2018/2001.,9.0,5,['6927535991c09031efd0df39ec21591dd3bb460da14c01bc36d343f0078b726ed44d06a0c6bb518236ea61ed8c8b15365630cf185b8012e963898f2e117f7d8a']
f7e54e51-eb86-4f4b-a6d6-92258481039e,608,REPOWEREU-PLAN,EUROPÄISCHE KOMMISSION,[RELATION_TYPE=PROPOSES] [MODALITY=EXPLICIT_FACT] The REPowerEU Plan was communicated by the European Commission.,9.0,8,['6927535991c09031efd0df39ec21591dd3bb460da14c01bc36d343f0078b726ed44d06a0c6bb518236ea61ed8c8b15365630cf185b8012e963898f2e117f7d8a']
d9765020-442c-4176-a8fc-593ce09a0e7e,609,VERORDNUNG (EU) 2022/2577,EUROPÄISCHE KOMMISSION,[RELATION_TYPE=PROPOSES] [MODALITY=EXPLICIT_FACT] Regulation (EU) 2022/2577 was issued by the European Commission to accelerate renewable energy deployment.,8.0,6,['6927535991c09031efd0df39ec21591dd3bb460da14c01bc36d343f0078b726ed44d06a0c6bb518236ea61ed8c8b15365630cf185b8012e963898f2e117f7d8a']
c9e4c4d1-659a-43c6-83bd-6804552a6017,610,PHOTOVOLTAIK,PV-ANLAGE,PV-Anlage (PV systems) are a primary and central form of Photovoltaik (photovoltaics) installations.,10.0,111,"['6927535991c09031efd0df39ec21591dd3bb460da14c01bc36d343f0078b726ed44d06a0c6bb518236ea61ed8c8b15365630cf185b8012e963898f2e117f7d8a'
 '6927535991c09031efd0df39ec21591dd3bb460da14c01bc36d343f0078b726ed44d06a0c6bb518236ea61ed8c8b15365630cf185b8012e963898f2e117f7d8a']"
793dd9b1-0253-4e37-8211-01b7aa0fda43,611,ELEKTRIZITÄTSNETZ,PV-ANLAGE,[RELATION_TYPE=ASSOCIATED_WITH] [MODALITY=EXPLICIT_FACT] The electricity grid is referenced in the context of grid connection for PV systems.,9.0,27,['6927535991c09031efd0df39ec21591dd3bb460da14c01bc36d343f0078b726ed44d06a0c6bb518236ea61ed8c8b15365630cf185b8012e963898f2e117f7d8a']
54aed8ee-e634-424f-a78e-1cd51e18bb50,612,ÖSTERREICH,INTEGRIERTER ÖSTERREICHISCHER NETZINFRASTRUKTURPLAN,[RELATION_TYPE=PART_OF] [MODALITY=EXPLICIT_FACT] The Integrated Austrian Network Infrastructure Plan pertains to Austria.,8.0,54,['6927535991c09031efd0df39ec21591dd3bb460da14c01bc36d343f0078b726ed44d06a0c6bb518236ea61ed8c8b15365630cf185b8012e963898f2e117f7d8a']
402c799e-1172-4602-b2e4-1cbed978b686,613,"BUNDESMINISTERIUM FÜR KLIMASCHUTZ, UMWELT, ENERGIE, MOBILITÄT, INNOVATION UND TECHNOLOGIE (BMK)",ÖSTERREICH,[RELATION_TYPE=ASSOCIATED_WITH] [MODALITY=EXPLICIT_FACT] The federal ministry BMK is an Austrian governmental institution.,9.0,58,['6927535991c09031efd0df39ec21591dd3bb460da14c01bc36d343f0078b726ed44d06a0c6bb518236ea61ed8c8b15365630cf185b8012e963898f2e117f7d8a']
e5de8018-19f8-464b-aa71-ab29aa61cb77,614,"JUST TRANSITION, AKTIONSPLAN AUS- UND WEITERBILDUNG","BUNDESMINISTERIUM FÜR KLIMASCHUTZ, UMWELT, ENERGIE, MOBILITÄT, INNOVATION UND TECHNOLOGIE (BMK)","[RELATION_TYPE=ASSOCIATED_WITH] [MODALITY=EXPLICIT_FACT] The Just Transition Action Plan is associated with and published by BMK, as cited.",8.0,7,['6927535991c09031efd0df39ec21591dd3bb460da14c01bc36d343f0078b726ed44d06a0c6bb518236ea61ed8c8b15365630cf185b8012e963898f2e117f7d8a']
710078e3-71d3-49be-a357-b64f8576c3b0,615,ÖSTERREICH,"BUNDESMINISTERIUM FÜR KLIMASCHUTZ, UMWELT, ENERGIE, MOBILITÄT, INNOVATION UND TECHNOLOGIE (BMK)",[RELATION_TYPE=ASSOCIATED_WITH] [MODALITY=EXPLICIT_FACT] BMK is an Austrian federal ministry.,9.0,58,['6927535991c09031efd0df39ec21591dd3bb460da14c01bc36d343f0078b726ed44d06a0c6bb518236ea61ed8c8b15365630cf185b8012e963898f2e117f7d8a']
ba0af85a-6483-445b-9414-a781ddea46e5,616,PHOTOVOLTAIK,ÖSTERREICHISCHE PHOTOVOLTAIK-STRATEGIE,[RELATION_TYPE=ASSOCIATED_WITH] [MODALITY=EXPLICIT_FACT] The Austrian Photovoltaic Strategy concerns the deployment of photovoltaics in Austria.,9.0,130,['6927535991c09031efd0df39ec21591dd3bb460da14c01bc36d343f0078b726ed44d06a0c6bb518236ea61ed8c8b15365630cf185b8012e963898f2e117f7d8a']
c4b135b0-9ba0-455b-a407-6bae245ce7f6,617,ERNEUERBAREN-AUSBAU-GESETZ (EAG),ÖSTERREICH,[RELATION_TYPE=PART_OF] [MODALITY=EXPLICIT_FACT] The Renewable Expansion Act is an Austrian national law.,8.0,62,['6927535991c09031efd0df39ec21591dd3bb460da14c01bc36d343f0078b726ed44d06a0c6bb518236ea61ed8c8b15365630cf185b8012e963898f2e117f7d8a']
287bc71a-728f-43fa-9023-128f60144dcc,618,ERNEUERBAREN-AUSBAU-BESCHLEUNIGUNGSGESETZ (EABG),ÖSTERREICH,[RELATION_TYPE=PART_OF] [MODALITY=EXPLICIT_FACT] The EABG is an Austrian national law.,8.0,55,['6927535991c09031efd0df39ec21591dd3bb460da14c01bc36d343f0078b726ed44d06a0c6bb518236ea61ed8c8b15365630cf185b8012e963898f2e117f7d8a']
de56840c-6a71-43d6-9cb8-f415c9e8d928,619,ENERGIEGEMEINSCHAFTEN,ÖSTERREICH,[RELATION_TYPE=PART_OF] [MODALITY=EXPLICIT_FACT] The Energy Communities policy is referenced in the Austrian legal and policy context.,7.0,63,['6927535991c09031efd0df39ec21591dd3bb460da14c01bc36d343f0078b726ed44d06a0c6bb518236ea61ed8c8b15365630cf185b8012e963898f2e117f7d8a']
768582f5-8358-45e9-9dac-2f3b87c212a8,620,GEMEINSCHAFTLICHE ERZEUGUNGSANLAGEN,ÖSTERREICH,[RELATION_TYPE=PART_OF] [MODALITY=EXPLICIT_FACT] Collective generation plants are relevant as a policy concept within Austria.,7.0,53,['6927535991c09031efd0df39ec21591dd3bb460da14c01bc36d343f0078b726ed44d06a0c6bb518236ea61ed8c8b15365630cf185b8012e963898f2e117f7d8a']
f63eec1b-019c-41bb-8f8a-cf4bda7a663a,621,NET ZERO INDUSTRY ACT (NZIA),EUROPÄISCHE KOMMISSION,[RELATION_TYPE=PROPOSES] [MODALITY=EXPLICIT_FACT] Net Zero Industry Act is cited as an EU law introduced by the European Commission.,8.0,6,['6927535991c09031efd0df39ec21591dd3bb460da14c01bc36d343f0078b726ed44d06a0c6bb518236ea61ed8c8b15365630cf185b8012e963898f2e117f7d8a']
91605cc3-d4b1-4feb-a423-2f6ab33cda49,622,UMWELTFÖRDERUNGSGESETZ (UFG),ÖSTERREICH,[RELATION_TYPE=PART_OF] [MODALITY=EXPLICIT_FACT] The Federal Environmental Support Act is an Austrian law.,8.0,58,['6927535991c09031efd0df39ec21591dd3bb460da14c01bc36d343f0078b726ed44d06a0c6bb518236ea61ed8c8b15365630cf185b8012e963898f2e117f7d8a']
c030a777-8d34-49a3-91cb-454a576b6f7e,623,ÖSTERREICHISCHE GESELLSCHAFT FÜR UMWELT UND TECHNIK (ÖGUT),ÖSTERREICH,[RELATION_TYPE=PART_OF] [MODALITY=EXPLICIT_FACT] The Austrian Society for Environment and Technology operates within Austria.,8.0,54,['6927535991c09031efd0df39ec21591dd3bb460da14c01bc36d343f0078b726ed44d06a0c6bb518236ea61ed8c8b15365630cf185b8012e963898f2e117f7d8a']
26354898-112b-4901-899a-715380afb4b2,624,ERNEUERBARE ENERGIEN IN ÖSTERREICH 2023 — STIMMUNGSBAROMETER,ÖSTERREICHISCHE BEVÖLKERUNG,[RELATION_TYPE=MEASURED_BY] [MODALITY=EXPLICIT_FACT] The sentiment barometer specifically surveys the Austrian population on attitudes toward renewables.,10.0,2,['6927535991c09031efd0df39ec21591dd3bb460da14c01bc36d343f0078b726ed44d06a0c6bb518236ea61ed8c8b15365630cf185b8012e963898f2e117f7d8a']
333f2665-c1ce-4a87-87c1-02da5c2ba6af,625,MARKTENTWICKLUNG 2023 — INNOVATIVE ENERGIETECHNOLOGIEN IN ÖSTERREICH,"BUNDESMINISTERIUM FÜR KLIMASCHUTZ, UMWELT, ENERGIE, MOBILITÄT, INNOVATION UND TECHNOLOGIE (BMK)",[RELATION_TYPE=ASSOCIATED_WITH] [MODALITY=EXPLICIT_FACT] The market development report was prepared for and published by the BMK.,8.0,7,['6927535991c09031efd0df39ec21591dd3bb460da14c01bc36d343f0078b726ed44d06a0c6bb518236ea61ed8c8b15365630cf185b8012e963898f2e117f7d8a']
6be932d9-fbf1-48bc-9c70-948a5268351e,626,METHODEN ZUR FÖRDERUNG SOZIALER INNOVATION IM KONTEXT DER ENERGIEWENDE,ÖSTERREICHISCHE GESELLSCHAFT FÜR UMWELT UND TECHNIK (ÖGUT),[RELATION_TYPE=ASSOCIATED_WITH] [MODALITY=EXPLICIT_FACT] ÖGUT is identified as the publisher of the methods profile for fostering social innovation for energy transition.,9.0,4,['6927535991c09031efd0df39ec21591dd3bb460da14c01bc36d343f0078b726ed44d06a0c6bb518236ea61ed8c8b15365630cf185b8012e963898f2e117f7d8a']
faf4bfab-0a31-4363-9fd4-fb6688f7425b,627,BUNDESVERBAND NEUE ENERGIEWIRTSCHAFT (BNE) E.V.,ROLF PESCHL,[RELATION_TYPE=ASSOCIATED_WITH] [MODALITY=EXPLICIT_FACT] Rolf Peschl is referenced as an author of the bne e.V. study on solar parks and biodiversity.,9.0,2,['6927535991c09031efd0df39ec21591dd3bb460da14c01bc36d343f0078b726ed44d06a0c6bb518236ea61ed8c8b15365630cf185b8012e963898f2e117f7d8a']
6cb158e7-8bf6-4ae2-8d67-58404c14c37d,628,UMWELTVERTRÄGLICHKEITSPRÜFUNG (UVP),PHOTOVOLTAIK,[RELATION_TYPE=CONSTRAINS] [MODALITY=EXPLICIT_FACT] Environmental Impact Assessment requirements are referenced as relevant to permitting and deploying photovoltaic installations.,8.0,86,['6927535991c09031efd0df39ec21591dd3bb460da14c01bc36d343f0078b726ed44d06a0c6bb518236ea61ed8c8b15365630cf185b8012e963898f2e117f7d8a']
52126fca-8315-48b1-a880-c138b97b7e14,629,ALTLASTEN­SANIERUNG,UMWELTFÖRDERUNGSGESETZ (UFG),[RELATION_TYPE=ASSOCIATED_WITH] [MODALITY=EXPLICIT_FACT] Contaminated site remediation is listed as one of the domains covered by the Umweltförderungsgesetz.,9.0,7,['6927535991c09031efd0df39ec21591dd3bb460da14c01bc36d343f0078b726ed44d06a0c6bb518236ea61ed8c8b15365630cf185b8012e963898f2e117f7d8a']
3e4eec19-ed73-4ddb-b2f3-60d772eae6bb,630,FLÄCHEN­­RECYCLING,UMWELTFÖRDERUNGSGESETZ (UFG),[RELATION_TYPE=ASSOCIATED_WITH] [MODALITY=EXPLICIT_FACT] Land recycling is included as a domain in the Umweltförderungsgesetz.,9.0,7,['6927535991c09031efd0df39ec21591dd3bb460da14c01bc36d343f0078b726ed44d06a0c6bb518236ea61ed8c8b15365630cf185b8012e963898f2e117f7d8a']
91d8fd2b-4a1c-4745-9a31-3f76d0f5a38d,631,BIODIVERSITÄT,UMWELTFÖRDERUNGSGESETZ (UFG),[RELATION_TYPE=ASSOCIATED_WITH] [MODALITY=EXPLICIT_FACT] Biodiversity is mentioned as a focus of the Umweltförderungsgesetz.,8.0,7,['6927535991c09031efd0df39ec21591dd3bb460da14c01bc36d343f0078b726ed44d06a0c6bb518236ea61ed8c8b15365630cf185b8012e963898f2e117f7d8a']
215b71c2-55fd-432d-b749-c8c3c8fc54d8,632,UMWELTSCHUTZ,UMWELTFÖRDERUNGSGESETZ (UFG),[RELATION_TYPE=ASSOCIATED_WITH] [MODALITY=EXPLICIT_FACT] Environmental protection is listed among the objectives of the Umweltförderungsgesetz.,8.0,7,['6927535991c09031efd0df39ec21591dd3bb460da14c01bc36d343f0078b726ed44d06a0c6bb518236ea61ed8c8b15365630cf185b8012e963898f2e117f7d8a']
baa36105-8e97-4caf-a449-f4c585b1e15f,633,WASSERWIRTSCHAFT,UMWELTFÖRDERUNGSGESETZ (UFG),[RELATION_TYPE=ASSOCIATED_WITH] [MODALITY=EXPLICIT_FACT] Water management is included as a target of the Umweltförderungsgesetz.,8.0,7,['6927535991c09031efd0df39ec21591dd3bb460da14c01bc36d343f0078b726ed44d06a0c6bb518236ea61ed8c8b15365630cf185b8012e963898f2e117f7d8a']
05ad7700-1b96-412e-b3e1-1c3f88be6fcb,634,ANLASSUNGSSTUDIE „ANSCHLUSS ERNEUERBARE ENERGIEN“,PHOTOVOLTAIK,[RELATION_TYPE=CONSTRAINS] [MODALITY=EXPLICIT_FACT] The study describes and analyzes obstacles (Hemmnissen) for connecting and operating PV systems.,9.0,86,['6927535991c09031efd0df39ec21591dd3bb460da14c01bc36d343f0078b726ed44d06a0c6bb518236ea61ed8c8b15365630cf185b8012e963898f2e117f7d8a']
a349327b-9146-498e-b3a0-1c306636ba90,635,STROMBINNENMARKT,RICHTLINIE (EU) 2019/944,[RELATION_TYPE=REGULATES] [MODALITY=EXPLICIT_FACT] The EU directive provides regulations for the internal electricity market.,9.0,5,['6927535991c09031efd0df39ec21591dd3bb460da14c01bc36d343f0078b726ed44d06a0c6bb518236ea61ed8c8b15365630cf185b8012e963898f2e117f7d8a']
b69ed3cc-c972-40de-9d8e-6f2cc75533ef,636,EUROPÄISCHES PARLAMENT,RICHTLINIE (EU) 2019/944,[RELATION_TYPE=PROPOSES] [MODALITY=EXPLICIT_FACT] The European Parliament is a legislative origin for the EU Electricity Market Directive.,9.0,6,['6927535991c09031efd0df39ec21591dd3bb460da14c01bc36d343f0078b726ed44d06a0c6bb518236ea61ed8c8b15365630cf185b8012e963898f2e117f7d8a']
119eaacf-fd82-48ff-93b8-f1d3ddae04f7,637,EUROPÄISCHER RAT,RICHTLINIE (EU) 2019/944,[RELATION_TYPE=PROPOSES] [MODALITY=EXPLICIT_FACT] The European Council also serves as co-legislator for the EU Electricity Market Directive.,9.0,6,['6927535991c09031efd0df39ec21591dd3bb460da14c01bc36d343f0078b726ed44d06a0c6bb518236ea61ed8c8b15365630cf185b8012e963898f2e117f7d8a']
e279e65a-025c-49df-8ed0-4cff813ab657,638,EUROPÄISCHES PARLAMENT,RICHTLINIE (EU) 2018/2001,[RELATION_TYPE=PROPOSES] [MODALITY=EXPLICIT_FACT] The European Parliament is a legislative origin for the EU Renewable Energy Directive.,9.0,6,['6927535991c09031efd0df39ec21591dd3bb460da14c01bc36d343f0078b726ed44d06a0c6bb518236ea61ed8c8b15365630cf185b8012e963898f2e117f7d8a']
9fc96b04-38b2-41ad-a9c1-4941b0fc8eb1,639,EUROPÄISCHER RAT,RICHTLINIE (EU) 2018/2001,[RELATION_TYPE=PROPOSES] [MODALITY=EXPLICIT_FACT] The European Council is a legislative origin for the EU Renewable Energy Directive.,9.0,6,['6927535991c09031efd0df39ec21591dd3bb460da14c01bc36d343f0078b726ed44d06a0c6bb518236ea61ed8c8b15365630cf185b8012e963898f2e117f7d8a']
0b87eeba-9bf0-49c3-83a0-d6e4825d0808,640,EUROPÄISCHES WIRTSCHAFTS- UND SOZIALKOMITEE,REPOWEREU-PLAN,[RELATION_TYPE=ASSOCIATED_WITH] [MODALITY=EXPLICIT_FACT] The European Economic and Social Committee is a recipient and participant in the REPowerEU Plan context.,7.0,4,['6927535991c09031efd0df39ec21591dd3bb460da14c01bc36d343f0078b726ed44d06a0c6bb518236ea61ed8c8b15365630cf185b8012e963898f2e117f7d8a']
e25ed385-7d7d-4ce8-b441-190ed3b5c1ea,641,AUSSCHUSS DER REGIONEN,REPOWEREU-PLAN,[RELATION_TYPE=ASSOCIATED_WITH] [MODALITY=EXPLICIT_FACT] The Committee of the Regions is indicated as a participant in the REPowerEU communication.,1.0,4,['6927535991c09031efd0df39ec21591dd3bb460da14c01bc36d343f0078b726ed44d06a0c6bb518236ea61ed8c8b15365630cf185b8012e963898f2e117f7d8a']
0d51bb6b-e917-4703-b77d-aef2fc025f29,642,"BUNDESMINISTERIUM FÜR KLIMASCHUTZ, UMWELT, ENERGIE, MOBILITÄT, INNOVATION UND TECHNOLOGIE",ÖSTERREICHISCHE PHOTOVOLTAIK-STRATEGIE,"[RELATION_TYPE=RESPONSIBLE_FOR] [MODALITY=REASONABLE_INFERENCE] The Federal Ministry for Climate Action, Environment, Energy, Mobility, Innovation and Technology is the government body responsible for the Austrian Photovoltaic Strategy, as indicated by listing on the official strategy documents; the text does not explicitly assign authorship but contextually implies institutional responsibility.",6.0,46,['7ae981575e185e2452d144d541d822b7725e27bc7dda501c9d8495719003ccb89584fe5e1ac83baa67ae4060497ae5e2536fae015a551dc8cdefa9b5aa17289b']
