id,human_readable_id,community,level,parent,children,title,entity_ids,relationship_ids,text_unit_ids,period,size
e3d7203c-ffed-4eeb-ad4f-0dc08459b470,0,0,0,-1,[22 23 24 25 26],Community 0,"['4ede2ada-9196-428c-b0be-23c1c617aea9'
 'a0992f21-69ef-4379-a425-da6fc438f2bf'
 '82694c83-4dec-4366-a9d4-3e74827a0c6f'
 '13c109e2-e2fb-456a-ab92-0fde3bbdb9f6'
 '214252f9-e40d-41c7-b06a-08267614d9f4'
 '93eef8e0-3a3a-4ac8-8763-b43a5d4fd88e'
 '7104f7f4-94d3-4ffe-aa62-9b33ba3db307'
 '70ab370d-ec2e-432b-9a52-b46cbdf6074f'
 '9e09d6ee-f56e-420c-ac2f-9d96eb2e5a9e'
 '6e09d1e3-ff60-4ed4-8443-6523e4c87dbd'
 'f38d1efb-533c-40c5-a2c7-036fe0b5d323'
 '9839c641-77f2-4b75-a282-34c37296967e'
 'dba0d891-c50a-438c-913f-e3cea6991e49'
 '036f2519-c1b3-412c-9709-0524de59297a'
 'f43e3cca-beec-4b7c-847f-90782e9351b5'
 '348d89db-51aa-45f4-9e24-f862e6cb7be7'
 '74a8f56e-8616-4be2-abdc-14e2eaa5f468'
 'e9539b14-662b-4ab9-876c-bf42e80208ac'
 '78dbe66f-4ba0-42a0-b1b5-0e3b9abc001a'
 'ada2728f-31ac-4693-9ebc-36b905b7b804'
 'ae0cd653-6563-41aa-aa47-15535a736879'
 '7451f048-8a39-4795-9248-61edaceb9c11'
 '3d609a85-d0d2-4b53-929f-ad7f9d537a32'
 '1a51ed39-cbad-4fc8-8ed2-6428b95d30e0'
 '50612e40-e104-4941-9b9b-3c3f1629242a'
 'b003e91e-01f3-433e-9090-9780859ac105'
 'a9b26a07-4af1-4458-88f7-47de667e2282'
 '2034bf86-1844-4fa2-b746-c9d0f002a9c0']","['0038e853-283c-4f41-8d1c-4e70fc702fdb'
 '095c2870-927b-42c5-b5ca-bb559524b562'
 '0c548e1b-d872-4b6f-bbb2-1575db6c13c0'
 '10f95828-ee65-429e-ab6c-7b4a50f47b2d'
 '1979dc5c-588a-41c1-9fd0-d27b54628766'
 '1c757342-b725-49fc-b09c-e93686d0e9e3'
 '29338c48-3b93-4118-82a3-26b8899fd8ce'
 '2ffed99b-e6a6-4031-b3bb-034e05bd103e'
 '31b87ee7-c016-4ec4-87c8-341c0fb300a4'
 '3847f350-f96e-45d1-b78f-a4f3c1a1cfde'
 '495b6cf0-7286-49f0-a364-2ac0e63a3466'
 '4d6a9152-b503-4a04-b54c-8033eb0eb036'
 '52a7fd36-a7e7-4e8e-8656-be33c6abf5c9'
 '5f9e08a4-6ba6-4299-8905-c5dfedbb2deb'
 '6f0e34b7-87b4-447f-84d4-c76f4fab0166'
 '71aad98b-c560-4991-a077-e87d67480823'
 '7884bf67-5bdf-45a2-a9dd-04d95cfe0f7d'
 '87459399-4da6-43c2-a7d8-c0e4ced5e09a'
 '898a06a8-9549-43bc-b300-b0938aaf3344'
 '8e238255-5aab-456f-b019-6ed2d32f868b'
 'a2045edd-83e8-442e-8715-0dd51978af6c'
 'a83d6163-beca-4fff-ba6b-211d6a83667e'
 'ae070445-240a-4177-a8c8-9d8a1f8c9b8f'
 'b3978d79-b867-44b9-8a77-4d91874a71c4'
 'd2c3d406-f3a0-448b-be68-f99fc784c50c'
 'e274f1bb-cb37-4e1c-9ecb-cb8dc348c761'
 'e3960eb2-273d-4309-bb6a-de83c5f23d83'
 'e6d14159-25da-4d41-9f27-015012314da5'
 'ec55dab5-8fe1-49ce-ad80-efdd33300804'
 'fb1fbb7f-0749-4b40-b5b6-9386e657ad87']","['2d9fdebd364caf6ea226dc0ee6624e0c2d54fc65848a9cd18f9b868675333d5be302c20a6cbb1b4f9503e536f5051a60a8783cd3657ab2cf1f9daf65be366c76'
 '41bd25afdc1cce74b36dd6db5e44e91354172fda16475ab6a3f6cf99bddc720aa91cb56b5ea1b1c4774c8c97017d6bb03c52ba2676d7cfaab1c73fed8ab82912'
 '50e06bf07ca2ce3a4e0dc0520305a36334e339dc022e32de2a78b62769102078202b01514330a1c4939e30fdb8f4d3884f790c7814b2e95e9bdb0894b3323a4e'
 '50fb8f6506c2271985ee7ffe42523d2eb06abbd85be8ea5021ae2d36d260f6f63d177e59ca2da764eeaeb4a953c841282dbf214859a753f968cb6e6cb86e0c72'
 '6a1a5132f360531b1174e0eac2b2c5b6ece3b0771a8037231306baf0af8e8ca23de435f581fc62d6794cab81a5dadf3235b66eda56c331a0043621c688fbe302']",2026-08-11,28
1794f3dd-47e9-4782-b50d-fe1c663219a6,1,1,0,-1,[],Community 1,"['13d6352c-4df9-4cb6-85a2-f9aac4843684'
 '1a1a67da-4654-46bb-9fb1-5a48951bbd5b'
 'bcd9ff1e-79d3-48ba-8cef-4e0ec9bd12b7'
 '64e7fa8f-c291-4039-86aa-474b16fc93a8']","['329cd8b1-1c4c-4b70-b11f-b1b6e8615580'
 '9f54685b-b5b2-4cfb-95c5-ab1100039dcd'
 'ae88dcb0-a12d-4886-a476-c31e9dd62c8f'
 'c61d46b2-ba7f-4c5a-bc03-2202bfe015ac']",['41bd25afdc1cce74b36dd6db5e44e91354172fda16475ab6a3f6cf99bddc720aa91cb56b5ea1b1c4774c8c97017d6bb03c52ba2676d7cfaab1c73fed8ab82912'],2026-08-11,4
37cac7d8-d65d-4e56-aee1-44bbf4e07057,2,2,0,-1,[27 28 29],Community 2,"['f79f2090-e0f1-4950-86e8-f0ff3488ec28'
 '5c0b5489-5e30-4ac9-b2c7-5e4a028fd0ad'
 'abec3afa-11dc-40c5-813a-82d9bb05a356'
 '7d6d312f-1f48-4a6d-ad63-783457d881b2'
 'c3974665-6816-4bf1-a33a-ed4c7a113012'
 'f01f5373-90b2-4956-abad-f7453d26f463'
 '57e72d16-6a22-48ab-bedd-e8acf443d5dd'
 '30ec7057-cf35-4b65-9e1c-b38dc4dc4bd6'
 'aebbd0a1-9fa3-4456-86bf-1a733273afc5'
 'bfaf0cbf-395f-41c5-b399-44c36e2dbbbb']","['148c7d31-6d4a-4576-a1af-242ced8a4622'
 '1d1e279f-8141-4258-a1ac-7222f41522fb'
 '38a5a19f-4895-4641-b91d-61d0a69688ba'
 '6dea262a-458d-44e0-a044-d74569160149'
 '7e533953-bc79-4d14-a2ed-7223ae7ba34b'
 '8e16f6db-deaa-456b-b9f3-4a82161a096a'
 '91dc10a5-0881-4c20-8874-186ef75884dc'
 'ddb22b2b-0a37-4b5e-9bab-526b7ae4014b'
 'ff56b19f-fc44-4c97-b4e5-02d8a324e19a']","['9ce049a98570c6bf53cf9e547168db075af2795fa519422bd27a2c9aa5b490c4b26aef25883802c4d8eb6e4dcb09c866e7d31677352f7beb6c4f9fcbbcc75e9b'
 'e498566a78d36b3ce13304157993b9b4269045840f1d63663ab07328cc5c6a9ebc15f47c9ae340cbebf706bc8faebd35ccc4f11ae0aa4cb9a223345224329757']",2026-08-11,10
f73e5c1c-b437-4b47-8186-6ed0f0581294,3,3,0,-1,[30 31 32 33 34],Community 3,"['390e75de-62c8-4a9d-94f0-156f4c5963ef'
 'd8183f8e-491e-4fb0-94b5-83e1c780a37e'
 '0a8733bf-7bc3-463a-92df-820d9150f804'
 'c15d1a3b-a489-41fa-bf0a-9c1055de2468'
 'a9a309f4-bd38-40e6-8999-6b3fc2bd48fd'
 '38ebf9b5-4c84-4ed3-a2ca-0ec6f1f31c97'
 '435ca9b0-ff14-4306-90e5-20c8be7177d1'
 '13fff1e8-788e-4936-889f-4ab68cb6002b'
 '58d266ab-2f3a-46ef-8bd3-2dfbce0cc786'
 '7c85d6f2-1680-4970-b816-3ac16ec32b1e'
 '0f46eeb1-8f5b-418e-8ae3-06ce791b5f77'
 '241605de-88e2-42f5-a90f-5921e09d0042'
 'e323798e-1981-47d8-8f68-b8c77116bc15'
 '9dc77cca-2e13-4de6-b009-70f377079fde'
 '68503bcd-b726-4b08-897b-29498ea0ae14'
 '590772cd-76de-4c00-b933-869e88263e1b'
 'db571db9-c79b-4a28-8cc6-d1bc4c6bdb2d'
 '0cd99028-17f6-472f-bf83-f0591c535e73'
 '038eab2c-1e92-4fd3-b8e2-37308ce8bc87'
 'ef192b11-071d-4da7-a1c1-32f4b1709792'
 'dbf0be48-a546-4942-a9a4-70baca8df4cf'
 'd045eeb0-b526-4261-96a3-20eb874e8108'
 '1ba6710d-ca6e-4cdc-818b-dac5eb795cb9'
 'fd20abce-8b71-49b5-a570-f69282b00a9e'
 '96e587ee-8d6e-440f-bccb-831105967350'
 'b3822bca-3839-4b98-82bb-1d2eb5c27061'
 'a9197401-135c-43c6-83a5-6cc639650e7a'
 '62978763-7c39-449b-b4bf-98db19fe66c1'
 'd9ba7528-1ac5-405a-9d89-863814fcfac6'
 'b3e56fed-6927-4b07-b7e6-442024cd824a'
 'd5700e39-d8b3-470e-8709-c0d089f3dba2'
 '88fd3a8e-884d-449b-8e77-0eec12d30c41'
 '36a413dc-a5fe-4bf5-90d3-1263e8492042'
 '90631b55-db8b-48c9-9ee2-9436949b7b0a'
 'e285d7aa-2d80-4807-962b-b1ddb570cae7'
 '7f944a53-54be-43c5-9c19-5a6e7deec543'
 'e6c746a7-9cb5-4e6e-91d1-2149f63a7b72'
 'cd64be4e-f8b8-487f-b596-a1c7304236ca']","['07f93708-ff3c-4208-9ea2-8480c5f92262'
 '0f5b9438-0fb1-4f42-9631-19e5a372eda0'
 '0ffa73b9-34af-4954-b37a-08ce1fbcde59'
 '11876324-78aa-4df9-8966-3ac4f4d833a7'
 '203e471b-7277-4f49-9630-53957ab0a599'
 '20b24a3a-cb5e-4684-b868-f3af4079c73f'
 '23f2520b-3e07-4e17-b018-5015c84770ea'
 '2537a6a1-a1de-4734-968f-863d2db319c9'
 '2830d3cd-ccfd-4ba9-a80b-f128c7db742e'
 '2d7bdb3b-0b10-48f0-b115-15bdcd704fd3'
 '2da6e7a0-f072-4ca9-8c7f-ef6f360cc14f'
 '2e6391b0-6a8a-4605-8c50-482526654231'
 '30a0b147-4d06-421a-b4f2-8cf271cd991e'
 '35e85f7d-3eb8-4695-ae30-92e095d081c6'
 '38a80a4b-b50d-498c-8bc0-30f2c3552ed1'
 '395e28f9-7a2f-4bb0-a548-69c56799accf'
 '3cada27b-4230-4134-a993-8f83050c8b34'
 '447ea263-164e-4e6b-b092-fcfadb21c683'
 '462b8dda-2315-4e55-85d3-0664dbaa7495'
 '5572a546-06af-4b50-ae7e-6c5c9d972d53'
 '588fece6-8574-400a-98af-a4a7924fabe2'
 '6af39a30-4311-4726-aef1-410e18a8daaf'
 '6cb96dc2-b663-491d-9d99-33e8da1e6ac4'
 '6ea2af3e-ad50-46d1-a713-ccdf06f4b84d'
 '91859024-101b-4e45-b2a6-ae84914992df'
 '92d31525-7dd6-4155-87a1-6f16396da69a'
 '95d5942b-cd46-401d-bfb9-9d5abda124a4'
 '968fb609-411e-4b4e-bc8a-7ccb4eaca583'
 'af63679f-0ab9-44ff-9f1a-d19ca709a16c'
 'b0fde1e1-c14f-44cf-8531-f7619df8ad5f'
 'bbc8ada5-5e1d-4fb0-ac12-76d09276f37a'
 'beea1839-008e-4ac6-a8ce-9bb8db86f06d'
 'c5f9c9b0-f67f-41f7-844a-25999597e9a2'
 'ccf1b8e2-1404-4856-a666-5f2245f88859'
 'd617a3bd-c398-4f3c-a6a6-98186f6b765d'
 'dd792260-c454-4f79-8de0-9529f4acfdee'
 'e5b38d0c-127c-4362-b508-33a84cb2cdd0'
 'f150b32f-9dac-42b5-b5ae-f18d320afb68']","['06c273ec9919eb4693462fdacebd50536ccdcf47bacc47b2b30c8a69005636b654b4919dc579696a4a7abbde4a00511a66f0c0be040f4ffc907fc316bee009dc'
 '4d221520fe7090409cfa9cda598db30683356c340ab3584a063ffe92486f2fe7225fc056f8b997f085ff0c0f7475828879fa678b7b1709148cb03584b292dab0'
 '7a01190bcf30936758d004f89d7553c62632e91427f92e6420a9e453f2c5d92ab18ae9e62c46bc28aeb398621b28cfd3af89bf2317c887a5eec276b5b7a51052']",2026-08-11,38
7e9aa953-92e9-47dc-9748-cca3f364970b,4,4,0,-1,[],Community 4,"['1c2c82bb-6609-409a-841e-a85a8cd22f7b'
 '128639a3-9130-44d2-980a-7899c95d1ac3'
 'a4386012-6b92-405b-8cdb-709048b5b49a'
 'eaf34e3c-e02c-46a1-a5d7-3802bffeed99'
 'e0b25a4f-d850-4b0e-a6e1-109eab427d8c'
 'f717ab58-addf-4b26-afc2-f444ed17ad8b'
 'd9928911-8dc4-4371-acb2-5ada8602cd34']","['57681d44-7650-42fd-84ff-1ea31256ee67'
 '5bd57206-7e2a-4e00-a50c-86c9013e4c4e'
 '6b069fc3-fb51-4329-8dd2-90b1c2b6ab04'
 '81b3be2c-ac6f-4efd-a9ea-fd78ce3f6034'
 'd04dce8b-384f-4664-962a-378ab41ce786'
 'f4f26739-0b7e-47d3-8f48-a25c3e2f723f'
 'f9ac898b-cd1c-4b2e-8e67-9f1fa0929ddc'
 'fa0d1c9a-989a-417d-b780-8724aa40cb86']","['23663988970639bea940978ccbd9150fd292856f2f31a1d587392606a64713d5dfeade66f1beea67d1cc0b0e93012337685e0eca3267f98c1695a466657a8b24'
 'e498566a78d36b3ce13304157993b9b4269045840f1d63663ab07328cc5c6a9ebc15f47c9ae340cbebf706bc8faebd35ccc4f11ae0aa4cb9a223345224329757']",2026-08-11,7
a2f8dad7-e8ea-48c9-82af-1fbd8d759ccc,5,5,0,-1,[35 36 37 38],Community 5,"['d07a3c77-5b8d-4922-9f19-b1ef6543a67b'
 '844ce69e-80ec-4223-87e2-d55a7b4a8ce2'
 'e9983ac9-0ad6-4d9a-a43c-f53b0c3efdfd'
 '64ac5869-3eb3-4d44-8cab-25b3a153ea3d'
 '0cf54118-f6ed-40b3-9639-7f37ac7569f9'
 '0b4ce4b4-2ee4-464f-b258-98235706b6b1'
 '89cfb2bb-e619-4f1a-9351-ee3c3ece73a6'
 'fb892cb8-1d3a-4a03-bfe5-421145ea9bb5'
 '2a7eff93-9c6a-40be-9653-611e378d64f5'
 'b04a1266-0e29-4295-bfb6-36de389c7720'
 '803b1dc1-1033-40e2-bf88-b08fc7a275fa'
 '8005be46-a85e-48da-8028-28cf034a2512'
 'e98eba67-de7e-48c3-9248-33aab6dde068'
 '35b1bb8c-cf5f-4ab7-b892-d229eef7d68c'
 '413b1701-8125-44f4-a6e5-4a65e665c397'
 '22c90fc9-3c47-4abf-801d-9c89904fbd3b'
 '81faa8c8-733f-400f-aa1f-e99b6fa3c2e5'
 '20a1f95a-db09-4f39-889a-23b4e5cac08f'
 'a939f83d-d975-4493-ae66-0a5697310feb'
 '047aa784-708b-4cb3-bf96-a695817fcf62'
 '0e32568d-267c-4b4b-b88a-df20d8249b3e'
 '65c22de0-b259-47b3-9fda-e771599a0db5']","['1372dd45-cdd4-4f1c-bb97-22a55eb7a8d9'
 '42047498-9b54-4c51-9c34-e721a452294e'
 '54a500c5-d149-4507-a8ee-3e7cec5b7da5'
 '585e24ca-a612-4738-8656-ad28231030f5'
 '65ea9da7-57c7-468a-8885-7994d78c9cd6'
 '68779c83-a8e0-4038-aae0-ed141f362985'
 '6bd5dacb-9173-4315-a76e-0d9d0ed25f68'
 '705e05ed-d10e-47ab-8950-6b56bdda44da'
 '748964e3-0f9f-491a-a57e-58d688c138f7'
 '7aa35d0c-1f7d-40fb-975f-f88f862dca0c'
 '8337c73e-5c72-4c72-a652-69e897bcc9c4'
 '87671a23-8bd3-4670-8b8e-aa54e8f0f4d2'
 '8d10cf4c-8e69-4cd5-8a56-6e8f6a8f93df'
 '8d4de649-c207-4afe-927e-9304f2c2e4e9'
 '95ba6336-8030-46ad-9715-c18794678663'
 '9f8d8f0d-6d2e-49f8-a85d-285927e57119'
 'ac6c895f-9f74-4b17-b845-dc32b343ba73'
 'b0f6cae1-8f6f-4ba0-8c31-d6edbb1f7b76'
 'b15662aa-f541-4f80-b6eb-9ff1e11adef2'
 'bba1e676-ebe6-40e8-9dc3-17f5e2962d29'
 'da008692-b2e9-4266-b157-67a18ce8edf5'
 'f27596e8-907c-4ce4-8c54-8128c71d8468']","['41bd25afdc1cce74b36dd6db5e44e91354172fda16475ab6a3f6cf99bddc720aa91cb56b5ea1b1c4774c8c97017d6bb03c52ba2676d7cfaab1c73fed8ab82912'
 '6a1a5132f360531b1174e0eac2b2c5b6ece3b0771a8037231306baf0af8e8ca23de435f581fc62d6794cab81a5dadf3235b66eda56c331a0043621c688fbe302'
 'e498566a78d36b3ce13304157993b9b4269045840f1d63663ab07328cc5c6a9ebc15f47c9ae340cbebf706bc8faebd35ccc4f11ae0aa4cb9a223345224329757']",2026-08-11,22
c652aba0-a4d8-4fab-ac06-e27e7146c336,6,6,0,-1,[39 40 41 42],Community 6,"['b17b43ce-7c2f-4318-a096-7f261d88149e'
 '58d74247-6800-4432-9ef4-cca606e101b4'
 '84ca3234-c61a-4d37-9184-a1a69d14dd3f'
 '91efeed0-89d2-4170-ac3c-5dbad9f25e79'
 'd5cee6d2-0209-405a-b32b-d5e726d58a21'
 'feebfd8a-4154-49ae-9f19-a4c01ba92a1a'
 'cfa51b8b-063f-4cf7-af66-cf9c585c7751'
 'ed02ef1c-e1bb-4425-9c71-5212c1aa707f'
 'f6476c5a-72b3-422b-8307-ff7f85575a1b'
 '9cf52f2d-7ffa-4530-81db-16cd422a455b'
 'eba23d27-3643-4332-8b50-c7dc452ef6d0'
 'c845854f-4012-432a-918f-a1dfa5c810b5'
 '81357c36-8f79-4101-8d43-fbb5e4e8b1bf'
 '5ae342ab-51ce-405f-8bb7-0d74298a51af']","['1b8b244b-8a38-498b-a26c-c8d2d5c03964'
 '243e830c-9664-461c-be6c-515f62a8a3a7'
 '304c185a-3a69-4c39-b7cf-290f305da8df'
 '33eacb09-49e0-49d2-a984-94156961d908'
 '61d7a4ff-91d5-45be-befd-fd0f9169e24f'
 '721ebe3d-636c-49e0-81e3-b1327d1dabd7'
 '78d23a67-541e-4cc5-b9d4-11081af1ada6'
 '7db75b49-570e-425d-b62d-725de0a15a59'
 '986357cf-bd9d-4bbf-9bdc-4b549c95505d'
 'a2900be2-053a-458a-bc29-194c04fa6cfd'
 'a2bf4d2f-8fd9-4567-8000-e234f60b876d'
 'afdb4a0f-a1b0-4145-aafc-19e845f8ae71'
 'b94098a4-84e5-4bcd-a911-d434210af85b'
 'c5ab036d-d79c-4d96-927b-25b04b9cbe37'
 'f9abf0e0-5f04-44e8-8edd-98b7bda70694']","['05802f69e17001a506260c74ca400f6a1368fbf0132720e670d13ffd39c31d615ca94e0ffc071332bd317faa48542bde7970720b9f035d496136fc5d6bbb8ca5'
 '06c273ec9919eb4693462fdacebd50536ccdcf47bacc47b2b30c8a69005636b654b4919dc579696a4a7abbde4a00511a66f0c0be040f4ffc907fc316bee009dc'
 '2d9fdebd364caf6ea226dc0ee6624e0c2d54fc65848a9cd18f9b868675333d5be302c20a6cbb1b4f9503e536f5051a60a8783cd3657ab2cf1f9daf65be366c76'
 '6a1a5132f360531b1174e0eac2b2c5b6ece3b0771a8037231306baf0af8e8ca23de435f581fc62d6794cab81a5dadf3235b66eda56c331a0043621c688fbe302'
 '9ce049a98570c6bf53cf9e547168db075af2795fa519422bd27a2c9aa5b490c4b26aef25883802c4d8eb6e4dcb09c866e7d31677352f7beb6c4f9fcbbcc75e9b'
 'dafd7f2f39e49c87969ec1360e9fae0af9de6f290655205c8c120dd24dcc85da04f0536237f7f9529d31deed892d5abae3b8f58fb66ae9e497327f23b1e6b750'
 'f9e54ba797ff2b80a5f0e5f24e3901236ac4130e4e84d01615e67bc810b290cd5ac7c08f71a782797073050d512eda2695c3659569deba0d4bd5c3ab6195784a']",2026-08-11,14
8bd360ed-0e67-4725-972a-a7f7d39abecc,7,7,0,-1,[],Community 7,"['79eb3eb3-1463-47cd-8d17-fc88db8fc04e'
 'fa13b6cc-4a97-4192-b24c-927aed9dab46'
 'd7641362-1759-402c-8b1b-498bc220c6fa'
 'bd057350-a765-4080-9691-4d41e2d6a7ca'
 '30bca628-e3c4-4fce-9ee1-eff763de3a71']","['606c4adf-389d-485d-8265-046be9f4c96a'
 '721b9b7c-3475-4e8d-b30c-769eac516060'
 '7fb2718e-9c77-4181-a2f5-145b87bbd832'
 'ca3833f4-06ea-4295-a372-4db0182ccd00'
 'e8564ebe-0e40-4e7b-a86a-b7b9ad7a955d']","['05802f69e17001a506260c74ca400f6a1368fbf0132720e670d13ffd39c31d615ca94e0ffc071332bd317faa48542bde7970720b9f035d496136fc5d6bbb8ca5'
 'f9e54ba797ff2b80a5f0e5f24e3901236ac4130e4e84d01615e67bc810b290cd5ac7c08f71a782797073050d512eda2695c3659569deba0d4bd5c3ab6195784a']",2026-08-11,5
a6f26b05-c9de-490c-9ea0-15df9f92ff00,8,8,0,-1,[],Community 8,"['feb22eb6-cb30-472e-9343-ea6e5667c019'
 'faf121fa-0a76-404b-9946-e3c9f486fd92'
 'a0a0fef8-1753-4e7c-8c19-f4c861bd8b85'
 '0be6af7c-db4f-4909-a707-53a540e5e6fe'
 '90f97473-1e95-4015-88a5-0b41df69053d'
 'e8d09c7d-5b02-4536-859b-adc31ce5e21b'
 '8b45b8ab-81fe-4f97-80fc-5145efb7ac44']","['16fcb77e-b662-44ae-99b9-0f1b2eec3f66'
 '255b7c4c-c263-42c2-8a51-d48597abd19e'
 '7887cf55-780f-4a6e-a5f6-4a7a4420598f'
 '7a47a214-d895-4b71-82a3-165dcbb15b94'
 'c4b35f48-ef64-41d0-a685-701fe1f0bd0c'
 'f56a5325-6f56-4ead-9c5f-e90271f67d61']","['06c273ec9919eb4693462fdacebd50536ccdcf47bacc47b2b30c8a69005636b654b4919dc579696a4a7abbde4a00511a66f0c0be040f4ffc907fc316bee009dc'
 'dafd7f2f39e49c87969ec1360e9fae0af9de6f290655205c8c120dd24dcc85da04f0536237f7f9529d31deed892d5abae3b8f58fb66ae9e497327f23b1e6b750']",2026-08-11,7
0b609885-eff9-45c4-aaa3-bd7ac82daeb2,9,9,0,-1,[43 44 45 46 47 48 49 50 51 52],Community 9,"['4b33c7d9-0d87-4151-b0a4-b51575cee2d3'
 '2e5aded7-20b1-47d6-b712-3e51d1dd69c0'
 '77bbf890-2cda-455a-9386-124a78b8c628'
 '42d6c988-26ee-468c-8f7c-d4b2675318d7'
 '238d4fd1-9ab1-490d-8942-b293da6b84fa'
 '589135be-da0c-4065-9498-2c1fcb1b55ca'
 'f9562370-3a6f-48de-b989-e4ed4f290910'
 'dd45a237-cfcd-4b30-84d8-ebdf529d6f68'
 '8493bf89-6f3b-4f9c-8fe2-15c877812765'
 'db819666-20f9-49ea-8f68-736211661646'
 '0675cfdc-b782-4754-b28f-a9e1b2beaa94'
 '86fa5f94-0db2-4a5f-8d24-d32bb067610b'
 '8ec98034-a58f-4ebf-9566-88dc90b71f0d'
 '79c0fa4d-9d68-4419-9342-8ec8c6185757'
 'e25cc365-ea6d-4224-b044-cd26e3df9e41'
 '8327beae-a288-43ef-b192-d2dcdb29fe4d'
 '6ba94f5b-0c76-44a3-ab96-e8f8ce95a915'
 'c07261aa-e6f6-461b-af19-f690cb6055eb'
 '4b1c9fd4-f751-447c-9931-374b49348838'
 '3bbb8782-526e-4056-b1a4-2bb1239547dd'
 'e6197e7a-7d11-4476-8441-1cc68b5bc6d5'
 '27239aad-e7b2-440e-9772-d8c40d2973e1'
 'ca9305fe-0cfd-4d88-980d-62d273e5400e'
 '7684be2f-c72c-4112-9013-02fca7aceeb3'
 '49be98a9-80d1-494c-a460-999afd0571c3'
 '4d5c53f1-d760-4ea2-9aa2-41ae887bffc0'
 'a8a64bbf-5332-4bda-ae08-a07e3348084a'
 '010d9f9c-de88-4362-9eb0-33fe426f3b50'
 '3273e76d-a8fd-4c75-ad6b-d89b6a4658a2'
 'bc5a8db0-970e-46cf-8e04-747dd2daeb83'
 '3b926070-fa35-4f04-ba30-185a40c5d707'
 '531e7dc4-15f1-400c-a64e-a1a2ca7ead5f'
 'aefdc24e-423e-4b85-8c3a-27f9034160e2'
 'd01826ae-4f99-41e9-9d8f-0d094eaedb40'
 'b4127834-2262-472f-b306-388900422cb1'
 'd759a3c9-1694-4a7a-8094-54e44cb8f3a8'
 '06270b32-ff56-4050-ab3e-1c629bd693ec'
 '94b01d40-d12b-4e48-a950-0edd10bd7c8c'
 'f13d6c9b-3ff9-4a8a-9367-adfc3745c7d0'
 'dae06b71-5c10-481e-99e8-ec173c228c48'
 '71cbdeed-02aa-4971-b8ef-baaf2b7353a1'
 'f9673160-77be-4736-9b18-28313fce3bb6'
 'eab209c1-2297-483b-bd7e-035f6b22cb31'
 '26789a0a-4f07-4b6e-8f45-a5cceb56be80'
 'dc067fcc-4c48-4a2f-8830-d0bd3fa46f23'
 '8baa7f3c-b0dd-4897-accc-0a9bec50229a'
 'e7c83ff5-c420-47e6-ac71-da465aea5cd5'
 'e2aaf101-7a91-45c0-b2c1-876a8457fdd8'
 'cf17daf5-37fb-4328-ad2e-54141a37c797']","['00b16aef-11e3-4ea5-a8d0-e6b048d15850'
 '0beb8cd4-daa8-49d6-b8e4-78ce48e93a3c'
 '0c056738-3cd8-4f01-a653-6b03535829c6'
 '12292cbc-4065-4bbc-a670-c8bc71195a4d'
 '14526fb4-730f-4316-b4d9-803a2f6ce902'
 '154ec2e8-2dc9-4b1e-b61a-a727fa8a3dee'
 '1622846f-60cd-4896-be12-e1e52307a532'
 '19844163-b3f6-4027-a53b-6ed1cbbb93ae'
 '1ad4e03b-722c-409a-bd63-b7f2be6028ec'
 '215b71c2-55fd-432d-b749-c8c3c8fc54d8'
 '2194252e-46fe-454a-a99b-4d531112f4db'
 '29e7e603-cab6-42af-a413-3e3fd3b65082'
 '333f2665-c1ce-4a87-87c1-02da5c2ba6af'
 '3676f5a0-32c9-4595-8195-54f507307dfc'
 '3a7ce18c-8392-46cb-88e6-deac568d7c6a'
 '3dc95236-3948-40f3-af58-e16651fa0238'
 '3e4eec19-ed73-4ddb-b2f3-60d772eae6bb'
 '402c799e-1172-4602-b2e4-1cbed978b686'
 '40e167a1-7e65-412d-8d68-9299e7ae6274'
 '4510eb5b-64b0-485c-8ae1-76bc49b549dc'
 '452ff8ac-c77a-42cd-aabc-3b56cc8d2db8'
 '46bc3d6f-77da-49b2-808d-6df8f285a064'
 '46d60292-08ed-4abe-a199-4b2e6a2baa80'
 '4816b7e7-c927-4c75-b19a-ce6780593984'
 '4bf35e0d-79fc-44bc-a065-0aca650b5e82'
 '52126fca-8315-48b1-a880-c138b97b7e14'
 '54aed8ee-e634-424f-a78e-1cd51e18bb50'
 '654616fc-03e3-47d4-b64e-4d2e6dadcba1'
 '6a680e27-b775-47bb-b0e2-ce4ce50729fe'
 '6eaeaac9-e755-4070-b5a8-73b30584e921'
 '710078e3-71d3-49be-a357-b64f8576c3b0'
 '768582f5-8358-45e9-9dac-2f3b87c212a8'
 '7688ce20-2913-47b0-ae5e-c6528e229a7b'
 '83de1846-c24d-473e-83c7-dc44726cbe1b'
 '84d4069b-3355-4777-b9ee-ec4e273ba8ec'
 '88b5f75a-7c4f-4aea-b51f-6779fa2baf23'
 '8a13f51e-8ba7-4e80-8dd0-e646538843cb'
 '8f2c00fa-eb07-4c3e-a09b-3702d67d6440'
 '8f9e0851-6cd8-4081-8f56-0507dc450fae'
 '91605cc3-d4b1-4feb-a423-2f6ab33cda49'
 '91d8fd2b-4a1c-4745-9a31-3f76d0f5a38d'
 '9b7cbe8a-5911-4f4b-9096-0a34e3d066fc'
 'a00f05be-cdc6-4edb-80c7-0be0285964ea'
 'a4c83ac1-19a9-45a8-8fd4-dc909a8b2a6a'
 'baa36105-8e97-4caf-a449-f4c585b1e15f'
 'bfdea9be-9672-4590-8624-e348ec87e564'
 'c0d11b7c-66f8-4240-a3b9-6bdacb3e25b9'
 'cf789884-2e98-4a81-b8f2-19857965720d'
 'cfe24204-c4b3-4cd3-bb71-4e9bb83ab96d'
 'd37f60a0-d065-45ca-b855-cca60107bf75'
 'dae3875b-a81f-482c-a3cf-aaa47e5c6e00'
 'e5de8018-19f8-464b-aa71-ab29aa61cb77'
 'f1ec4007-6e19-48d8-9085-b6fa9f3b2e19'
 'f3fcd2b1-af8d-48a1-876c-2392ec96bc45']","['05802f69e17001a506260c74ca400f6a1368fbf0132720e670d13ffd39c31d615ca94e0ffc071332bd317faa48542bde7970720b9f035d496136fc5d6bbb8ca5'
 '06c273ec9919eb4693462fdacebd50536ccdcf47bacc47b2b30c8a69005636b654b4919dc579696a4a7abbde4a00511a66f0c0be040f4ffc907fc316bee009dc'
 '41bd25afdc1cce74b36dd6db5e44e91354172fda16475ab6a3f6cf99bddc720aa91cb56b5ea1b1c4774c8c97017d6bb03c52ba2676d7cfaab1c73fed8ab82912'
 '50e06bf07ca2ce3a4e0dc0520305a36334e339dc022e32de2a78b62769102078202b01514330a1c4939e30fdb8f4d3884f790c7814b2e95e9bdb0894b3323a4e'
 '50fb8f6506c2271985ee7ffe42523d2eb06abbd85be8ea5021ae2d36d260f6f63d177e59ca2da764eeaeb4a953c841282dbf214859a753f968cb6e6cb86e0c72'
 '6927535991c09031efd0df39ec21591dd3bb460da14c01bc36d343f0078b726ed44d06a0c6bb518236ea61ed8c8b15365630cf185b8012e963898f2e117f7d8a'
 'd7219f76b31818b7b13bf08dda81003d752e53f7660831d5e201d105d2bc1fc19e8cc49ca6cd21e08570939d7fb3e87b45f0f5feb8575df195e7be8cbd3b6475'
 'dafd7f2f39e49c87969ec1360e9fae0af9de6f290655205c8c120dd24dcc85da04f0536237f7f9529d31deed892d5abae3b8f58fb66ae9e497327f23b1e6b750'
 'e498566a78d36b3ce13304157993b9b4269045840f1d63663ab07328cc5c6a9ebc15f47c9ae340cbebf706bc8faebd35ccc4f11ae0aa4cb9a223345224329757'
 'f9e54ba797ff2b80a5f0e5f24e3901236ac4130e4e84d01615e67bc810b290cd5ac7c08f71a782797073050d512eda2695c3659569deba0d4bd5c3ab6195784a']",2026-08-11,49
89f72392-625c-4a30-9e74-0986aab2c3ed,10,10,0,-1,[53 54 55 56 57 58],Community 10,"['a93b589d-a3c6-496d-b7f4-dc4dab9d58f2'
 '7d06c677-ced1-4eb8-98cc-b5315371984d'
 '07ec864e-a5c4-4112-8123-e9c65c9fb71c'
 '4cf0203b-b10c-408f-8c7f-4b72db40057b'
 'df22898d-f18b-4044-a473-6b3f2ce09c8f'
 '4d51dd2e-3af6-4c41-9e66-27543732badd'
 'c333924a-b78f-415e-a19c-60188234e7b6'
 '0d735563-da45-48c6-a298-7fb6977c5c10'
 '47120024-30ff-46fb-87b6-dfe22b8f665b'
 '7a931833-f46b-4728-8c02-9455d01a91ee'
 '789a4865-eee2-45b5-8e5f-6ba7692ff173'
 'd80ed1df-9a3f-4855-ba12-34f4623a092a'
 '5973be33-cc7e-4e61-bb7a-611fb4b8f9b4'
 '82f75c95-4fd3-41de-ad1d-0c925729a052'
 '04280f72-d3db-4cfc-9f2b-3daec419c32b'
 '4661c04f-c35d-4856-93fe-0d3308941205'
 '800368ab-ac88-4bc2-82bf-426edf8ed0b3'
 '1bef4a63-c28a-4481-a56a-2600419b0b93'
 '122b4094-e37b-4da4-ad70-7293872867e5'
 'cb2b200e-6cb3-4d74-975a-d6f24fc52e26'
 'aae9ebd7-06e4-4d80-ad71-91a610c3c5c9'
 '3dba0ebd-0abb-4c75-9b2e-1ebe3fbee222'
 'cbf39467-63ee-4900-a556-c5baadaa2776'
 'c63f6acc-7577-4908-aa88-cc7cf7477ecf'
 '0b118028-d1c3-4979-8187-4fb315332d07'
 'd811fa1b-d1f3-46f1-8dba-70bb682bca2a'
 '3a83d518-d26d-41eb-a679-7e941976ac32'
 'a5525e1a-4752-43e9-a52e-702ebe9cd830']","['0fdde696-bf8d-42a1-91d6-c11b082770e7'
 '102ca28f-a66f-4570-95fa-bc238d3f2a97'
 '20d67495-3f41-4eb8-9625-6406596d6ed8'
 '272fe630-2470-44f8-a7ee-9a2c3df92293'
 '32bd09e5-ae2a-416c-879e-db94eaaf466d'
 '37d55ce9-52f8-4fda-82d7-b7b636039aac'
 '40d9d108-02dd-4f36-bbb0-c76ff31a664a'
 '4c941fa1-a867-45dc-83c5-4f6dfecd122f'
 '4d701f8c-3dfd-44a7-976f-5b5ed8693e49'
 '5e3115a7-ca65-4f73-8226-57757382c40a'
 '60327a2b-71b7-4ccd-9d6a-455ca6f41b78'
 '6564fc45-856a-4aaf-9880-7524a30a0533'
 '73b361eb-e2e9-44fc-b23a-9bb108812a0b'
 '7797ac22-a137-4808-bfd7-0e9ad70cd04d'
 '879dceb6-fbdb-49a5-b507-746ae0c3dd98'
 '890d84f2-4296-48a8-9489-f9bd6a7d2dab'
 '9a407f72-4862-4dac-b6b9-e411b2ccea13'
 'a3a484bd-637c-4adb-97d9-e7d57aaea817'
 'adbcff05-83f7-4ca8-a708-5ba054848804'
 'bc3479fb-3669-4f0d-a64a-a03c6de0e1eb'
 'bd39c496-7ad3-4bab-aec4-00fe4881b175'
 'ca9217cf-03f7-45d0-bd15-a24e6c8f2bd6'
 'cd4659aa-b65c-455b-9aa9-4f2145f242ea'
 'ce9f5f92-a02b-40e6-9e2c-aa6df07982b4'
 'd94640cb-067c-4cb9-9fd1-afdc6fae2650'
 'e8eff8b7-abd5-4a9b-93a1-71b90b8a2fc0'
 'edb3fad5-db3f-4efb-b3c9-57c990eb636e'
 'f29e5f28-f098-488d-ad75-cb3eb2b2362e'
 'f8e27f05-75e5-4145-876b-02e194f97363'
 'fd636566-f4ab-4530-b25f-ebed9e719324']","['05802f69e17001a506260c74ca400f6a1368fbf0132720e670d13ffd39c31d615ca94e0ffc071332bd317faa48542bde7970720b9f035d496136fc5d6bbb8ca5'
 '06c273ec9919eb4693462fdacebd50536ccdcf47bacc47b2b30c8a69005636b654b4919dc579696a4a7abbde4a00511a66f0c0be040f4ffc907fc316bee009dc'
 '2d9fdebd364caf6ea226dc0ee6624e0c2d54fc65848a9cd18f9b868675333d5be302c20a6cbb1b4f9503e536f5051a60a8783cd3657ab2cf1f9daf65be366c76'
 'd7219f76b31818b7b13bf08dda81003d752e53f7660831d5e201d105d2bc1fc19e8cc49ca6cd21e08570939d7fb3e87b45f0f5feb8575df195e7be8cbd3b6475'
 'dafd7f2f39e49c87969ec1360e9fae0af9de6f290655205c8c120dd24dcc85da04f0536237f7f9529d31deed892d5abae3b8f58fb66ae9e497327f23b1e6b750'
 'e498566a78d36b3ce13304157993b9b4269045840f1d63663ab07328cc5c6a9ebc15f47c9ae340cbebf706bc8faebd35ccc4f11ae0aa4cb9a223345224329757'
 'f9e54ba797ff2b80a5f0e5f24e3901236ac4130e4e84d01615e67bc810b290cd5ac7c08f71a782797073050d512eda2695c3659569deba0d4bd5c3ab6195784a']",2026-08-11,28
552a15bf-2916-43d2-bd6f-8c0d03f4bcb8,11,11,0,-1,[59 60 61],Community 11,"['ade05329-22e9-459a-86ef-fad8af25fda2'
 '569166f8-5032-42d1-8693-bc018403575f'
 '5c8bf3a7-3a7f-45d8-b177-a92ea0295cc3'
 '91da723d-31d7-4ab9-9781-ab54e01d2640'
 'b98522a8-2019-4285-9c4e-83dab37802d2'
 '98ec393d-5537-4d75-ab04-9c9a118f5347'
 '55482b08-5911-4949-b4b4-af024dd32a13'
 '8b0438b3-4900-4266-b6ee-3264edb8c316'
 '03d073af-ca46-41dc-9726-68bdf66aa0c4'
 '6a238af9-31d6-4631-82aa-83d7f51af1db'
 '48b06bd9-fced-463d-97f2-c40c8930975c'
 '87d98bad-8711-4fd2-b5e3-b309c7f38fa7'
 '2e3f01e1-5f30-4ca6-b136-680001c75109'
 'f8898649-b765-4a26-bce3-e42e673bb209'
 '70746748-5b12-4d2a-bf88-9f90751047f7'
 '3a4a1672-b14c-4f0c-b398-4ed1ed3ba8ac'
 '634a0df1-becb-4f65-82e4-f0595fa26068'
 '6f866ada-85bf-4c6e-897f-0c270765003a'
 '467d4c78-9e81-43d0-8b70-26057b871a0d'
 'bf2a2be8-e271-4497-b7c7-6f8dca429cb8'
 '447d77b3-b4fc-4ba3-86eb-9d2333dceee2'
 '2d80605b-7cb6-43f8-86aa-1022be24fe02'
 '5d8074b3-fca6-4685-b8af-4d657fb5dace']","['08ce5a72-7134-4796-a0ba-6df22303219b'
 '154daf40-b60a-4ff8-948c-f645f35f510f'
 '17766461-73a2-4bcb-bab1-3e2ff2cce0fa'
 '2406cc27-4358-44c8-92a6-90071f53e048'
 '2af10e2f-537e-4838-9c94-06b9508cfc01'
 '300b33ac-7178-4308-8cfc-fd8484808c71'
 '3f542105-1c88-4563-b702-ad60c5018963'
 '46738e5e-13ad-460a-b118-ff13f2b937bd'
 '4d774d97-2e43-41fc-bd43-2754760a5804'
 '530e5569-3f8d-421c-833c-3a87f5e234bf'
 '5b3d139c-8b85-4b97-aa45-d36e323f6595'
 '662e18b4-cb8c-42f2-be29-fe0020c67692'
 '793dd9b1-0253-4e37-8211-01b7aa0fda43'
 '8490100b-a076-4be2-8346-67878d8b7710'
 '8d902afa-80bb-4e46-8dde-5d131102c14b'
 '98b953e7-c378-442d-ad87-1d560607a1e1'
 'a7063097-b734-444d-b145-f6e6395d3ccd'
 'bfaf1bb7-604c-4749-a40e-a8cb3c8fd7f0'
 'ce023fe3-d812-4cf1-9233-90a33743c9d7'
 'd64b6003-1fab-4d48-b6e6-de2f7726affd'
 'e1f703f6-120f-491c-ba74-a247e34e2fa7'
 'ed4fcb9e-d0ac-4261-b9c9-12baad35bff1'
 'f716e4af-ac64-491f-b73b-53d3a28bde66'
 'fec64653-f707-4dd3-a1d4-09bc4ab66712']","['41bd25afdc1cce74b36dd6db5e44e91354172fda16475ab6a3f6cf99bddc720aa91cb56b5ea1b1c4774c8c97017d6bb03c52ba2676d7cfaab1c73fed8ab82912'
 '4d221520fe7090409cfa9cda598db30683356c340ab3584a063ffe92486f2fe7225fc056f8b997f085ff0c0f7475828879fa678b7b1709148cb03584b292dab0'
 '6927535991c09031efd0df39ec21591dd3bb460da14c01bc36d343f0078b726ed44d06a0c6bb518236ea61ed8c8b15365630cf185b8012e963898f2e117f7d8a'
 'e498566a78d36b3ce13304157993b9b4269045840f1d63663ab07328cc5c6a9ebc15f47c9ae340cbebf706bc8faebd35ccc4f11ae0aa4cb9a223345224329757'
 'f9e54ba797ff2b80a5f0e5f24e3901236ac4130e4e84d01615e67bc810b290cd5ac7c08f71a782797073050d512eda2695c3659569deba0d4bd5c3ab6195784a']",2026-08-11,23
6a5445b5-c506-4edd-8d7b-f32d63d0cc2e,12,12,0,-1,[62 63 64 65 66 67],Community 12,"['2176c9e5-6769-48de-92c7-136057339dd2'
 '959fab6f-9bc3-47e5-b64b-b24b28248625'
 '3e24e4e1-3ba2-40e9-9be3-55e4772fe719'
 '32e85cbb-1796-4db5-af13-19e865dcf23d'
 'eeecdfd2-8eb1-4083-b408-c4cae83acaa3'
 '3030e7ec-5e56-4df0-a537-ccf0b624719f'
 '3b8c61cf-3b02-45b6-9267-a490a9b08d4b'
 '01b1b712-97e2-4ea9-ba72-8b0a4f063711'
 'ca70e2ee-d5a6-41a9-bca2-a5beadbf9576'
 '42c060bc-fe0d-4104-9fe7-84e1b07f46b3'
 '91ac51b1-4daf-4401-9a98-3ba14646a738'
 '7d019074-2c16-4792-b47e-7e8cfa335936'
 'c52ca160-733d-4f01-bc20-b5cb529fdbe1'
 'c1691b65-8986-4560-9680-60064a207815'
 'b4567e77-f470-4326-b869-038e7a6a880a'
 '6b3b6768-14a9-424e-ac4c-ea7b7f24d765'
 '5c0a791b-d8ec-4f5a-bdae-10f247186515'
 '21edf77a-8c03-40a2-a00c-e757f1ac4c88'
 '32ebadfb-dfa7-47a0-9bb1-80a4f30c65f1'
 'e558c833-653d-464b-941f-91544bdc87fa'
 '9bc0a635-6435-4ec5-a40b-698ec3c5c48d'
 'de3e1f91-47c7-4a50-a485-e9a5352cecb2'
 'a5f31acd-c9e4-4c00-8900-a4761e489ed2'
 '0a2beac5-3000-4bbb-942b-b85a4564b411'
 'f333de89-a892-4801-9ab5-7aa7d11d1f6b'
 '1bb3e7c2-21b3-4a0c-b149-b6b82486a9c8'
 '1c8b1eed-872d-4f66-ae50-901bf719349d'
 '52773a69-30bf-4948-8546-af49a4dbf32e'
 '9b617d5b-5f56-45cb-a188-b90b8b119057'
 'c7cdbd0f-1e4f-4eb5-a189-7427f845545e'
 '78960357-c1a0-4e23-a7af-a914283a4383'
 'fc8d800a-3114-4d13-a39d-070dcd095528'
 '2ddeb82b-ffaf-4b7f-9f99-8b62df80aa08'
 '2b047781-a5c2-41a1-8eb7-52d2631794d7']","['047f8304-679a-4f5e-8f86-68f997ad51da'
 '066ec1c1-3b30-4f9b-8191-fb103150e09c'
 '0ac798ef-4e6a-487d-9615-c27e121cfaa9'
 '0fd0764a-b64e-4fec-8296-51920ee742dd'
 '10b32743-a5e6-41fc-8f58-59ecfcfa3950'
 '17f2a24d-5980-4cef-bdc6-bfeafbd92e25'
 '22fc3157-fa1a-4945-a6de-edcd4d6d6e0d'
 '28c3fedb-3539-4ba3-89c2-8d32e60763ce'
 '2aba7b0b-3a3f-4ea5-8f51-aac957ef349b'
 '2ae38197-1a9a-42be-8007-156af0095f26'
 '2cb6d42b-1152-4d24-88dd-3d9dc046736c'
 '31ae50f2-f827-40f2-ad33-715d16e3fe84'
 '31d805be-f4c9-4608-aa67-75ffc17968e3'
 '4c8c2e97-9bed-4d2a-9115-837ca7a06795'
 '5128593e-5799-4a13-881f-2aad05eddd57'
 '54195639-6700-4bc6-8e41-573301569e84'
 '5a1e1c51-2946-4997-873d-31073cfaa6a5'
 '65d86b4d-0d59-4464-b55f-c17c5ccddd84'
 '6a1fdd6d-61cf-4763-835e-e28e98883ceb'
 '6aae0fe7-819c-4012-9874-3ca4080b35b8'
 '7944a4e2-0426-4489-946f-3ccb62cf21e2'
 '8320ef95-f188-420a-b050-ac087693577f'
 '83b60c4a-0f3c-4873-b630-f085419c2179'
 '89548f4e-edd4-4e5b-a21c-69775cf0177b'
 '93113988-fa1e-4c77-b08e-1c5fff355240'
 '93cddba9-5497-40fa-9b4a-11616d15dd53'
 '9c3a4c16-ea89-4abc-bcc4-104a95640a65'
 '9fc52af9-09d4-4dec-aa68-5559b7699828'
 'a4419509-17a4-4eb7-b946-dbaf5175e452'
 'a6a50054-afbd-4611-8972-5ed1572fe8d9'
 'ac68297e-2769-49d5-9bf7-4f064d13bb36'
 'b24aa41d-c07a-4eca-ba0d-562cba3424fe'
 'c8a13dd0-7359-4bbb-8949-b01ca79bb43a'
 'cb2c5582-35d1-470c-bb2f-619e52cf0c6b'
 'e017fa29-149a-4e01-bd79-d26a852e9f08'
 'ef914065-b6d2-4a28-8580-efb29a2e3815'
 'f5da404e-326a-4d24-80f0-d18366e66304'
 'f6938c16-9a77-4853-b5d7-2f3d65be50bf']","['23663988970639bea940978ccbd9150fd292856f2f31a1d587392606a64713d5dfeade66f1beea67d1cc0b0e93012337685e0eca3267f98c1695a466657a8b24'
 '2d9fdebd364caf6ea226dc0ee6624e0c2d54fc65848a9cd18f9b868675333d5be302c20a6cbb1b4f9503e536f5051a60a8783cd3657ab2cf1f9daf65be366c76'
 '50fb8f6506c2271985ee7ffe42523d2eb06abbd85be8ea5021ae2d36d260f6f63d177e59ca2da764eeaeb4a953c841282dbf214859a753f968cb6e6cb86e0c72'
 'd7219f76b31818b7b13bf08dda81003d752e53f7660831d5e201d105d2bc1fc19e8cc49ca6cd21e08570939d7fb3e87b45f0f5feb8575df195e7be8cbd3b6475'
 'f9e54ba797ff2b80a5f0e5f24e3901236ac4130e4e84d01615e67bc810b290cd5ac7c08f71a782797073050d512eda2695c3659569deba0d4bd5c3ab6195784a']",2026-08-11,34
1bdbb739-efc5-4665-832a-b359935744cb,13,13,0,-1,[],Community 13,"['f08c43a4-421d-42f6-921a-4d8d713e4d88'
 '96f511af-72e7-4531-bd04-fc9fe94cfd1c'
 '53fd2ec5-57ec-4a48-87fc-fb378dddc26f'
 'e28a08c4-21e6-45d5-88be-8618f4c4909c']","['50a40d9e-4e40-4582-a4b4-7ed870ae54b5'
 '8b9abc3a-d911-490e-8d39-225e3af33293'
 'f10021ea-88a5-44df-a105-a5017becc9de']",['e498566a78d36b3ce13304157993b9b4269045840f1d63663ab07328cc5c6a9ebc15f47c9ae340cbebf706bc8faebd35ccc4f11ae0aa4cb9a223345224329757'],2026-08-11,4
52e6da38-7fd8-4289-91fc-827708b7930d,14,14,0,-1,[],Community 14,"['2d14bc0b-0e09-4605-90dd-86074e1eb061'
 '0530cbd1-2c75-4fe8-b6b4-9907de9dc6ad'
 '8246622e-7c6d-4c31-b752-491fdd0f982c'
 '57eaab28-2aee-49b3-8e6b-42e4586e6b84'
 'a0d255b7-fe52-46df-bdd3-b7c3d5be5bc3'
 'f33ea495-f82a-49bd-ac3a-d83a304f7f41'
 'd1de7a08-5158-4715-8e95-736f0feeaa9f'
 'c10310bd-bf18-4e68-bb73-99614faf1df9']","['0f7b8d53-b1cc-446c-8fe6-8ed1fa271187'
 '47929373-5664-4c31-8797-6a9fe7c8c047'
 '532ff14d-b9ff-4c1e-8f89-c5b6c229e98a'
 'b380e469-f529-4ad9-956c-fb24163f841e'
 'badc98a5-2a83-4c3e-ae7e-54a7f5871aa5'
 'c050aafb-aa29-49ae-9c7d-faf38eccef1f'
 'cab795c4-18b0-4199-b8b1-b8b996fff150'
 'ce944c0c-c42a-4332-baf3-18ef5048bc10'
 'dfc66cae-b7b0-4229-aa05-9629d822d852']",['9ce049a98570c6bf53cf9e547168db075af2795fa519422bd27a2c9aa5b490c4b26aef25883802c4d8eb6e4dcb09c866e7d31677352f7beb6c4f9fcbbcc75e9b'],2026-08-11,8
e85ccc12-8d88-403e-b2dd-84b2147b0a7e,15,15,0,-1,[],Community 15,"['b3ff4e19-f9af-4ceb-a60e-8366c22a64b8'
 'b3ac3cfb-8880-446e-9c71-95768e632724'
 '7a12256c-2bee-4f84-bad4-3150f9690a65'
 '72ff1dfe-8e76-4114-a4f6-d4de065fe46c']","['6f149ffc-b9d6-4b87-920a-843daac512ba'
 '837b0853-0770-426f-b982-e36199e07351'
 '87ff85e0-880c-4487-8693-ff48ddcf6281']",['2d9fdebd364caf6ea226dc0ee6624e0c2d54fc65848a9cd18f9b868675333d5be302c20a6cbb1b4f9503e536f5051a60a8783cd3657ab2cf1f9daf65be366c76'],2026-08-11,4
a2f27768-7bf5-4703-9c69-62b67a355074,16,16,0,-1,[68 69 70 71],Community 16,"['0df3828a-402f-4f45-8a02-2db4e4fdaedd'
 '98d9c16c-7e59-41d2-94c8-55173fdad304'
 '49afabc1-e538-4797-9176-7f39b5034b2c'
 '2d7c58dd-6058-4638-bf81-9457449617f0'
 'a3ab0a8b-a462-422e-b8fd-c9c7d6136d6a'
 '04ae219d-8bdf-4852-aca2-c0712a5db6a8'
 'ae1b2694-00b5-480b-a4e1-0a7fe6f045d2'
 '4b02260a-3569-4d23-a1a1-f555ad482ccc'
 '3a2a0437-21bd-4206-908b-57d11df6a794'
 '350eb20f-9bb4-402e-8345-45e5a4677c50'
 '237f980f-4e18-4f45-b4ee-4b3ca451ea39'
 '39058605-92fb-4d06-9289-dd8ed7103aee'
 '6e770d94-7567-48c1-ad56-3cd9b9da17e9'
 '29ce3433-8dfd-4678-a0d0-0d21eb3bd7c5'
 '4d1ec200-008a-4e1b-9108-c9787ae031b0'
 '01382c26-b28e-45aa-ad19-bf5bf1b65ae4'
 'b8a59031-bdca-4dbc-828a-34570d9356a8'
 'f87b1ef8-0a34-48a1-b2a7-06f39039a543'
 '8899e14f-97e0-4a95-83e0-df49376c01dc'
 'b15a377b-9858-4069-b344-0800e6971e4f'
 '7a8cdea6-eaf2-4b8e-bae2-5ba783ee1b44'
 '4c39fe9e-8146-4410-ad8b-352381a473e2']","['012b2b5f-2cb9-419e-aa75-2d2259fd37f3'
 '03d90b7e-b6c9-4e0e-ac89-68a448e3114e'
 '11bb12bc-4d11-4822-8599-4e4ca2a21111'
 '14797081-a75c-432c-b65c-760e075ae882'
 '15ca2f6c-70b0-40d7-be3c-d3c7b2d4fc96'
 '1f7f5e88-4b9d-44d2-a042-21a8a2621ee1'
 '378533b6-4953-4ce3-9d23-2e75bba47bac'
 '4a6d0aae-7191-4601-859d-ec91baa2e7d4'
 '4fe919bb-d980-4c3d-a77e-555dcedc2103'
 '52fe16a6-8750-4050-91d2-10ddf606e35b'
 '5baeb6fa-3dff-485d-94d3-cda217da8c8d'
 '62ff8980-e447-40ee-a8b5-338925b9b810'
 '8663fb46-ebc0-47ec-946d-4908abed1672'
 '8b3ba499-6e33-4a03-9901-1cd9c74dcb3c'
 'a22feef3-0735-4963-95d2-a7f7e91a4849'
 'a674aaba-e01b-405a-8981-ac71f8a7e939'
 'b21b1afd-9360-4f09-bd5f-296dbe27712c'
 'b71254c0-edf3-49fe-ad51-d1fc32c7c85d'
 'bb23d409-e406-4cbd-846d-ab4827b1671c'
 'cb2e40f1-0b87-4767-b46e-4caa08bb60cc'
 'd6573016-2a3e-4161-aa83-b9e971e47fae'
 'dda70c4b-3af8-420e-8fac-7e1480c52acd'
 'f1932e86-685b-4122-86c1-923a0b828343']","['06c273ec9919eb4693462fdacebd50536ccdcf47bacc47b2b30c8a69005636b654b4919dc579696a4a7abbde4a00511a66f0c0be040f4ffc907fc316bee009dc'
 '2d9fdebd364caf6ea226dc0ee6624e0c2d54fc65848a9cd18f9b868675333d5be302c20a6cbb1b4f9503e536f5051a60a8783cd3657ab2cf1f9daf65be366c76'
 '50fb8f6506c2271985ee7ffe42523d2eb06abbd85be8ea5021ae2d36d260f6f63d177e59ca2da764eeaeb4a953c841282dbf214859a753f968cb6e6cb86e0c72'
 '6927535991c09031efd0df39ec21591dd3bb460da14c01bc36d343f0078b726ed44d06a0c6bb518236ea61ed8c8b15365630cf185b8012e963898f2e117f7d8a'
 '6a1a5132f360531b1174e0eac2b2c5b6ece3b0771a8037231306baf0af8e8ca23de435f581fc62d6794cab81a5dadf3235b66eda56c331a0043621c688fbe302'
 '7a01190bcf30936758d004f89d7553c62632e91427f92e6420a9e453f2c5d92ab18ae9e62c46bc28aeb398621b28cfd3af89bf2317c887a5eec276b5b7a51052']",2026-08-11,22
ceb0770b-0456-4715-a9a1-dc256ba61eac,17,17,0,-1,[72 73 74 75],Community 17,"['8dbcef30-7b4c-4e69-8f75-de7ad1ec64bd'
 '09835944-04a4-4b78-91be-7ff07e42d616'
 '1acd5f1b-4765-47fe-9f98-dfde96b7ec03'
 '657d1547-7f80-4da6-905b-00e4788729b8'
 '901566eb-201b-48d6-a5bd-7e739b37610c'
 'b65ee9b5-126e-403d-8a24-52fda44eef69'
 '77fdecc1-34f1-4297-997b-17d3f8b4ab04'
 '9bef16ca-58af-4d57-a415-ce008593b127'
 '3b5a8917-fdcb-44d0-8002-5359dd637ad1'
 'd8da65c8-81a9-4c69-8ade-9616b6b39d58'
 'b6239998-939e-4d0b-8a28-d9440dff6423'
 '90c1daab-4d16-4e44-afc3-51cb5a12d9cf'
 '883b45dd-056d-4e12-9f25-5bae82b21f6e'
 'fa56d5fe-a005-4d2c-8cc2-a4fc909dcf02'
 '13766033-61a5-407b-a113-eda732c73b57'
 '673d5992-57bc-4201-bbe9-d700d004c2bd'
 '74aa8467-d48f-4543-b54d-c07206afdda3'
 'ef46271f-a344-46b5-9213-402983f9a2f8']","['0409d5c0-7f07-4e85-accd-ddc457811082'
 '0bce5d7e-5e9f-4a75-8fd3-964e0495781d'
 '11934b42-6d05-4846-9546-24246eddfa3a'
 '154e64ae-c2ed-4599-b868-291fae4567b7'
 '34e4f445-7d43-4666-a6ff-f2d3e5c7ebe7'
 '35dc0bc2-af14-4800-84a6-7730a2999f80'
 '4af4dd37-738d-4351-9390-ceda0fa3a26f'
 '6ab3ad09-158d-4cde-8a07-010e49b7a299'
 '77ca0923-a697-40b1-9fef-4ce6d586a265'
 '7ba2a4c8-5883-4265-b641-4094735db194'
 '7ce326fd-6195-4bd5-9ce4-5560d7ae0e73'
 '91f613db-38cb-4e5e-b66d-8517b27a9063'
 'ad1582b9-59df-44ce-aa7d-8f0e6a964ad8'
 'b189b220-ff58-4853-a1cb-40b0771fe916'
 'b849c279-48ce-4fdb-8ac3-279f2546fac9'
 'c2ca6bb2-b474-46f1-9f8e-75622d7d9f92'
 'cd87c514-60c9-4348-a7eb-6155261b048c'
 'd54a47c0-3a58-4ed4-8983-2eaf14f5e056'
 'e69aa202-cd96-44c8-939e-1d222ef18402'
 'f5df2a54-ec8c-48a4-b766-e84678ddc849']","['7a01190bcf30936758d004f89d7553c62632e91427f92e6420a9e453f2c5d92ab18ae9e62c46bc28aeb398621b28cfd3af89bf2317c887a5eec276b5b7a51052'
 '9ce049a98570c6bf53cf9e547168db075af2795fa519422bd27a2c9aa5b490c4b26aef25883802c4d8eb6e4dcb09c866e7d31677352f7beb6c4f9fcbbcc75e9b'
 'dafd7f2f39e49c87969ec1360e9fae0af9de6f290655205c8c120dd24dcc85da04f0536237f7f9529d31deed892d5abae3b8f58fb66ae9e497327f23b1e6b750']",2026-08-11,18
87d6a7a4-66bb-46d4-9476-68ed0a5818cb,18,18,0,-1,[76 77 78 79 80 81 82 83 84],Community 18,"['8f0befe2-5c54-48a8-872e-562f55e81803'
 '22f4bbd9-0461-47ee-ab3f-589c5e7459b2'
 '3549dce7-67be-4cc3-b3a5-95d4b2600bb6'
 '649f4f3d-e319-43ba-aed1-8f8342dc9116'
 '3a61bcd2-7053-4cec-a328-07cd6b4a5170'
 '42eed724-f687-4185-8180-4222a370c993'
 '9635ff88-68cc-42a6-ae6d-eb96e09b3234'
 'e35fc245-ed91-43e7-91df-fb9395174ea3'
 '1d801e98-4d5f-4f07-81ed-3cf782eb420e'
 '34deb0c3-beb5-4197-9d30-129dcf221bcc'
 '0021be59-1636-47ca-a8ef-9bdd081b3f3f'
 '17ef193d-6aec-48cc-aafc-2961a7e09584'
 'e715303b-afd8-4129-a8ea-eeb013157e3e'
 '6e1c8de6-3061-4eb6-8a68-dadac7326fe9'
 '30d919db-94c4-42dc-af3c-dd4254680848'
 '80b90bff-0c45-4940-ac8c-237bacac0f44'
 'c3a4c512-39fb-4137-98b0-cf56188e2bfe'
 '12c4f319-e6df-4662-a9ac-e7e5614d044e'
 'c6f3ab68-109b-459a-90e9-c464621a52b9'
 '891ba453-289b-4c33-8902-6fe0b746c89f'
 '2e9e76e4-3a82-4315-9686-9f9fb28a7eb9'
 '8defb1b7-f2d0-4e07-81ed-22835243d5d4'
 'e0a5dec0-13f2-46ed-b84a-4786c80fb598'
 '122c5384-ee9d-4e38-84d1-b58e15d3482d'
 '9db17227-9306-4c08-bdfb-7afe523d26c1'
 'fe2deab3-5575-44f0-a82f-8cc7ffadeae2'
 'e62e5194-27f8-44a9-b83f-a3a64b6a8454'
 '182118dd-ce6c-4edb-84cf-cdd4fa91f3f2'
 '33d9bf26-c3f7-4b81-8ebf-94a4bdffd843'
 '7d40914b-d67b-4510-8654-ad81f8d93e6a'
 '0eb4a304-11ae-47dc-84fd-6bd92a4dcd45'
 '9fa6bf87-90f2-41a8-80eb-87b04dbf8710'
 'e81a171f-75ff-47db-a91a-1e65a75893ca'
 'b76285a3-0384-4536-8278-6ab118f0b4b8'
 'bf99a31a-c717-47db-87aa-be883e4700aa'
 'fe2c6976-ab4d-42be-9749-b2f744daa05f'
 '9ebbd7cf-de21-4154-a652-dad71d17ec4b'
 'dfe8d376-e2b2-4a38-bc29-f9ed426342bf'
 '425448f8-6b25-49f3-9eab-616f310f9f51'
 '890e1a67-bd10-455b-8880-d7cdbe42ae9b'
 '29d10c4c-d4cc-4f70-b8bf-f3f07c9538be'
 '08df94f3-8d9b-4f39-9f36-4cd8d10ed6ad'
 '4a26118c-ae23-4434-ae82-4cc038aba772'
 '0a2e4ca6-a39e-49c8-bb28-7d91e8b7fcb6'
 '60f48ec7-4b3b-4480-885d-ae98dcfe0d17'
 '221d25fa-12c7-49d2-9234-50d980446585'
 '36bd957b-9f8f-4db6-b0d3-ae155c511872'
 '088462df-f13e-4688-9c21-aa19462d2726'
 'e7f692e2-895b-4842-818b-13cfe342b07c'
 '3ac74066-49bf-4984-a00c-784882dfe7ff'
 '9301036b-43d5-4960-8794-057ea9fdd86c'
 '1ac4dc3d-fd02-457e-a693-ae204d938ab0'
 '2965aaac-2bdb-485f-9559-bc60e354cd2d'
 '0f04a8fd-cb10-45e9-b820-31f636e0aba9'
 'db81745d-5889-4b4e-bfaa-61880cb97de0'
 'fee264f3-dbc6-45ed-9bf7-89b443af695c'
 '6154e841-424d-4ec0-9cfe-067ade6bfbd1'
 'e0f807bd-8a97-495e-91dc-de89b048b041'
 '3a1136a9-90fa-42b6-8ed3-76a409da83bf'
 '40835d28-d6e7-42b4-8e41-75c9ce285fd2'
 '6c889ec0-7355-4318-8aac-544312a58648'
 '3829ac09-d106-4d0f-9209-af31ad3ffdb5']","['041e06fb-673c-422f-9e61-5b98238ff88e'
 '05ad7700-1b96-412e-b3e1-1c3f88be6fcb'
 '08d2d4e2-ac8d-49dc-97ca-fab6c245e414'
 '0b5d8c78-7100-49b7-86c1-e1923eeb9cec'
 '0bfea2ea-1453-463b-9637-a3430d6b5089'
 '101abd37-1682-4220-a58b-1fa5b1b29bce'
 '1241a9d2-75ec-48b7-8397-24586a457a0a'
 '15239cea-3da5-4c81-977d-7c8583e431c2'
 '1df745bd-90de-4b69-9f69-c415daa773bf'
 '20b5715e-de31-439a-8546-97ed223cc719'
 '218d9fe7-1573-4aba-8a38-814fde63b12f'
 '246cfdd2-f27a-4525-b73c-7bce6cb36060'
 '249f79f3-df21-4f5d-b133-e406c04538db'
 '2777d454-1bf8-4f58-97fa-d159317c57d9'
 '2caf560e-57b3-4667-b60c-03d91759829d'
 '2f4e61e8-4a16-404f-a381-11d5b8a97493'
 '30019846-0cab-488f-863c-9cb9c55abdcb'
 '30ad153a-75a8-4786-b0c7-423448f86704'
 '3315657f-dc49-45ad-8318-5d62c6785d8d'
 '336e8cda-9554-4a81-ba3b-c3b9bb1a1728'
 '3b908e08-e69b-453b-a020-fd4bcafc70b8'
 '40080e76-3603-4105-9fa2-5754fa666d50'
 '46b63769-f278-4674-9cd9-8e77bc598e8e'
 '487c92e5-3b22-4b4e-a702-5b125b727d60'
 '4a02a539-853e-45ed-a86f-b839a4b7a8ae'
 '4d5b6f0b-6523-4b88-992e-a359bc7f3d04'
 '52acee6a-9b07-44de-8cf9-3d62f6a0cecd'
 '558cf654-2a57-45c0-a857-67faa1e4506c'
 '55e69337-f7a7-4c3d-9e9d-eea7dc637d74'
 '5acdf6c9-f172-4e12-b453-7cac47779dea'
 '64ba149c-5e69-4556-a584-5fdabf23feb7'
 '64dbd638-383c-4ebf-8a77-43eb4885b239'
 '652c1c6b-e139-49e5-bd45-a7851ad5eba2'
 '6923cd0a-6512-42e0-90a8-951ebd89a4ac'
 '69d696a4-817c-4cec-8708-93eb63ac4da6'
 '6cb158e7-8bf6-4ae2-8d67-58404c14c37d'
 '801e5186-8311-46f9-a4da-1e573ee54b6e'
 '83a5c0cc-9bba-48e9-88fc-0f22187757f2'
 '8446bc4f-238c-4e6a-9ad5-8ff1404bad23'
 '87d79e67-ee56-4cb2-88c5-8a71f8d1d48e'
 '8ae20e36-47c8-407f-8afd-9bfd94a09936'
 '8d2ba05a-ae2f-4c62-878b-eb5a7e44c6ba'
 '8efab65d-0dca-4eae-80fd-a4db7d61f6ae'
 '903bcacc-3423-4193-bfdd-18ea605bf763'
 '9069f121-cba6-4a4d-87c7-7569550bf35b'
 '9c9e0425-7c48-4b15-8b4d-abfc2bb498b7'
 'a008bc77-cf83-407e-940b-cef6791220a6'
 'a06ac2ff-075f-4dd4-bf84-d77f2fa478cb'
 'a3ab4147-a213-47db-a26d-8f77ba5c6563'
 'a5279c0c-8ddb-4ccc-9b27-1d70479c61a9'
 'a84401ae-ee1a-403f-9f68-5f57833be05e'
 'ba093d47-49c0-40d5-94cf-3cddabd68591'
 'bbbf5ec1-6bdf-4b10-9100-e0d90b12ca62'
 'bedc3809-f7cb-4dfc-b12d-f4529ff260e4'
 'c1a0db61-36fc-420a-a497-35090b05471e'
 'c34fdb8f-ec8c-4511-8b99-03df4e31e6b1'
 'c48b3bd9-acf0-4f17-adf9-ea984fb3368a'
 'c7afa50c-5345-4440-808c-fda4a35e3d23'
 'd432f456-55a1-454a-8b5f-7fd0d6892243'
 'd7d9e37d-ebe7-411e-b420-06fbb4511f43'
 'ddfb3724-38d1-43b1-8e72-644ce4671351'
 'dfe1371c-c171-4258-ac1b-de81d31fcb33'
 'f2a53047-2041-4d99-b1ad-03633d1151c2'
 'f3dd815c-015d-454d-810f-af0a2dd58318'
 'f4525046-3ec6-4b64-afe5-66402eb22830']","['05802f69e17001a506260c74ca400f6a1368fbf0132720e670d13ffd39c31d615ca94e0ffc071332bd317faa48542bde7970720b9f035d496136fc5d6bbb8ca5'
 '06c273ec9919eb4693462fdacebd50536ccdcf47bacc47b2b30c8a69005636b654b4919dc579696a4a7abbde4a00511a66f0c0be040f4ffc907fc316bee009dc'
 '2d9fdebd364caf6ea226dc0ee6624e0c2d54fc65848a9cd18f9b868675333d5be302c20a6cbb1b4f9503e536f5051a60a8783cd3657ab2cf1f9daf65be366c76'
 '41bd25afdc1cce74b36dd6db5e44e91354172fda16475ab6a3f6cf99bddc720aa91cb56b5ea1b1c4774c8c97017d6bb03c52ba2676d7cfaab1c73fed8ab82912'
 '50e06bf07ca2ce3a4e0dc0520305a36334e339dc022e32de2a78b62769102078202b01514330a1c4939e30fdb8f4d3884f790c7814b2e95e9bdb0894b3323a4e'
 '6927535991c09031efd0df39ec21591dd3bb460da14c01bc36d343f0078b726ed44d06a0c6bb518236ea61ed8c8b15365630cf185b8012e963898f2e117f7d8a'
 '6a1a5132f360531b1174e0eac2b2c5b6ece3b0771a8037231306baf0af8e8ca23de435f581fc62d6794cab81a5dadf3235b66eda56c331a0043621c688fbe302'
 'd7219f76b31818b7b13bf08dda81003d752e53f7660831d5e201d105d2bc1fc19e8cc49ca6cd21e08570939d7fb3e87b45f0f5feb8575df195e7be8cbd3b6475'
 'dafd7f2f39e49c87969ec1360e9fae0af9de6f290655205c8c120dd24dcc85da04f0536237f7f9529d31deed892d5abae3b8f58fb66ae9e497327f23b1e6b750'
 'f9e54ba797ff2b80a5f0e5f24e3901236ac4130e4e84d01615e67bc810b290cd5ac7c08f71a782797073050d512eda2695c3659569deba0d4bd5c3ab6195784a']",2026-08-11,62
f0870e85-7174-40a7-823f-7f4e6559eab5,19,19,0,-1,[85 86 87 88 89 90 91 92],Community 19,"['fac405b8-06d4-43da-b1fc-6e707fd0cade'
 'd5e63176-501e-4605-adf0-5f313d489a0d'
 '6f18ee5c-2afa-428b-8d13-3b9651416119'
 '3aeefb71-fa0e-4d53-bcdd-54b4c452593d'
 'b3c25c50-5e25-4bf3-a1d3-8405f9038b70'
 'fe95369a-1060-4811-8237-6ecb9da9300d'
 '6602359e-51ba-46ba-9ca5-23dba137a0fe'
 '5296ebed-2116-4f3e-8c70-83f326e67460'
 'f392ad38-3c4b-4875-a70e-69341787ddd2'
 'a819392f-f8be-46a3-b2c7-515168d902f4'
 'd4304b4a-2f89-4a97-ba61-3c687186e7d1'
 'd41e9107-0d88-451a-b8a3-2f81d8a665d9'
 'b688bbff-320f-4ac2-9699-b0fee51ea300'
 '9490f37a-981e-492f-83be-fb416abbdb12'
 '537753b8-5bef-4c57-9ed6-7c0370dfc382'
 'b5ef2b45-7b4c-4f0f-93cb-bd740d6d373d'
 '79cb9881-f334-4ced-8138-d9abc45ed17a'
 '2da95adf-369d-4aa9-b46b-f471f1fcbb6e'
 '08a6d268-a15c-4f12-8f56-bd268344aca7'
 '676855d8-653d-4a51-b874-a4ea7bb652a5'
 'f90f1cc8-b861-420d-8d3d-3317fe9938b8'
 'a4011bfa-eece-4625-b7bf-0f40f9703509'
 'f5f94efd-c26d-4078-8ad5-1b99cc5d5d93'
 '24899543-c25a-448b-9534-acf24a826544'
 'b9062ae2-9324-4898-8223-204e176166de'
 '7f9cbf7d-6f17-4f98-9364-a3ea82af57fd'
 '7fb266f5-5058-4321-bd48-e54874473568'
 '90ea8220-79c7-4f30-abbc-79deefc76bda'
 '16dd8834-5c50-454f-8ee0-65fb979c8ea8'
 '3a521197-65cb-449d-b00d-6e4b882eb19d'
 'aaf04b52-fb57-47d2-b5b9-9a1c2570fa46'
 'ae7475a1-d1d4-499a-bc08-acc8fe2118b6'
 '547fd162-8886-4f5f-aa8e-66be5dbb5a72'
 'e5cd16e4-c747-4071-8954-8be873e3ec64']","['011b3f09-42cb-43a0-a41b-186a47ca88a1'
 '0d51bb6b-e917-4703-b77d-aef2fc025f29'
 '128a2386-60ca-4f35-9a5e-ff3daa16379c'
 '12d3bb5e-1389-4651-a993-3bb92cd39f59'
 '2eff3c41-4882-4311-a02e-c70d17c074d6'
 '31bd2084-7db8-4cfc-9174-42b893c0185a'
 '555a2e16-eebd-4588-91e5-6299484b3d17'
 '61ff7412-ef0c-459c-8561-3465c23250c6'
 '633ce2a2-8388-435a-9115-2f4e3a5ccf75'
 '690b8dd8-bac5-47e8-b2bb-0bd0aeb725d6'
 '697e5e14-9768-4d14-9421-fda2feda966b'
 '6b29719e-e806-4ad2-962d-9c2387a3f95f'
 '7836d619-8c02-41db-b2be-12784cc98abe'
 '7dbccdf0-5ea4-40aa-a771-78a95e28dd11'
 '7eb9c288-4cd7-4b35-a41d-8ae0153ef734'
 '841f276a-91f8-4d1d-9b29-69afa03e1df0'
 '85084e2d-2ec2-4c56-8acc-0f97d566b8dc'
 '86a46510-785c-41f3-b259-40abea297aad'
 '8795413e-10c7-40f6-b9a2-bd41d5210fad'
 '8ac03238-707e-40ba-baaa-36f02a0a7957'
 '8beec70f-f874-48b7-9afc-0a1fc62da8e9'
 '8e90fd5f-9182-445a-8629-8effc4e7b8e1'
 '8fb2830f-6125-475d-a009-df9942c7c85a'
 '9a20ecfe-313e-45fb-aa29-5594db1526c4'
 'a6611dc7-5526-441e-a078-7e77c3b63ef9'
 'b52376d3-845a-49b0-83f1-9303a3959a06'
 'c7b38e69-32ac-4783-88b6-76c1982617dd'
 'ca749e33-77b8-44bd-9d01-17183ae31667'
 'cbe63ac0-2b0e-4c41-86df-0f30d5422761'
 'e76aa53b-34d4-42f3-bd08-f0ea1c49d12b'
 'eac2c6e9-0312-4efe-973f-6e1605cd0031'
 'ec4a6c04-01ed-4d7d-915c-ff08d858c9a3'
 'fa764c01-88dd-4cf6-bd84-f9f1f533b933'
 'fcc6e5fb-a095-4379-9be0-168a5de48caa']","['05802f69e17001a506260c74ca400f6a1368fbf0132720e670d13ffd39c31d615ca94e0ffc071332bd317faa48542bde7970720b9f035d496136fc5d6bbb8ca5'
 '06c273ec9919eb4693462fdacebd50536ccdcf47bacc47b2b30c8a69005636b654b4919dc579696a4a7abbde4a00511a66f0c0be040f4ffc907fc316bee009dc'
 '4d221520fe7090409cfa9cda598db30683356c340ab3584a063ffe92486f2fe7225fc056f8b997f085ff0c0f7475828879fa678b7b1709148cb03584b292dab0'
 '50e06bf07ca2ce3a4e0dc0520305a36334e339dc022e32de2a78b62769102078202b01514330a1c4939e30fdb8f4d3884f790c7814b2e95e9bdb0894b3323a4e'
 '7ae981575e185e2452d144d541d822b7725e27bc7dda501c9d8495719003ccb89584fe5e1ac83baa67ae4060497ae5e2536fae015a551dc8cdefa9b5aa17289b'
 '9ce049a98570c6bf53cf9e547168db075af2795fa519422bd27a2c9aa5b490c4b26aef25883802c4d8eb6e4dcb09c866e7d31677352f7beb6c4f9fcbbcc75e9b'
 'd7219f76b31818b7b13bf08dda81003d752e53f7660831d5e201d105d2bc1fc19e8cc49ca6cd21e08570939d7fb3e87b45f0f5feb8575df195e7be8cbd3b6475'
 'e498566a78d36b3ce13304157993b9b4269045840f1d63663ab07328cc5c6a9ebc15f47c9ae340cbebf706bc8faebd35ccc4f11ae0aa4cb9a223345224329757']",2026-08-11,34
ec7a9e08-230e-471f-865b-44ede1ffc6c9,20,20,0,-1,[93 94 95 96],Community 20,"['077391bf-ba15-4ade-9a43-449741d7f5be'
 '09231aff-714c-4d47-83fd-7a6b6f81f291'
 'e9dc4ce0-c785-454c-bbf5-75d57321b9ff'
 '25d07f28-a749-4308-bba0-2fe2b1fa1bed'
 'ffc8c0fb-c550-47e7-b7ab-9ed2df6eac19'
 'a71a5a1f-c796-475a-b192-021b3c57083c'
 '10850660-c7bd-4fcf-bb7d-77add2e98cd0'
 'e2f95653-dfcc-4133-8911-f2b8d1d36c31'
 'a911d601-f40b-4aaa-be4b-620c3aa3e957'
 '6551dfa3-ce47-4eed-ad10-cfb38fadbd32'
 '4d61001a-533f-4198-ab81-2683868a6210'
 '9e6472d3-d746-4574-929c-b9860ad74f61'
 '8e7027a7-48e5-4dd0-ae3e-dde4f09e565b'
 '25237be8-701d-45c0-92a4-38add8210570']","['0177050b-bf5b-4a32-94f9-d2900fa6e809'
 '13050e8b-7d9e-4b3b-bb57-4d7317ff5784'
 '18a17bde-09ed-477a-9b00-5e2430440b49'
 '4ae7c604-c0df-481b-8f30-4dc6e4cd355b'
 '6a326011-8996-4c12-98ec-578c4124b90e'
 '6be932d9-fbf1-48bc-9c70-948a5268351e'
 '8ba6da88-929a-4fe8-81b5-2ccbe647c98d'
 '9538f3df-d565-4454-9ef3-1014566563b9'
 '988286cb-ad28-4341-9a8a-ebfb9b76ac7c'
 '99970a53-43f9-4938-94c8-5671d4c4c33a'
 '9c89e435-642f-4be2-9353-ede921a44785'
 'c03f623b-54af-4e4c-9311-d02bdd23086b'
 'd0463d27-3e45-4a57-8007-103e97b573c4'
 'e1e2e142-2dd0-40b8-95ae-57cfde04808a']","['23663988970639bea940978ccbd9150fd292856f2f31a1d587392606a64713d5dfeade66f1beea67d1cc0b0e93012337685e0eca3267f98c1695a466657a8b24'
 '41bd25afdc1cce74b36dd6db5e44e91354172fda16475ab6a3f6cf99bddc720aa91cb56b5ea1b1c4774c8c97017d6bb03c52ba2676d7cfaab1c73fed8ab82912'
 '4d221520fe7090409cfa9cda598db30683356c340ab3584a063ffe92486f2fe7225fc056f8b997f085ff0c0f7475828879fa678b7b1709148cb03584b292dab0'
 '6927535991c09031efd0df39ec21591dd3bb460da14c01bc36d343f0078b726ed44d06a0c6bb518236ea61ed8c8b15365630cf185b8012e963898f2e117f7d8a'
 'e498566a78d36b3ce13304157993b9b4269045840f1d63663ab07328cc5c6a9ebc15f47c9ae340cbebf706bc8faebd35ccc4f11ae0aa4cb9a223345224329757']",2026-08-11,14
f5851a9e-182d-4ad3-8a09-40fdcf0a03d2,21,21,0,-1,[ 97  98  99 100],Community 21,"['10636111-e22e-47e8-878c-b526cf785bbb'
 'fbf24db5-365d-4eb4-ae70-ce610572f12b'
 '7954fa11-8845-4720-8c12-031d1d7d70b3'
 'cff0c874-b504-4faf-a3c8-a3f691b78ecc'
 '39af0b53-7494-4d28-9857-a779613e91c4'
 '3262dfd6-f16e-432a-bc92-7fa3793b722c'
 'acbde03e-cdee-44db-9088-70b0b90fb153'
 '50c6d57c-3aed-4c09-a0d1-db5b132b6f28'
 '4afaa4b0-30f7-48af-9662-e3a7069adfbc'
 'd304517a-1c3a-401d-8ac4-4ee9b88b4d70'
 'f24880af-f419-462a-9599-6927bf3672aa'
 'fb5889fd-c3e0-43b2-8c85-e3a8340a77b7'
 '2e799e3b-35d1-437c-9058-6665b848d2a9'
 '5b81ac85-45de-4a0c-ab31-6c2bb08303b9'
 '89732bdd-9bbf-4924-8d42-51f5dfec4eb4'
 '57e52274-023c-4fd7-b28f-d9ca6273655b'
 '53d9adc5-be63-48f4-93a1-c54e29ee66b3'
 'd207c851-dabb-4ee8-9bb0-2757c24eba18'
 '24ed5ff1-1d04-44bb-82b7-233016dfbdee'
 '55da6af0-9ad4-4928-9b49-eff4dd6017a1'
 '2864cd38-b94f-4c49-af48-0047c58cac09'
 'f3258cb9-96a6-400d-b1f7-5e0d9ebe9bd1'
 '88f4ab57-067c-4b3f-a104-87ebf2a6b9fe'
 '0cdefbbe-013b-42f5-ad93-869ad9191898']","['04b77703-1f2b-4e7c-8d18-deaa16ecd8d4'
 '1ca6c2ce-bbc8-4469-8c19-d66e7c51e97d'
 '28ed8034-eaf7-460d-b74c-811e4d497f42'
 '2c7fca5c-4bf3-488c-bb3b-6417d4e84170'
 '3894dc20-61be-45be-8bd8-ac643cce4731'
 '45a29635-026b-4c58-8ea1-af05f78ec74c'
 '4d5b02f4-66dd-40be-94e0-54e7f107b382'
 '597671e0-7a37-4c0b-a17b-001abe3e86c1'
 '5af51e69-5a81-47c5-aa7a-cb3d0d9f5bcb'
 '5c2b144d-2c45-4a5d-9719-79b168c8de00'
 '6b4862fd-6a25-4236-a21f-4e2e890ca5ba'
 '798eaa18-d86a-48bc-ab2c-1e39d55699d4'
 '7c4e5916-24d2-4b3e-a3cd-2b31af66173c'
 '7e556673-32c2-439a-902a-39386ac580fa'
 '7fdfeaa4-a4b2-450d-8fcf-725f1e81b27f'
 'a24fdd03-a4e8-49e2-ac06-c0b6712d22b5'
 'a915a7c7-e80d-4779-8c9f-8153d4fe2ab8'
 'c8a010d5-6a74-491e-805f-a62dd8a4cbf9'
 'cc97124f-a4c8-49f8-979f-595edaffe36d'
 'e29296cf-8316-4f74-a76d-5dc423a1fe73'
 'e3ab7ae0-65c4-4c34-8a66-0c70dc0e0214'
 'ee194553-0b8a-4000-95b5-9434e09d429c'
 'ee81b8cf-6289-410a-bbff-507cb98ae5c6'
 'fe3d2592-ad51-43d7-b2c5-78864178408f']","['23663988970639bea940978ccbd9150fd292856f2f31a1d587392606a64713d5dfeade66f1beea67d1cc0b0e93012337685e0eca3267f98c1695a466657a8b24'
 '6a1a5132f360531b1174e0eac2b2c5b6ece3b0771a8037231306baf0af8e8ca23de435f581fc62d6794cab81a5dadf3235b66eda56c331a0043621c688fbe302'
 'dafd7f2f39e49c87969ec1360e9fae0af9de6f290655205c8c120dd24dcc85da04f0536237f7f9529d31deed892d5abae3b8f58fb66ae9e497327f23b1e6b750'
 'e498566a78d36b3ce13304157993b9b4269045840f1d63663ab07328cc5c6a9ebc15f47c9ae340cbebf706bc8faebd35ccc4f11ae0aa4cb9a223345224329757']",2026-08-11,24
67ffe235-6348-4c62-9f7b-4a4a2b5048a2,22,22,1,0,[],Community 22,"['4ede2ada-9196-428c-b0be-23c1c617aea9'
 'a0992f21-69ef-4379-a425-da6fc438f2bf'
 '82694c83-4dec-4366-a9d4-3e74827a0c6f'
 '036f2519-c1b3-412c-9709-0524de59297a'
 'f43e3cca-beec-4b7c-847f-90782e9351b5']","['1979dc5c-588a-41c1-9fd0-d27b54628766'
 '31b87ee7-c016-4ec4-87c8-341c0fb300a4'
 '3847f350-f96e-45d1-b78f-a4f3c1a1cfde'
 'ec55dab5-8fe1-49ce-ad80-efdd33300804']","['2d9fdebd364caf6ea226dc0ee6624e0c2d54fc65848a9cd18f9b868675333d5be302c20a6cbb1b4f9503e536f5051a60a8783cd3657ab2cf1f9daf65be366c76'
 '41bd25afdc1cce74b36dd6db5e44e91354172fda16475ab6a3f6cf99bddc720aa91cb56b5ea1b1c4774c8c97017d6bb03c52ba2676d7cfaab1c73fed8ab82912'
 '50fb8f6506c2271985ee7ffe42523d2eb06abbd85be8ea5021ae2d36d260f6f63d177e59ca2da764eeaeb4a953c841282dbf214859a753f968cb6e6cb86e0c72'
 '6a1a5132f360531b1174e0eac2b2c5b6ece3b0771a8037231306baf0af8e8ca23de435f581fc62d6794cab81a5dadf3235b66eda56c331a0043621c688fbe302']",2026-08-11,5
c3f178f2-bf1c-48f1-9f82-c98eeef95112,23,23,1,0,[],Community 23,"['7104f7f4-94d3-4ffe-aa62-9b33ba3db307'
 '348d89db-51aa-45f4-9e24-f862e6cb7be7'
 '93eef8e0-3a3a-4ac8-8763-b43a5d4fd88e'
 '9839c641-77f2-4b75-a282-34c37296967e'
 'dba0d891-c50a-438c-913f-e3cea6991e49'
 'e9539b14-662b-4ab9-876c-bf42e80208ac'
 '78dbe66f-4ba0-42a0-b1b5-0e3b9abc001a'
 'ae0cd653-6563-41aa-aa47-15535a736879'
 '3d609a85-d0d2-4b53-929f-ad7f9d537a32'
 '50612e40-e104-4941-9b9b-3c3f1629242a'
 'b003e91e-01f3-433e-9090-9780859ac105'
 'a9b26a07-4af1-4458-88f7-47de667e2282']","['095c2870-927b-42c5-b5ca-bb559524b562'
 '0c548e1b-d872-4b6f-bbb2-1575db6c13c0'
 '29338c48-3b93-4118-82a3-26b8899fd8ce'
 '5f9e08a4-6ba6-4299-8905-c5dfedbb2deb'
 '6f0e34b7-87b4-447f-84d4-c76f4fab0166'
 '71aad98b-c560-4991-a077-e87d67480823'
 '7884bf67-5bdf-45a2-a9dd-04d95cfe0f7d'
 '898a06a8-9549-43bc-b300-b0938aaf3344'
 'a2045edd-83e8-442e-8715-0dd51978af6c'
 'a83d6163-beca-4fff-ba6b-211d6a83667e'
 'b3978d79-b867-44b9-8a77-4d91874a71c4'
 'e3960eb2-273d-4309-bb6a-de83c5f23d83']",['50fb8f6506c2271985ee7ffe42523d2eb06abbd85be8ea5021ae2d36d260f6f63d177e59ca2da764eeaeb4a953c841282dbf214859a753f968cb6e6cb86e0c72'],2026-08-11,12
177f3f07-e5ff-4bb4-99d8-9934b4ed2ab0,24,24,1,0,[],Community 24,"['13c109e2-e2fb-456a-ab92-0fde3bbdb9f6'
 '214252f9-e40d-41c7-b06a-08267614d9f4'
 'ada2728f-31ac-4693-9ebc-36b905b7b804'
 '7451f048-8a39-4795-9248-61edaceb9c11']","['495b6cf0-7286-49f0-a364-2ac0e63a3466'
 '52a7fd36-a7e7-4e8e-8656-be33c6abf5c9'
 'd2c3d406-f3a0-448b-be68-f99fc784c50c']",['6a1a5132f360531b1174e0eac2b2c5b6ece3b0771a8037231306baf0af8e8ca23de435f581fc62d6794cab81a5dadf3235b66eda56c331a0043621c688fbe302'],2026-08-11,4
13c5a8dc-24b5-4cf4-a82e-1d2993528e43,25,25,1,0,[],Community 25,"['74a8f56e-8616-4be2-abdc-14e2eaa5f468'
 '70ab370d-ec2e-432b-9a52-b46cbdf6074f'
 '9e09d6ee-f56e-420c-ac2f-9d96eb2e5a9e'
 '6e09d1e3-ff60-4ed4-8443-6523e4c87dbd'
 'f38d1efb-533c-40c5-a2c7-036fe0b5d323']","['4d6a9152-b503-4a04-b54c-8033eb0eb036'
 '8e238255-5aab-456f-b019-6ed2d32f868b'
 'e274f1bb-cb37-4e1c-9ecb-cb8dc348c761'
 'fb1fbb7f-0749-4b40-b5b6-9386e657ad87']","['41bd25afdc1cce74b36dd6db5e44e91354172fda16475ab6a3f6cf99bddc720aa91cb56b5ea1b1c4774c8c97017d6bb03c52ba2676d7cfaab1c73fed8ab82912'
 '50e06bf07ca2ce3a4e0dc0520305a36334e339dc022e32de2a78b62769102078202b01514330a1c4939e30fdb8f4d3884f790c7814b2e95e9bdb0894b3323a4e'
 '50fb8f6506c2271985ee7ffe42523d2eb06abbd85be8ea5021ae2d36d260f6f63d177e59ca2da764eeaeb4a953c841282dbf214859a753f968cb6e6cb86e0c72']",2026-08-11,5
f8d60603-b40c-4b62-bb53-3b2ae1a13135,26,26,1,0,[],Community 26,"['1a51ed39-cbad-4fc8-8ed2-6428b95d30e0'
 '2034bf86-1844-4fa2-b746-c9d0f002a9c0']",['ae070445-240a-4177-a8c8-9d8a1f8c9b8f'],['50fb8f6506c2271985ee7ffe42523d2eb06abbd85be8ea5021ae2d36d260f6f63d177e59ca2da764eeaeb4a953c841282dbf214859a753f968cb6e6cb86e0c72'],2026-08-11,2
804bd3b2-7172-4ba0-8474-d9285e039aa5,27,27,1,2,[],Community 27,"['f79f2090-e0f1-4950-86e8-f0ff3488ec28'
 '5c0b5489-5e30-4ac9-b2c7-5e4a028fd0ad'
 '57e72d16-6a22-48ab-bedd-e8acf443d5dd'
 '30ec7057-cf35-4b65-9e1c-b38dc4dc4bd6'
 'aebbd0a1-9fa3-4456-86bf-1a733273afc5'
 'bfaf0cbf-395f-41c5-b399-44c36e2dbbbb']","['148c7d31-6d4a-4576-a1af-242ced8a4622'
 '38a5a19f-4895-4641-b91d-61d0a69688ba'
 '7e533953-bc79-4d14-a2ed-7223ae7ba34b'
 'ddb22b2b-0a37-4b5e-9bab-526b7ae4014b'
 'ff56b19f-fc44-4c97-b4e5-02d8a324e19a']",['9ce049a98570c6bf53cf9e547168db075af2795fa519422bd27a2c9aa5b490c4b26aef25883802c4d8eb6e4dcb09c866e7d31677352f7beb6c4f9fcbbcc75e9b'],2026-08-11,6
322fffe5-5c36-493f-9a49-6d597087539e,28,28,1,2,[],Community 28,"['7d6d312f-1f48-4a6d-ad63-783457d881b2'
 'abec3afa-11dc-40c5-813a-82d9bb05a356']",['91dc10a5-0881-4c20-8874-186ef75884dc'],['e498566a78d36b3ce13304157993b9b4269045840f1d63663ab07328cc5c6a9ebc15f47c9ae340cbebf706bc8faebd35ccc4f11ae0aa4cb9a223345224329757'],2026-08-11,2
66cdba19-dbaa-43ba-b4ae-c57d993f1253,29,29,1,2,[],Community 29,"['f01f5373-90b2-4956-abad-f7453d26f463'
 'c3974665-6816-4bf1-a33a-ed4c7a113012']",['1d1e279f-8141-4258-a1ac-7222f41522fb'],['9ce049a98570c6bf53cf9e547168db075af2795fa519422bd27a2c9aa5b490c4b26aef25883802c4d8eb6e4dcb09c866e7d31677352f7beb6c4f9fcbbcc75e9b'],2026-08-11,2
2a429910-a2df-492d-9560-ac2053779970,30,30,1,3,[101 102 103],Community 30,"['390e75de-62c8-4a9d-94f0-156f4c5963ef'
 '241605de-88e2-42f5-a90f-5921e09d0042'
 '590772cd-76de-4c00-b933-869e88263e1b'
 '0cd99028-17f6-472f-bf83-f0591c535e73'
 'fd20abce-8b71-49b5-a570-f69282b00a9e'
 '62978763-7c39-449b-b4bf-98db19fe66c1'
 'b3e56fed-6927-4b07-b7e6-442024cd824a'
 'd5700e39-d8b3-470e-8709-c0d089f3dba2'
 '36a413dc-a5fe-4bf5-90d3-1263e8492042'
 '90631b55-db8b-48c9-9ee2-9436949b7b0a'
 'e285d7aa-2d80-4807-962b-b1ddb570cae7'
 '7f944a53-54be-43c5-9c19-5a6e7deec543'
 'db571db9-c79b-4a28-8cc6-d1bc4c6bdb2d'
 '96e587ee-8d6e-440f-bccb-831105967350'
 'd9ba7528-1ac5-405a-9d89-863814fcfac6']","['07f93708-ff3c-4208-9ea2-8480c5f92262'
 '0f5b9438-0fb1-4f42-9631-19e5a372eda0'
 '0ffa73b9-34af-4954-b37a-08ce1fbcde59'
 '23f2520b-3e07-4e17-b018-5015c84770ea'
 '2537a6a1-a1de-4734-968f-863d2db319c9'
 '2da6e7a0-f072-4ca9-8c7f-ef6f360cc14f'
 '395e28f9-7a2f-4bb0-a548-69c56799accf'
 '3cada27b-4230-4134-a993-8f83050c8b34'
 '462b8dda-2315-4e55-85d3-0664dbaa7495'
 '6cb96dc2-b663-491d-9d99-33e8da1e6ac4'
 '6ea2af3e-ad50-46d1-a713-ccdf06f4b84d'
 'bbc8ada5-5e1d-4fb0-ac12-76d09276f37a'
 'c5f9c9b0-f67f-41f7-844a-25999597e9a2'
 'd617a3bd-c398-4f3c-a6a6-98186f6b765d']",['4d221520fe7090409cfa9cda598db30683356c340ab3584a063ffe92486f2fe7225fc056f8b997f085ff0c0f7475828879fa678b7b1709148cb03584b292dab0'],2026-08-11,15
d6e05076-efb0-4b87-bce5-f67c58835773,31,31,1,3,[],Community 31,"['a9a309f4-bd38-40e6-8999-6b3fc2bd48fd'
 'd8183f8e-491e-4fb0-94b5-83e1c780a37e'
 '0a8733bf-7bc3-463a-92df-820d9150f804'
 'c15d1a3b-a489-41fa-bf0a-9c1055de2468'
 '0f46eeb1-8f5b-418e-8ae3-06ce791b5f77'
 '88fd3a8e-884d-449b-8e77-0eec12d30c41'
 'cd64be4e-f8b8-487f-b596-a1c7304236ca']","['11876324-78aa-4df9-8966-3ac4f4d833a7'
 '203e471b-7277-4f49-9630-53957ab0a599'
 '2e6391b0-6a8a-4605-8c50-482526654231'
 '588fece6-8574-400a-98af-a4a7924fabe2'
 '95d5942b-cd46-401d-bfb9-9d5abda124a4'
 'af63679f-0ab9-44ff-9f1a-d19ca709a16c']",['4d221520fe7090409cfa9cda598db30683356c340ab3584a063ffe92486f2fe7225fc056f8b997f085ff0c0f7475828879fa678b7b1709148cb03584b292dab0'],2026-08-11,7
a0e0ce94-26f5-47d3-acd2-836c190604c3,32,32,1,3,[],Community 32,"['a9197401-135c-43c6-83a5-6cc639650e7a'
 'b3822bca-3839-4b98-82bb-1d2eb5c27061'
 'e6c746a7-9cb5-4e6e-91d1-2149f63a7b72']","['447ea263-164e-4e6b-b092-fcfadb21c683'
 '6af39a30-4311-4726-aef1-410e18a8daaf']",['4d221520fe7090409cfa9cda598db30683356c340ab3584a063ffe92486f2fe7225fc056f8b997f085ff0c0f7475828879fa678b7b1709148cb03584b292dab0'],2026-08-11,3
4d0c9381-8d32-4e01-b8fc-d49c1c4d59bd,33,33,1,3,[],Community 33,"['38ebf9b5-4c84-4ed3-a2ca-0ec6f1f31c97'
 '435ca9b0-ff14-4306-90e5-20c8be7177d1'
 '13fff1e8-788e-4936-889f-4ab68cb6002b'
 '58d266ab-2f3a-46ef-8bd3-2dfbce0cc786'
 '7c85d6f2-1680-4970-b816-3ac16ec32b1e']","['30a0b147-4d06-421a-b4f2-8cf271cd991e'
 '38a80a4b-b50d-498c-8bc0-30f2c3552ed1'
 'b0fde1e1-c14f-44cf-8531-f7619df8ad5f'
 'dd792260-c454-4f79-8de0-9529f4acfdee'
 'e5b38d0c-127c-4362-b508-33a84cb2cdd0']",['7a01190bcf30936758d004f89d7553c62632e91427f92e6420a9e453f2c5d92ab18ae9e62c46bc28aeb398621b28cfd3af89bf2317c887a5eec276b5b7a51052'],2026-08-11,5
7a81c593-5992-40f8-85b2-d7a9daa716f0,34,34,1,3,[],Community 34,"['68503bcd-b726-4b08-897b-29498ea0ae14'
 'e323798e-1981-47d8-8f68-b8c77116bc15'
 '9dc77cca-2e13-4de6-b009-70f377079fde'
 '038eab2c-1e92-4fd3-b8e2-37308ce8bc87'
 'ef192b11-071d-4da7-a1c1-32f4b1709792'
 'dbf0be48-a546-4942-a9a4-70baca8df4cf'
 'd045eeb0-b526-4261-96a3-20eb874e8108'
 '1ba6710d-ca6e-4cdc-818b-dac5eb795cb9']","['2830d3cd-ccfd-4ba9-a80b-f128c7db742e'
 '35e85f7d-3eb8-4695-ae30-92e095d081c6'
 '5572a546-06af-4b50-ae7e-6c5c9d972d53'
 '91859024-101b-4e45-b2a6-ae84914992df'
 '92d31525-7dd6-4155-87a1-6f16396da69a'
 '968fb609-411e-4b4e-bc8a-7ccb4eaca583'
 'ccf1b8e2-1404-4856-a666-5f2245f88859']","['06c273ec9919eb4693462fdacebd50536ccdcf47bacc47b2b30c8a69005636b654b4919dc579696a4a7abbde4a00511a66f0c0be040f4ffc907fc316bee009dc'
 '7a01190bcf30936758d004f89d7553c62632e91427f92e6420a9e453f2c5d92ab18ae9e62c46bc28aeb398621b28cfd3af89bf2317c887a5eec276b5b7a51052']",2026-08-11,8
f797d06f-f1b9-4911-bac3-c5effd477dc8,35,35,1,5,[],Community 35,"['e98eba67-de7e-48c3-9248-33aab6dde068'
 '8005be46-a85e-48da-8028-28cf034a2512'
 '35b1bb8c-cf5f-4ab7-b892-d229eef7d68c'
 '22c90fc9-3c47-4abf-801d-9c89904fbd3b'
 '81faa8c8-733f-400f-aa1f-e99b6fa3c2e5']","['1372dd45-cdd4-4f1c-bb97-22a55eb7a8d9'
 '6bd5dacb-9173-4315-a76e-0d9d0ed25f68'
 'b15662aa-f541-4f80-b6eb-9ff1e11adef2'
 'f27596e8-907c-4ce4-8c54-8128c71d8468']","['41bd25afdc1cce74b36dd6db5e44e91354172fda16475ab6a3f6cf99bddc720aa91cb56b5ea1b1c4774c8c97017d6bb03c52ba2676d7cfaab1c73fed8ab82912'
 '6a1a5132f360531b1174e0eac2b2c5b6ece3b0771a8037231306baf0af8e8ca23de435f581fc62d6794cab81a5dadf3235b66eda56c331a0043621c688fbe302']",2026-08-11,5
4c0a44ef-0e37-4b83-893a-45f1af07ed44,36,36,1,5,[],Community 36,"['e9983ac9-0ad6-4d9a-a43c-f53b0c3efdfd'
 '64ac5869-3eb3-4d44-8cab-25b3a153ea3d'
 'b04a1266-0e29-4295-bfb6-36de389c7720'
 '803b1dc1-1033-40e2-bf88-b08fc7a275fa'
 '20a1f95a-db09-4f39-889a-23b4e5cac08f'
 '047aa784-708b-4cb3-bf96-a695817fcf62']","['65ea9da7-57c7-468a-8885-7994d78c9cd6'
 '8337c73e-5c72-4c72-a652-69e897bcc9c4'
 '87671a23-8bd3-4670-8b8e-aa54e8f0f4d2'
 'ac6c895f-9f74-4b17-b845-dc32b343ba73'
 'da008692-b2e9-4266-b157-67a18ce8edf5']",['6a1a5132f360531b1174e0eac2b2c5b6ece3b0771a8037231306baf0af8e8ca23de435f581fc62d6794cab81a5dadf3235b66eda56c331a0043621c688fbe302'],2026-08-11,6
af6c4786-d864-42b9-9c51-b5fdc34eaf14,37,37,1,5,[],Community 37,"['fb892cb8-1d3a-4a03-bfe5-421145ea9bb5'
 '2a7eff93-9c6a-40be-9653-611e378d64f5'
 'a939f83d-d975-4493-ae66-0a5697310feb'
 '0e32568d-267c-4b4b-b88a-df20d8249b3e'
 '65c22de0-b259-47b3-9fda-e771599a0db5']","['42047498-9b54-4c51-9c34-e721a452294e'
 '748964e3-0f9f-491a-a57e-58d688c138f7'
 '7aa35d0c-1f7d-40fb-975f-f88f862dca0c'
 '9f8d8f0d-6d2e-49f8-a85d-285927e57119']","['6a1a5132f360531b1174e0eac2b2c5b6ece3b0771a8037231306baf0af8e8ca23de435f581fc62d6794cab81a5dadf3235b66eda56c331a0043621c688fbe302'
 'e498566a78d36b3ce13304157993b9b4269045840f1d63663ab07328cc5c6a9ebc15f47c9ae340cbebf706bc8faebd35ccc4f11ae0aa4cb9a223345224329757']",2026-08-11,5
07ebcfb5-0bd2-49ee-a020-62bb0bfadc42,38,38,1,5,[],Community 38,"['d07a3c77-5b8d-4922-9f19-b1ef6543a67b'
 '844ce69e-80ec-4223-87e2-d55a7b4a8ce2'
 '89cfb2bb-e619-4f1a-9351-ee3c3ece73a6'
 '0cf54118-f6ed-40b3-9639-7f37ac7569f9'
 '0b4ce4b4-2ee4-464f-b258-98235706b6b1'
 '413b1701-8125-44f4-a6e5-4a65e665c397']","['54a500c5-d149-4507-a8ee-3e7cec5b7da5'
 '585e24ca-a612-4738-8656-ad28231030f5'
 '8d10cf4c-8e69-4cd5-8a56-6e8f6a8f93df'
 '8d4de649-c207-4afe-927e-9304f2c2e4e9'
 'b0f6cae1-8f6f-4ba0-8c31-d6edbb1f7b76'
 'bba1e676-ebe6-40e8-9dc3-17f5e2962d29']",['41bd25afdc1cce74b36dd6db5e44e91354172fda16475ab6a3f6cf99bddc720aa91cb56b5ea1b1c4774c8c97017d6bb03c52ba2676d7cfaab1c73fed8ab82912'],2026-08-11,6
2b0fc5b6-3a53-4826-b6d5-099b8dc94d2e,39,39,1,6,[],Community 39,"['b17b43ce-7c2f-4318-a096-7f261d88149e'
 'ed02ef1c-e1bb-4425-9c71-5212c1aa707f'
 'c845854f-4012-432a-918f-a1dfa5c810b5'
 '81357c36-8f79-4101-8d43-fbb5e4e8b1bf'
 '5ae342ab-51ce-405f-8bb7-0d74298a51af']","['243e830c-9664-461c-be6c-515f62a8a3a7'
 '33eacb09-49e0-49d2-a984-94156961d908'
 '986357cf-bd9d-4bbf-9bdc-4b549c95505d'
 'c5ab036d-d79c-4d96-927b-25b04b9cbe37']","['06c273ec9919eb4693462fdacebd50536ccdcf47bacc47b2b30c8a69005636b654b4919dc579696a4a7abbde4a00511a66f0c0be040f4ffc907fc316bee009dc'
 '2d9fdebd364caf6ea226dc0ee6624e0c2d54fc65848a9cd18f9b868675333d5be302c20a6cbb1b4f9503e536f5051a60a8783cd3657ab2cf1f9daf65be366c76']",2026-08-11,5
4f9ab348-6da4-48df-bab2-bca609558e6d,40,40,1,6,[],Community 40,"['58d74247-6800-4432-9ef4-cca606e101b4'
 '84ca3234-c61a-4d37-9184-a1a69d14dd3f'
 'feebfd8a-4154-49ae-9f19-a4c01ba92a1a']","['304c185a-3a69-4c39-b7cf-290f305da8df'
 'afdb4a0f-a1b0-4145-aafc-19e845f8ae71']",['dafd7f2f39e49c87969ec1360e9fae0af9de6f290655205c8c120dd24dcc85da04f0536237f7f9529d31deed892d5abae3b8f58fb66ae9e497327f23b1e6b750'],2026-08-11,3
dbba3a3a-2429-4f5b-ba06-452f561a04f2,41,41,1,6,[],Community 41,"['9cf52f2d-7ffa-4530-81db-16cd422a455b'
 'd5cee6d2-0209-405a-b32b-d5e726d58a21'
 '91efeed0-89d2-4170-ac3c-5dbad9f25e79'
 'eba23d27-3643-4332-8b50-c7dc452ef6d0']","['1b8b244b-8a38-498b-a26c-c8d2d5c03964'
 '61d7a4ff-91d5-45be-befd-fd0f9169e24f'
 '721ebe3d-636c-49e0-81e3-b1327d1dabd7'
 'a2bf4d2f-8fd9-4567-8000-e234f60b876d']","['05802f69e17001a506260c74ca400f6a1368fbf0132720e670d13ffd39c31d615ca94e0ffc071332bd317faa48542bde7970720b9f035d496136fc5d6bbb8ca5'
 'f9e54ba797ff2b80a5f0e5f24e3901236ac4130e4e84d01615e67bc810b290cd5ac7c08f71a782797073050d512eda2695c3659569deba0d4bd5c3ab6195784a']",2026-08-11,4
ca6d0ca2-5bdd-4dae-b3d3-64d95f288959,42,42,1,6,[],Community 42,"['cfa51b8b-063f-4cf7-af66-cf9c585c7751'
 'f6476c5a-72b3-422b-8307-ff7f85575a1b']",['f9abf0e0-5f04-44e8-8edd-98b7bda70694'],['9ce049a98570c6bf53cf9e547168db075af2795fa519422bd27a2c9aa5b490c4b26aef25883802c4d8eb6e4dcb09c866e7d31677352f7beb6c4f9fcbbcc75e9b'],2026-08-11,2
7283effd-6cd3-4a08-8086-bcc99d8aeede,43,43,1,9,[],Community 43,"['4b33c7d9-0d87-4151-b0a4-b51575cee2d3'
 '3bbb8782-526e-4056-b1a4-2bb1239547dd'
 'e6197e7a-7d11-4476-8441-1cc68b5bc6d5'
 '531e7dc4-15f1-400c-a64e-a1a2ca7ead5f'
 'd759a3c9-1694-4a7a-8094-54e44cb8f3a8'
 '06270b32-ff56-4050-ab3e-1c629bd693ec'
 '94b01d40-d12b-4e48-a950-0edd10bd7c8c'
 'f13d6c9b-3ff9-4a8a-9367-adfc3745c7d0'
 'dae06b71-5c10-481e-99e8-ec173c228c48'
 '71cbdeed-02aa-4971-b8ef-baaf2b7353a1'
 'f9673160-77be-4736-9b18-28313fce3bb6'
 'eab209c1-2297-483b-bd7e-035f6b22cb31'
 'dc067fcc-4c48-4a2f-8830-d0bd3fa46f23'
 'cf17daf5-37fb-4328-ad2e-54141a37c797']","['0c056738-3cd8-4f01-a653-6b03535829c6'
 '1ad4e03b-722c-409a-bd63-b7f2be6028ec'
 '3dc95236-3948-40f3-af58-e16651fa0238'
 '40e167a1-7e65-412d-8d68-9299e7ae6274'
 '6eaeaac9-e755-4070-b5a8-73b30584e921'
 '768582f5-8358-45e9-9dac-2f3b87c212a8'
 '83de1846-c24d-473e-83c7-dc44726cbe1b'
 '88b5f75a-7c4f-4aea-b51f-6779fa2baf23'
 '8f9e0851-6cd8-4081-8f56-0507dc450fae'
 'c0d11b7c-66f8-4240-a3b9-6bdacb3e25b9'
 'cf789884-2e98-4a81-b8f2-19857965720d'
 'cfe24204-c4b3-4cd3-bb71-4e9bb83ab96d'
 'd37f60a0-d065-45ca-b855-cca60107bf75']","['05802f69e17001a506260c74ca400f6a1368fbf0132720e670d13ffd39c31d615ca94e0ffc071332bd317faa48542bde7970720b9f035d496136fc5d6bbb8ca5'
 '06c273ec9919eb4693462fdacebd50536ccdcf47bacc47b2b30c8a69005636b654b4919dc579696a4a7abbde4a00511a66f0c0be040f4ffc907fc316bee009dc'
 '50e06bf07ca2ce3a4e0dc0520305a36334e339dc022e32de2a78b62769102078202b01514330a1c4939e30fdb8f4d3884f790c7814b2e95e9bdb0894b3323a4e'
 '50fb8f6506c2271985ee7ffe42523d2eb06abbd85be8ea5021ae2d36d260f6f63d177e59ca2da764eeaeb4a953c841282dbf214859a753f968cb6e6cb86e0c72'
 '6927535991c09031efd0df39ec21591dd3bb460da14c01bc36d343f0078b726ed44d06a0c6bb518236ea61ed8c8b15365630cf185b8012e963898f2e117f7d8a'
 'd7219f76b31818b7b13bf08dda81003d752e53f7660831d5e201d105d2bc1fc19e8cc49ca6cd21e08570939d7fb3e87b45f0f5feb8575df195e7be8cbd3b6475'
 'e498566a78d36b3ce13304157993b9b4269045840f1d63663ab07328cc5c6a9ebc15f47c9ae340cbebf706bc8faebd35ccc4f11ae0aa4cb9a223345224329757'
 'f9e54ba797ff2b80a5f0e5f24e3901236ac4130e4e84d01615e67bc810b290cd5ac7c08f71a782797073050d512eda2695c3659569deba0d4bd5c3ab6195784a']",2026-08-11,14
23188b79-fc54-4fab-9d9a-835f3fef5254,44,44,1,9,[],Community 44,"['86fa5f94-0db2-4a5f-8d24-d32bb067610b'
 '8ec98034-a58f-4ebf-9566-88dc90b71f0d'
 '79c0fa4d-9d68-4419-9342-8ec8c6185757'
 'e25cc365-ea6d-4224-b044-cd26e3df9e41'
 '8327beae-a288-43ef-b192-d2dcdb29fe4d']","['00b16aef-11e3-4ea5-a8d0-e6b048d15850'
 '333f2665-c1ce-4a87-87c1-02da5c2ba6af'
 '84d4069b-3355-4777-b9ee-ec4e273ba8ec'
 'e5de8018-19f8-464b-aa71-ab29aa61cb77']","['6927535991c09031efd0df39ec21591dd3bb460da14c01bc36d343f0078b726ed44d06a0c6bb518236ea61ed8c8b15365630cf185b8012e963898f2e117f7d8a'
 'd7219f76b31818b7b13bf08dda81003d752e53f7660831d5e201d105d2bc1fc19e8cc49ca6cd21e08570939d7fb3e87b45f0f5feb8575df195e7be8cbd3b6475']",2026-08-11,5
963211b2-9cd1-47e6-af6c-497b98f7af97,45,45,1,9,[],Community 45,"['b4127834-2262-472f-b306-388900422cb1'
 'd01826ae-4f99-41e9-9d8f-0d094eaedb40']",['654616fc-03e3-47d4-b64e-4d2e6dadcba1'],['d7219f76b31818b7b13bf08dda81003d752e53f7660831d5e201d105d2bc1fc19e8cc49ca6cd21e08570939d7fb3e87b45f0f5feb8575df195e7be8cbd3b6475'],2026-08-11,2
0b2ce55e-7336-4aaf-b101-563029334083,46,46,1,9,[],Community 46,"['26789a0a-4f07-4b6e-8f45-a5cceb56be80'
 '8baa7f3c-b0dd-4897-accc-0a9bec50229a'
 '3b926070-fa35-4f04-ba30-185a40c5d707']","['452ff8ac-c77a-42cd-aabc-3b56cc8d2db8'
 'dae3875b-a81f-482c-a3cf-aaa47e5c6e00']","['50e06bf07ca2ce3a4e0dc0520305a36334e339dc022e32de2a78b62769102078202b01514330a1c4939e30fdb8f4d3884f790c7814b2e95e9bdb0894b3323a4e'
 '50fb8f6506c2271985ee7ffe42523d2eb06abbd85be8ea5021ae2d36d260f6f63d177e59ca2da764eeaeb4a953c841282dbf214859a753f968cb6e6cb86e0c72']",2026-08-11,3
38a7962a-bd96-4608-b9ce-d15c53adfdac,47,47,1,9,[],Community 47,"['77bbf890-2cda-455a-9386-124a78b8c628'
 '2e5aded7-20b1-47d6-b712-3e51d1dd69c0'
 '0675cfdc-b782-4754-b28f-a9e1b2beaa94'
 'bc5a8db0-970e-46cf-8e04-747dd2daeb83'
 'e7c83ff5-c420-47e6-ac71-da465aea5cd5'
 'e2aaf101-7a91-45c0-b2c1-876a8457fdd8']","['215b71c2-55fd-432d-b749-c8c3c8fc54d8'
 '3e4eec19-ed73-4ddb-b2f3-60d772eae6bb'
 '52126fca-8315-48b1-a880-c138b97b7e14'
 '91d8fd2b-4a1c-4745-9a31-3f76d0f5a38d'
 'baa36105-8e97-4caf-a449-f4c585b1e15f']",['6927535991c09031efd0df39ec21591dd3bb460da14c01bc36d343f0078b726ed44d06a0c6bb518236ea61ed8c8b15365630cf185b8012e963898f2e117f7d8a'],2026-08-11,6
2c3b43f7-c1f2-4398-bc51-90bc16ee1bc9,48,48,1,9,[],Community 48,"['42d6c988-26ee-468c-8f7c-d4b2675318d7'
 '238d4fd1-9ab1-490d-8942-b293da6b84fa']",['3a7ce18c-8392-46cb-88e6-deac568d7c6a'],['50e06bf07ca2ce3a4e0dc0520305a36334e339dc022e32de2a78b62769102078202b01514330a1c4939e30fdb8f4d3884f790c7814b2e95e9bdb0894b3323a4e'],2026-08-11,2
e03afac8-77ca-4d03-a6a1-1294ce55860e,49,49,1,9,[],Community 49,"['589135be-da0c-4065-9498-2c1fcb1b55ca'
 '8493bf89-6f3b-4f9c-8fe2-15c877812765'
 'db819666-20f9-49ea-8f68-736211661646'
 'aefdc24e-423e-4b85-8c3a-27f9034160e2'
 'f9562370-3a6f-48de-b989-e4ed4f290910'
 'dd45a237-cfcd-4b30-84d8-ebdf529d6f68'
 'c07261aa-e6f6-461b-af19-f690cb6055eb'
 '6ba94f5b-0c76-44a3-ab96-e8f8ce95a915'
 '4b1c9fd4-f751-447c-9931-374b49348838']","['0beb8cd4-daa8-49d6-b8e4-78ce48e93a3c'
 '14526fb4-730f-4316-b4d9-803a2f6ce902'
 '1622846f-60cd-4896-be12-e1e52307a532'
 '3676f5a0-32c9-4595-8195-54f507307dfc'
 '46bc3d6f-77da-49b2-808d-6df8f285a064'
 '7688ce20-2913-47b0-ae5e-c6528e229a7b'
 '8a13f51e-8ba7-4e80-8dd0-e646538843cb'
 '8f2c00fa-eb07-4c3e-a09b-3702d67d6440']",['f9e54ba797ff2b80a5f0e5f24e3901236ac4130e4e84d01615e67bc810b290cd5ac7c08f71a782797073050d512eda2695c3659569deba0d4bd5c3ab6195784a'],2026-08-11,9
bb2987c0-85c2-40a4-82e4-ebf833ff2926,50,50,1,9,[],Community 50,"['ca9305fe-0cfd-4d88-980d-62d273e5400e'
 '27239aad-e7b2-440e-9772-d8c40d2973e1'
 '7684be2f-c72c-4112-9013-02fca7aceeb3']","['12292cbc-4065-4bbc-a670-c8bc71195a4d'
 'f3fcd2b1-af8d-48a1-876c-2392ec96bc45']",['dafd7f2f39e49c87969ec1360e9fae0af9de6f290655205c8c120dd24dcc85da04f0536237f7f9529d31deed892d5abae3b8f58fb66ae9e497327f23b1e6b750'],2026-08-11,3
23f54c1e-7601-4008-9432-85cb6e10f423,51,51,1,9,[],Community 51,"['4d5c53f1-d760-4ea2-9aa2-41ae887bffc0'
 '49be98a9-80d1-494c-a460-999afd0571c3'
 'a8a64bbf-5332-4bda-ae08-a07e3348084a']","['29e7e603-cab6-42af-a413-3e3fd3b65082'
 '6a680e27-b775-47bb-b0e2-ce4ce50729fe']",['41bd25afdc1cce74b36dd6db5e44e91354172fda16475ab6a3f6cf99bddc720aa91cb56b5ea1b1c4774c8c97017d6bb03c52ba2676d7cfaab1c73fed8ab82912'],2026-08-11,3
dc8a9d6a-4f1a-4c9a-bfd5-0f924b83cdf5,52,52,1,9,[],Community 52,"['3273e76d-a8fd-4c75-ad6b-d89b6a4658a2'
 '010d9f9c-de88-4362-9eb0-33fe426f3b50']",['a4c83ac1-19a9-45a8-8fd4-dc909a8b2a6a'],['05802f69e17001a506260c74ca400f6a1368fbf0132720e670d13ffd39c31d615ca94e0ffc071332bd317faa48542bde7970720b9f035d496136fc5d6bbb8ca5'],2026-08-11,2
dfa125b8-ba3c-4293-ae19-38caf9f9d596,53,53,1,10,[],Community 53,"['a93b589d-a3c6-496d-b7f4-dc4dab9d58f2'
 '7d06c677-ced1-4eb8-98cc-b5315371984d'
 '07ec864e-a5c4-4112-8123-e9c65c9fb71c'
 '4cf0203b-b10c-408f-8c7f-4b72db40057b'
 'df22898d-f18b-4044-a473-6b3f2ce09c8f']","['37d55ce9-52f8-4fda-82d7-b7b636039aac'
 '6564fc45-856a-4aaf-9880-7524a30a0533'
 '73b361eb-e2e9-44fc-b23a-9bb108812a0b'
 'bc3479fb-3669-4f0d-a64a-a03c6de0e1eb']",['05802f69e17001a506260c74ca400f6a1368fbf0132720e670d13ffd39c31d615ca94e0ffc071332bd317faa48542bde7970720b9f035d496136fc5d6bbb8ca5'],2026-08-11,5
bc633373-ac7d-4177-aca5-f3742d78b32c,54,54,1,10,[],Community 54,"['82f75c95-4fd3-41de-ad1d-0c925729a052'
 '800368ab-ac88-4bc2-82bf-426edf8ed0b3'
 '1bef4a63-c28a-4481-a56a-2600419b0b93'
 '3a83d518-d26d-41eb-a679-7e941976ac32']","['102ca28f-a66f-4570-95fa-bc238d3f2a97'
 '5e3115a7-ca65-4f73-8226-57757382c40a'
 'f8e27f05-75e5-4145-876b-02e194f97363']","['06c273ec9919eb4693462fdacebd50536ccdcf47bacc47b2b30c8a69005636b654b4919dc579696a4a7abbde4a00511a66f0c0be040f4ffc907fc316bee009dc'
 'd7219f76b31818b7b13bf08dda81003d752e53f7660831d5e201d105d2bc1fc19e8cc49ca6cd21e08570939d7fb3e87b45f0f5feb8575df195e7be8cbd3b6475']",2026-08-11,4
d1be68ca-e191-4069-8cbf-98c226c0bc4e,55,55,1,10,[],Community 55,"['4d51dd2e-3af6-4c41-9e66-27543732badd'
 '0d735563-da45-48c6-a298-7fb6977c5c10'
 '47120024-30ff-46fb-87b6-dfe22b8f665b'
 'a5525e1a-4752-43e9-a52e-702ebe9cd830'
 '7a931833-f46b-4728-8c02-9455d01a91ee']","['4d701f8c-3dfd-44a7-976f-5b5ed8693e49'
 '7797ac22-a137-4808-bfd7-0e9ad70cd04d'
 '879dceb6-fbdb-49a5-b507-746ae0c3dd98'
 'bd39c496-7ad3-4bab-aec4-00fe4881b175']",['e498566a78d36b3ce13304157993b9b4269045840f1d63663ab07328cc5c6a9ebc15f47c9ae340cbebf706bc8faebd35ccc4f11ae0aa4cb9a223345224329757'],2026-08-11,5
0104c046-6f05-447e-a59d-54236cf4eb63,56,56,1,10,[],Community 56,"['c333924a-b78f-415e-a19c-60188234e7b6'
 '789a4865-eee2-45b5-8e5f-6ba7692ff173'
 'd80ed1df-9a3f-4855-ba12-34f4623a092a']","['adbcff05-83f7-4ca8-a708-5ba054848804'
 'fd636566-f4ab-4530-b25f-ebed9e719324']",['f9e54ba797ff2b80a5f0e5f24e3901236ac4130e4e84d01615e67bc810b290cd5ac7c08f71a782797073050d512eda2695c3659569deba0d4bd5c3ab6195784a'],2026-08-11,3
95215821-1a13-482f-a517-652ecb85db25,57,57,1,10,[],Community 57,"['5973be33-cc7e-4e61-bb7a-611fb4b8f9b4'
 '122b4094-e37b-4da4-ad70-7293872867e5'
 'cb2b200e-6cb3-4d74-975a-d6f24fc52e26'
 'aae9ebd7-06e4-4d80-ad71-91a610c3c5c9'
 '3dba0ebd-0abb-4c75-9b2e-1ebe3fbee222'
 'c63f6acc-7577-4908-aa88-cc7cf7477ecf']","['32bd09e5-ae2a-416c-879e-db94eaaf466d'
 '40d9d108-02dd-4f36-bbb0-c76ff31a664a'
 '4c941fa1-a867-45dc-83c5-4f6dfecd122f'
 'd94640cb-067c-4cb9-9fd1-afdc6fae2650'
 'edb3fad5-db3f-4efb-b3c9-57c990eb636e'
 'f29e5f28-f098-488d-ad75-cb3eb2b2362e']","['2d9fdebd364caf6ea226dc0ee6624e0c2d54fc65848a9cd18f9b868675333d5be302c20a6cbb1b4f9503e536f5051a60a8783cd3657ab2cf1f9daf65be366c76'
 'dafd7f2f39e49c87969ec1360e9fae0af9de6f290655205c8c120dd24dcc85da04f0536237f7f9529d31deed892d5abae3b8f58fb66ae9e497327f23b1e6b750']",2026-08-11,6
60b7a329-a040-411e-a7a2-fbbbb0bd87e1,58,58,1,10,[],Community 58,"['4661c04f-c35d-4856-93fe-0d3308941205'
 'cbf39467-63ee-4900-a556-c5baadaa2776'
 '04280f72-d3db-4cfc-9f2b-3daec419c32b'
 '0b118028-d1c3-4979-8187-4fb315332d07'
 'd811fa1b-d1f3-46f1-8dba-70bb682bca2a']","['272fe630-2470-44f8-a7ee-9a2c3df92293'
 '60327a2b-71b7-4ccd-9d6a-455ca6f41b78'
 '890d84f2-4296-48a8-9489-f9bd6a7d2dab'
 'ca9217cf-03f7-45d0-bd15-a24e6c8f2bd6']",['05802f69e17001a506260c74ca400f6a1368fbf0132720e670d13ffd39c31d615ca94e0ffc071332bd317faa48542bde7970720b9f035d496136fc5d6bbb8ca5'],2026-08-11,5
01b4acf5-10b5-4d90-b213-0b88bfbb4549,59,59,1,11,[],Community 59,"['ade05329-22e9-459a-86ef-fad8af25fda2'
 '569166f8-5032-42d1-8693-bc018403575f'
 '5c8bf3a7-3a7f-45d8-b177-a92ea0295cc3'
 '91da723d-31d7-4ab9-9781-ab54e01d2640'
 '98ec393d-5537-4d75-ab04-9c9a118f5347'
 '55482b08-5911-4949-b4b4-af024dd32a13'
 '8b0438b3-4900-4266-b6ee-3264edb8c316'
 '03d073af-ca46-41dc-9726-68bdf66aa0c4'
 '87d98bad-8711-4fd2-b5e3-b309c7f38fa7'
 '2e3f01e1-5f30-4ca6-b136-680001c75109'
 '3a4a1672-b14c-4f0c-b398-4ed1ed3ba8ac'
 '467d4c78-9e81-43d0-8b70-26057b871a0d'
 'bf2a2be8-e271-4497-b7c7-6f8dca429cb8'
 '447d77b3-b4fc-4ba3-86eb-9d2333dceee2'
 '2d80605b-7cb6-43f8-86aa-1022be24fe02'
 '5d8074b3-fca6-4685-b8af-4d657fb5dace']","['08ce5a72-7134-4796-a0ba-6df22303219b'
 '17766461-73a2-4bcb-bab1-3e2ff2cce0fa'
 '2406cc27-4358-44c8-92a6-90071f53e048'
 '2af10e2f-537e-4838-9c94-06b9508cfc01'
 '300b33ac-7178-4308-8cfc-fd8484808c71'
 '3f542105-1c88-4563-b702-ad60c5018963'
 '46738e5e-13ad-460a-b118-ff13f2b937bd'
 '4d774d97-2e43-41fc-bd43-2754760a5804'
 '530e5569-3f8d-421c-833c-3a87f5e234bf'
 '662e18b4-cb8c-42f2-be29-fe0020c67692'
 '793dd9b1-0253-4e37-8211-01b7aa0fda43'
 '98b953e7-c378-442d-ad87-1d560607a1e1'
 'bfaf1bb7-604c-4749-a40e-a8cb3c8fd7f0'
 'f716e4af-ac64-491f-b73b-53d3a28bde66'
 'fec64653-f707-4dd3-a1d4-09bc4ab66712']","['41bd25afdc1cce74b36dd6db5e44e91354172fda16475ab6a3f6cf99bddc720aa91cb56b5ea1b1c4774c8c97017d6bb03c52ba2676d7cfaab1c73fed8ab82912'
 '4d221520fe7090409cfa9cda598db30683356c340ab3584a063ffe92486f2fe7225fc056f8b997f085ff0c0f7475828879fa678b7b1709148cb03584b292dab0'
 '6927535991c09031efd0df39ec21591dd3bb460da14c01bc36d343f0078b726ed44d06a0c6bb518236ea61ed8c8b15365630cf185b8012e963898f2e117f7d8a'
 'e498566a78d36b3ce13304157993b9b4269045840f1d63663ab07328cc5c6a9ebc15f47c9ae340cbebf706bc8faebd35ccc4f11ae0aa4cb9a223345224329757'
 'f9e54ba797ff2b80a5f0e5f24e3901236ac4130e4e84d01615e67bc810b290cd5ac7c08f71a782797073050d512eda2695c3659569deba0d4bd5c3ab6195784a']",2026-08-11,16
7b3352d0-3ff9-4e22-8707-f6e73f452526,60,60,1,11,[],Community 60,"['b98522a8-2019-4285-9c4e-83dab37802d2'
 'f8898649-b765-4a26-bce3-e42e673bb209'
 '634a0df1-becb-4f65-82e4-f0595fa26068'
 '70746748-5b12-4d2a-bf88-9f90751047f7']","['5b3d139c-8b85-4b97-aa45-d36e323f6595'
 '8490100b-a076-4be2-8346-67878d8b7710'
 'ce023fe3-d812-4cf1-9233-90a33743c9d7']",['e498566a78d36b3ce13304157993b9b4269045840f1d63663ab07328cc5c6a9ebc15f47c9ae340cbebf706bc8faebd35ccc4f11ae0aa4cb9a223345224329757'],2026-08-11,4
523f320e-f376-457c-a012-d98f3f3cffd2,61,61,1,11,[],Community 61,"['6a238af9-31d6-4631-82aa-83d7f51af1db'
 '6f866ada-85bf-4c6e-897f-0c270765003a'
 '48b06bd9-fced-463d-97f2-c40c8930975c']","['a7063097-b734-444d-b145-f6e6395d3ccd'
 'ed4fcb9e-d0ac-4261-b9c9-12baad35bff1']",['e498566a78d36b3ce13304157993b9b4269045840f1d63663ab07328cc5c6a9ebc15f47c9ae340cbebf706bc8faebd35ccc4f11ae0aa4cb9a223345224329757'],2026-08-11,3
28b3fe15-d8f6-46fe-bda2-89329a9747fb,62,62,1,12,[104 105 106],Community 62,"['2176c9e5-6769-48de-92c7-136057339dd2'
 '959fab6f-9bc3-47e5-b64b-b24b28248625'
 '3e24e4e1-3ba2-40e9-9be3-55e4772fe719'
 '32e85cbb-1796-4db5-af13-19e865dcf23d'
 'eeecdfd2-8eb1-4083-b408-c4cae83acaa3'
 'c52ca160-733d-4f01-bc20-b5cb529fdbe1'
 'b4567e77-f470-4326-b869-038e7a6a880a'
 '5c0a791b-d8ec-4f5a-bdae-10f247186515'
 '21edf77a-8c03-40a2-a00c-e757f1ac4c88'
 '3b8c61cf-3b02-45b6-9267-a490a9b08d4b']","['0ac798ef-4e6a-487d-9615-c27e121cfaa9'
 '2aba7b0b-3a3f-4ea5-8f51-aac957ef349b'
 '2ae38197-1a9a-42be-8007-156af0095f26'
 '31d805be-f4c9-4608-aa67-75ffc17968e3'
 '54195639-6700-4bc6-8e41-573301569e84'
 '5a1e1c51-2946-4997-873d-31073cfaa6a5'
 '8320ef95-f188-420a-b050-ac087693577f'
 'ac68297e-2769-49d5-9bf7-4f064d13bb36'
 'f6938c16-9a77-4853-b5d7-2f3d65be50bf']","['23663988970639bea940978ccbd9150fd292856f2f31a1d587392606a64713d5dfeade66f1beea67d1cc0b0e93012337685e0eca3267f98c1695a466657a8b24'
 '50fb8f6506c2271985ee7ffe42523d2eb06abbd85be8ea5021ae2d36d260f6f63d177e59ca2da764eeaeb4a953c841282dbf214859a753f968cb6e6cb86e0c72'
 'd7219f76b31818b7b13bf08dda81003d752e53f7660831d5e201d105d2bc1fc19e8cc49ca6cd21e08570939d7fb3e87b45f0f5feb8575df195e7be8cbd3b6475'
 'f9e54ba797ff2b80a5f0e5f24e3901236ac4130e4e84d01615e67bc810b290cd5ac7c08f71a782797073050d512eda2695c3659569deba0d4bd5c3ab6195784a']",2026-08-11,10
e5a8b079-45b2-4270-aad6-5c0d6299dafe,63,63,1,12,[],Community 63,"['9bc0a635-6435-4ec5-a40b-698ec3c5c48d'
 'c7cdbd0f-1e4f-4eb5-a189-7427f845545e']",['28c3fedb-3539-4ba3-89c2-8d32e60763ce'],['23663988970639bea940978ccbd9150fd292856f2f31a1d587392606a64713d5dfeade66f1beea67d1cc0b0e93012337685e0eca3267f98c1695a466657a8b24'],2026-08-11,2
86d306eb-8ec5-449e-9f6a-eb85577abfe5,64,64,1,12,[],Community 64,"['32ebadfb-dfa7-47a0-9bb1-80a4f30c65f1'
 '52773a69-30bf-4948-8546-af49a4dbf32e']",['93cddba9-5497-40fa-9b4a-11616d15dd53'],['23663988970639bea940978ccbd9150fd292856f2f31a1d587392606a64713d5dfeade66f1beea67d1cc0b0e93012337685e0eca3267f98c1695a466657a8b24'],2026-08-11,2
82cd37a3-81b3-4983-bdd0-c18a42d66d59,65,65,1,12,[],Community 65,"['a5f31acd-c9e4-4c00-8900-a4761e489ed2'
 'fc8d800a-3114-4d13-a39d-070dcd095528'
 '78960357-c1a0-4e23-a7af-a914283a4383'
 '2b047781-a5c2-41a1-8eb7-52d2631794d7']","['83b60c4a-0f3c-4873-b630-f085419c2179'
 '93113988-fa1e-4c77-b08e-1c5fff355240'
 'a4419509-17a4-4eb7-b946-dbaf5175e452']",['23663988970639bea940978ccbd9150fd292856f2f31a1d587392606a64713d5dfeade66f1beea67d1cc0b0e93012337685e0eca3267f98c1695a466657a8b24'],2026-08-11,4
ae6f3f38-96c8-4ef4-badf-188b2df1057a,66,66,1,12,[],Community 66,"['3030e7ec-5e56-4df0-a537-ccf0b624719f'
 'c1691b65-8986-4560-9680-60064a207815'
 'e558c833-653d-464b-941f-91544bdc87fa'
 'de3e1f91-47c7-4a50-a485-e9a5352cecb2'
 '0a2beac5-3000-4bbb-942b-b85a4564b411'
 'f333de89-a892-4801-9ab5-7aa7d11d1f6b'
 '1bb3e7c2-21b3-4a0c-b149-b6b82486a9c8'
 '1c8b1eed-872d-4f66-ae50-901bf719349d'
 '9b617d5b-5f56-45cb-a188-b90b8b119057']","['047f8304-679a-4f5e-8f86-68f997ad51da'
 '10b32743-a5e6-41fc-8f58-59ecfcfa3950'
 '17f2a24d-5980-4cef-bdc6-bfeafbd92e25'
 '22fc3157-fa1a-4945-a6de-edcd4d6d6e0d'
 '2cb6d42b-1152-4d24-88dd-3d9dc046736c'
 '4c8c2e97-9bed-4d2a-9115-837ca7a06795'
 '65d86b4d-0d59-4464-b55f-c17c5ccddd84'
 '7944a4e2-0426-4489-946f-3ccb62cf21e2'
 '89548f4e-edd4-4e5b-a21c-69775cf0177b'
 '9c3a4c16-ea89-4abc-bcc4-104a95640a65'
 'cb2c5582-35d1-470c-bb2f-619e52cf0c6b']",['23663988970639bea940978ccbd9150fd292856f2f31a1d587392606a64713d5dfeade66f1beea67d1cc0b0e93012337685e0eca3267f98c1695a466657a8b24'],2026-08-11,9
f27876c2-432d-434f-8c86-458f731d2bf8,67,67,1,12,[],Community 67,"['6b3b6768-14a9-424e-ac4c-ea7b7f24d765'
 '01b1b712-97e2-4ea9-ba72-8b0a4f063711'
 'ca70e2ee-d5a6-41a9-bca2-a5beadbf9576'
 '42c060bc-fe0d-4104-9fe7-84e1b07f46b3'
 '7d019074-2c16-4792-b47e-7e8cfa335936'
 '91ac51b1-4daf-4401-9a98-3ba14646a738'
 '2ddeb82b-ffaf-4b7f-9f99-8b62df80aa08']","['066ec1c1-3b30-4f9b-8191-fb103150e09c'
 '0fd0764a-b64e-4fec-8296-51920ee742dd'
 '5128593e-5799-4a13-881f-2aad05eddd57'
 'a6a50054-afbd-4611-8972-5ed1572fe8d9'
 'c8a13dd0-7359-4bbb-8949-b01ca79bb43a'
 'f5da404e-326a-4d24-80f0-d18366e66304']",['2d9fdebd364caf6ea226dc0ee6624e0c2d54fc65848a9cd18f9b868675333d5be302c20a6cbb1b4f9503e536f5051a60a8783cd3657ab2cf1f9daf65be366c76'],2026-08-11,7
78a79055-535a-4e82-90e1-10803765fa18,68,68,1,16,[],Community 68,"['0df3828a-402f-4f45-8a02-2db4e4fdaedd'
 '98d9c16c-7e59-41d2-94c8-55173fdad304'
 '04ae219d-8bdf-4852-aca2-c0712a5db6a8'
 '237f980f-4e18-4f45-b4ee-4b3ca451ea39'
 'a3ab0a8b-a462-422e-b8fd-c9c7d6136d6a'
 '4d1ec200-008a-4e1b-9108-c9787ae031b0'
 '4c39fe9e-8146-4410-ad8b-352381a473e2']","['15ca2f6c-70b0-40d7-be3c-d3c7b2d4fc96'
 '1f7f5e88-4b9d-44d2-a042-21a8a2621ee1'
 '5baeb6fa-3dff-485d-94d3-cda217da8c8d'
 '8b3ba499-6e33-4a03-9901-1cd9c74dcb3c'
 'bb23d409-e406-4cbd-846d-ab4827b1671c'
 'd6573016-2a3e-4161-aa83-b9e971e47fae']",['7a01190bcf30936758d004f89d7553c62632e91427f92e6420a9e453f2c5d92ab18ae9e62c46bc28aeb398621b28cfd3af89bf2317c887a5eec276b5b7a51052'],2026-08-11,7
2cb61d83-0501-4a2c-8db6-b7fa268b345f,69,69,1,16,[],Community 69,"['49afabc1-e538-4797-9176-7f39b5034b2c'
 '2d7c58dd-6058-4638-bf81-9457449617f0'
 '6e770d94-7567-48c1-ad56-3cd9b9da17e9'
 'f87b1ef8-0a34-48a1-b2a7-06f39039a543'
 '7a8cdea6-eaf2-4b8e-bae2-5ba783ee1b44'
 '39058605-92fb-4d06-9289-dd8ed7103aee']","['03d90b7e-b6c9-4e0e-ac89-68a448e3114e'
 '14797081-a75c-432c-b65c-760e075ae882'
 '4a6d0aae-7191-4601-859d-ec91baa2e7d4'
 '52fe16a6-8750-4050-91d2-10ddf606e35b'
 '62ff8980-e447-40ee-a8b5-338925b9b810'
 '8663fb46-ebc0-47ec-946d-4908abed1672'
 'b71254c0-edf3-49fe-ad51-d1fc32c7c85d']","['06c273ec9919eb4693462fdacebd50536ccdcf47bacc47b2b30c8a69005636b654b4919dc579696a4a7abbde4a00511a66f0c0be040f4ffc907fc316bee009dc'
 '2d9fdebd364caf6ea226dc0ee6624e0c2d54fc65848a9cd18f9b868675333d5be302c20a6cbb1b4f9503e536f5051a60a8783cd3657ab2cf1f9daf65be366c76']",2026-08-11,6
13ad2c9b-6007-4b19-95c3-1de2d758d6ce,70,70,1,16,[],Community 70,"['01382c26-b28e-45aa-ad19-bf5bf1b65ae4'
 'ae1b2694-00b5-480b-a4e1-0a7fe6f045d2'
 '4b02260a-3569-4d23-a1a1-f555ad482ccc'
 '3a2a0437-21bd-4206-908b-57d11df6a794'
 '350eb20f-9bb4-402e-8345-45e5a4677c50'
 '29ce3433-8dfd-4678-a0d0-0d21eb3bd7c5'
 '8899e14f-97e0-4a95-83e0-df49376c01dc']","['11bb12bc-4d11-4822-8599-4e4ca2a21111'
 '378533b6-4953-4ce3-9d23-2e75bba47bac'
 'a22feef3-0735-4963-95d2-a7f7e91a4849'
 'a674aaba-e01b-405a-8981-ac71f8a7e939'
 'b21b1afd-9360-4f09-bd5f-296dbe27712c'
 'cb2e40f1-0b87-4767-b46e-4caa08bb60cc']","['50fb8f6506c2271985ee7ffe42523d2eb06abbd85be8ea5021ae2d36d260f6f63d177e59ca2da764eeaeb4a953c841282dbf214859a753f968cb6e6cb86e0c72'
 '6927535991c09031efd0df39ec21591dd3bb460da14c01bc36d343f0078b726ed44d06a0c6bb518236ea61ed8c8b15365630cf185b8012e963898f2e117f7d8a'
 '6a1a5132f360531b1174e0eac2b2c5b6ece3b0771a8037231306baf0af8e8ca23de435f581fc62d6794cab81a5dadf3235b66eda56c331a0043621c688fbe302'
 '7a01190bcf30936758d004f89d7553c62632e91427f92e6420a9e453f2c5d92ab18ae9e62c46bc28aeb398621b28cfd3af89bf2317c887a5eec276b5b7a51052']",2026-08-11,7
1a82967c-671d-4a53-ac38-a06dbc1e0991,71,71,1,16,[],Community 71,"['b8a59031-bdca-4dbc-828a-34570d9356a8'
 'b15a377b-9858-4069-b344-0800e6971e4f']",['012b2b5f-2cb9-419e-aa75-2d2259fd37f3'],['2d9fdebd364caf6ea226dc0ee6624e0c2d54fc65848a9cd18f9b868675333d5be302c20a6cbb1b4f9503e536f5051a60a8783cd3657ab2cf1f9daf65be366c76'],2026-08-11,2
4a5b375f-4d4a-42ef-a5c0-923996e419f1,72,72,1,17,[],Community 72,"['8dbcef30-7b4c-4e69-8f75-de7ad1ec64bd'
 '09835944-04a4-4b78-91be-7ff07e42d616'
 'b6239998-939e-4d0b-8a28-d9440dff6423'
 '883b45dd-056d-4e12-9f25-5bae82b21f6e'
 '673d5992-57bc-4201-bbe9-d700d004c2bd'
 '74aa8467-d48f-4543-b54d-c07206afdda3'
 '90c1daab-4d16-4e44-afc3-51cb5a12d9cf'
 'ef46271f-a344-46b5-9213-402983f9a2f8']","['0bce5d7e-5e9f-4a75-8fd3-964e0495781d'
 '4af4dd37-738d-4351-9390-ceda0fa3a26f'
 '77ca0923-a697-40b1-9fef-4ce6d586a265'
 '7ce326fd-6195-4bd5-9ce4-5560d7ae0e73'
 'b189b220-ff58-4853-a1cb-40b0771fe916'
 'b849c279-48ce-4fdb-8ac3-279f2546fac9'
 'c2ca6bb2-b474-46f1-9f8e-75622d7d9f92'
 'e69aa202-cd96-44c8-939e-1d222ef18402']","['9ce049a98570c6bf53cf9e547168db075af2795fa519422bd27a2c9aa5b490c4b26aef25883802c4d8eb6e4dcb09c866e7d31677352f7beb6c4f9fcbbcc75e9b'
 'dafd7f2f39e49c87969ec1360e9fae0af9de6f290655205c8c120dd24dcc85da04f0536237f7f9529d31deed892d5abae3b8f58fb66ae9e497327f23b1e6b750']",2026-08-11,8
950f8d23-f68b-4654-a02c-de6b7d39130f,73,73,1,17,[],Community 73,"['fa56d5fe-a005-4d2c-8cc2-a4fc909dcf02'
 '77fdecc1-34f1-4297-997b-17d3f8b4ab04'
 '13766033-61a5-407b-a113-eda732c73b57']","['ad1582b9-59df-44ce-aa7d-8f0e6a964ad8'
 'd54a47c0-3a58-4ed4-8983-2eaf14f5e056']",['9ce049a98570c6bf53cf9e547168db075af2795fa519422bd27a2c9aa5b490c4b26aef25883802c4d8eb6e4dcb09c866e7d31677352f7beb6c4f9fcbbcc75e9b'],2026-08-11,3
b9d52cec-a22c-45d9-ad68-afca6ce6423b,74,74,1,17,[],Community 74,"['1acd5f1b-4765-47fe-9f98-dfde96b7ec03'
 '657d1547-7f80-4da6-905b-00e4788729b8'
 '901566eb-201b-48d6-a5bd-7e739b37610c'
 'b65ee9b5-126e-403d-8a24-52fda44eef69'
 '3b5a8917-fdcb-44d0-8002-5359dd637ad1']","['0409d5c0-7f07-4e85-accd-ddc457811082'
 '11934b42-6d05-4846-9546-24246eddfa3a'
 '35dc0bc2-af14-4800-84a6-7730a2999f80'
 '91f613db-38cb-4e5e-b66d-8517b27a9063'
 'cd87c514-60c9-4348-a7eb-6155261b048c'
 'f5df2a54-ec8c-48a4-b766-e84678ddc849']",['7a01190bcf30936758d004f89d7553c62632e91427f92e6420a9e453f2c5d92ab18ae9e62c46bc28aeb398621b28cfd3af89bf2317c887a5eec276b5b7a51052'],2026-08-11,5
a96a5dfe-f059-4924-bc0a-a8abd00d8a95,75,75,1,17,[],Community 75,"['9bef16ca-58af-4d57-a415-ce008593b127'
 'd8da65c8-81a9-4c69-8ade-9616b6b39d58']",['154e64ae-c2ed-4599-b868-291fae4567b7'],['7a01190bcf30936758d004f89d7553c62632e91427f92e6420a9e453f2c5d92ab18ae9e62c46bc28aeb398621b28cfd3af89bf2317c887a5eec276b5b7a51052'],2026-08-11,2
844dd09d-e006-414a-b9e8-cef25cb8f67e,76,76,1,18,[],Community 76,"['8f0befe2-5c54-48a8-872e-562f55e81803'
 '649f4f3d-e319-43ba-aed1-8f8342dc9116'
 '3a61bcd2-7053-4cec-a328-07cd6b4a5170'
 '42eed724-f687-4185-8180-4222a370c993'
 '34deb0c3-beb5-4197-9d30-129dcf221bcc'
 '30d919db-94c4-42dc-af3c-dd4254680848'
 '80b90bff-0c45-4940-ac8c-237bacac0f44'
 'c6f3ab68-109b-459a-90e9-c464621a52b9'
 '891ba453-289b-4c33-8902-6fe0b746c89f'
 '2e9e76e4-3a82-4315-9686-9f9fb28a7eb9'
 '122c5384-ee9d-4e38-84d1-b58e15d3482d'
 '33d9bf26-c3f7-4b81-8ebf-94a4bdffd843'
 '7d40914b-d67b-4510-8654-ad81f8d93e6a'
 '0eb4a304-11ae-47dc-84fd-6bd92a4dcd45'
 '9fa6bf87-90f2-41a8-80eb-87b04dbf8710'
 'e81a171f-75ff-47db-a91a-1e65a75893ca'
 'b76285a3-0384-4536-8278-6ab118f0b4b8'
 'bf99a31a-c717-47db-87aa-be883e4700aa'
 '9ebbd7cf-de21-4154-a652-dad71d17ec4b'
 'dfe8d376-e2b2-4a38-bc29-f9ed426342bf'
 '425448f8-6b25-49f3-9eab-616f310f9f51'
 '890e1a67-bd10-455b-8880-d7cdbe42ae9b'
 '29d10c4c-d4cc-4f70-b8bf-f3f07c9538be'
 '0a2e4ca6-a39e-49c8-bb28-7d91e8b7fcb6'
 '60f48ec7-4b3b-4480-885d-ae98dcfe0d17'
 '221d25fa-12c7-49d2-9234-50d980446585'
 '36bd957b-9f8f-4db6-b0d3-ae155c511872'
 'e7f692e2-895b-4842-818b-13cfe342b07c'
 '3ac74066-49bf-4984-a00c-784882dfe7ff'
 '1ac4dc3d-fd02-457e-a693-ae204d938ab0'
 '2965aaac-2bdb-485f-9559-bc60e354cd2d'
 '0f04a8fd-cb10-45e9-b820-31f636e0aba9'
 'db81745d-5889-4b4e-bfaa-61880cb97de0'
 'fee264f3-dbc6-45ed-9bf7-89b443af695c'
 '6154e841-424d-4ec0-9cfe-067ade6bfbd1'
 'e0f807bd-8a97-495e-91dc-de89b048b041'
 '3a1136a9-90fa-42b6-8ed3-76a409da83bf'
 '40835d28-d6e7-42b4-8e41-75c9ce285fd2']","['041e06fb-673c-422f-9e61-5b98238ff88e'
 '05ad7700-1b96-412e-b3e1-1c3f88be6fcb'
 '0b5d8c78-7100-49b7-86c1-e1923eeb9cec'
 '101abd37-1682-4220-a58b-1fa5b1b29bce'
 '1241a9d2-75ec-48b7-8397-24586a457a0a'
 '15239cea-3da5-4c81-977d-7c8583e431c2'
 '20b5715e-de31-439a-8546-97ed223cc719'
 '218d9fe7-1573-4aba-8a38-814fde63b12f'
 '2777d454-1bf8-4f58-97fa-d159317c57d9'
 '2f4e61e8-4a16-404f-a381-11d5b8a97493'
 '30019846-0cab-488f-863c-9cb9c55abdcb'
 '30ad153a-75a8-4786-b0c7-423448f86704'
 '3b908e08-e69b-453b-a020-fd4bcafc70b8'
 '46b63769-f278-4674-9cd9-8e77bc598e8e'
 '4a02a539-853e-45ed-a86f-b839a4b7a8ae'
 '4d5b6f0b-6523-4b88-992e-a359bc7f3d04'
 '52acee6a-9b07-44de-8cf9-3d62f6a0cecd'
 '5acdf6c9-f172-4e12-b453-7cac47779dea'
 '652c1c6b-e139-49e5-bd45-a7851ad5eba2'
 '6923cd0a-6512-42e0-90a8-951ebd89a4ac'
 '6cb158e7-8bf6-4ae2-8d67-58404c14c37d'
 '801e5186-8311-46f9-a4da-1e573ee54b6e'
 '83a5c0cc-9bba-48e9-88fc-0f22187757f2'
 '87d79e67-ee56-4cb2-88c5-8a71f8d1d48e'
 '8ae20e36-47c8-407f-8afd-9bfd94a09936'
 '903bcacc-3423-4193-bfdd-18ea605bf763'
 '9069f121-cba6-4a4d-87c7-7569550bf35b'
 'a008bc77-cf83-407e-940b-cef6791220a6'
 'a06ac2ff-075f-4dd4-bf84-d77f2fa478cb'
 'ba093d47-49c0-40d5-94cf-3cddabd68591'
 'c34fdb8f-ec8c-4511-8b99-03df4e31e6b1'
 'c7afa50c-5345-4440-808c-fda4a35e3d23'
 'd432f456-55a1-454a-8b5f-7fd0d6892243'
 'dfe1371c-c171-4258-ac1b-de81d31fcb33'
 'f2a53047-2041-4d99-b1ad-03633d1151c2'
 'f3dd815c-015d-454d-810f-af0a2dd58318'
 'f4525046-3ec6-4b64-afe5-66402eb22830']","['05802f69e17001a506260c74ca400f6a1368fbf0132720e670d13ffd39c31d615ca94e0ffc071332bd317faa48542bde7970720b9f035d496136fc5d6bbb8ca5'
 '06c273ec9919eb4693462fdacebd50536ccdcf47bacc47b2b30c8a69005636b654b4919dc579696a4a7abbde4a00511a66f0c0be040f4ffc907fc316bee009dc'
 '2d9fdebd364caf6ea226dc0ee6624e0c2d54fc65848a9cd18f9b868675333d5be302c20a6cbb1b4f9503e536f5051a60a8783cd3657ab2cf1f9daf65be366c76'
 '50e06bf07ca2ce3a4e0dc0520305a36334e339dc022e32de2a78b62769102078202b01514330a1c4939e30fdb8f4d3884f790c7814b2e95e9bdb0894b3323a4e'
 '6927535991c09031efd0df39ec21591dd3bb460da14c01bc36d343f0078b726ed44d06a0c6bb518236ea61ed8c8b15365630cf185b8012e963898f2e117f7d8a'
 '6a1a5132f360531b1174e0eac2b2c5b6ece3b0771a8037231306baf0af8e8ca23de435f581fc62d6794cab81a5dadf3235b66eda56c331a0043621c688fbe302'
 'd7219f76b31818b7b13bf08dda81003d752e53f7660831d5e201d105d2bc1fc19e8cc49ca6cd21e08570939d7fb3e87b45f0f5feb8575df195e7be8cbd3b6475'
 'f9e54ba797ff2b80a5f0e5f24e3901236ac4130e4e84d01615e67bc810b290cd5ac7c08f71a782797073050d512eda2695c3659569deba0d4bd5c3ab6195784a']",2026-08-11,38
01105c7c-add3-4036-9f5d-8e86b434d69c,77,77,1,18,[],Community 77,"['3549dce7-67be-4cc3-b3a5-95d4b2600bb6'
 '22f4bbd9-0461-47ee-ab3f-589c5e7459b2']",['8d2ba05a-ae2f-4c62-878b-eb5a7e44c6ba'],['05802f69e17001a506260c74ca400f6a1368fbf0132720e670d13ffd39c31d615ca94e0ffc071332bd317faa48542bde7970720b9f035d496136fc5d6bbb8ca5'],2026-08-11,2
48ca6790-5990-458c-bacc-9146870080d4,78,78,1,18,[],Community 78,"['fe2deab3-5575-44f0-a82f-8cc7ffadeae2'
 'e62e5194-27f8-44a9-b83f-a3a64b6a8454'
 '182118dd-ce6c-4edb-84cf-cdd4fa91f3f2'
 '9db17227-9306-4c08-bdfb-7afe523d26c1']","['08d2d4e2-ac8d-49dc-97ca-fab6c245e414'
 '246cfdd2-f27a-4525-b73c-7bce6cb36060'
 'c48b3bd9-acf0-4f17-adf9-ea984fb3368a']",['dafd7f2f39e49c87969ec1360e9fae0af9de6f290655205c8c120dd24dcc85da04f0536237f7f9529d31deed892d5abae3b8f58fb66ae9e497327f23b1e6b750'],2026-08-11,4
451832d8-e887-440f-ba38-24b59e01c91b,79,79,1,18,[],Community 79,"['e35fc245-ed91-43e7-91df-fb9395174ea3'
 '9635ff88-68cc-42a6-ae6d-eb96e09b3234'
 '1d801e98-4d5f-4f07-81ed-3cf782eb420e']","['2caf560e-57b3-4667-b60c-03d91759829d'
 '8efab65d-0dca-4eae-80fd-a4db7d61f6ae']",['dafd7f2f39e49c87969ec1360e9fae0af9de6f290655205c8c120dd24dcc85da04f0536237f7f9529d31deed892d5abae3b8f58fb66ae9e497327f23b1e6b750'],2026-08-11,3
ade3efbb-2878-4cc6-9f3f-a89c9e03c21d,80,80,1,18,[],Community 80,"['17ef193d-6aec-48cc-aafc-2961a7e09584'
 '0021be59-1636-47ca-a8ef-9bdd081b3f3f']",['64dbd638-383c-4ebf-8a77-43eb4885b239'],['2d9fdebd364caf6ea226dc0ee6624e0c2d54fc65848a9cd18f9b868675333d5be302c20a6cbb1b4f9503e536f5051a60a8783cd3657ab2cf1f9daf65be366c76'],2026-08-11,2
fb9c9ea9-9343-4931-ba8c-c1baa4f4152d,81,81,1,18,[],Community 81,"['e715303b-afd8-4129-a8ea-eeb013157e3e'
 '6e1c8de6-3061-4eb6-8a68-dadac7326fe9']",['9c9e0425-7c48-4b15-8b4d-abfc2bb498b7'],['06c273ec9919eb4693462fdacebd50536ccdcf47bacc47b2b30c8a69005636b654b4919dc579696a4a7abbde4a00511a66f0c0be040f4ffc907fc316bee009dc'],2026-08-11,2
0e727602-98d5-4d55-9a44-e3775aa1c6f2,82,82,1,18,[],Community 82,"['12c4f319-e6df-4662-a9ac-e7e5614d044e'
 '9301036b-43d5-4960-8794-057ea9fdd86c'
 'c3a4c512-39fb-4137-98b0-cf56188e2bfe'
 '08df94f3-8d9b-4f39-9f36-4cd8d10ed6ad'
 '8defb1b7-f2d0-4e07-81ed-22835243d5d4'
 'e0a5dec0-13f2-46ed-b84a-4786c80fb598'
 '4a26118c-ae23-4434-ae82-4cc038aba772']","['1df745bd-90de-4b69-9f69-c415daa773bf'
 '55e69337-f7a7-4c3d-9e9d-eea7dc637d74'
 '8446bc4f-238c-4e6a-9ad5-8ff1404bad23'
 'a5279c0c-8ddb-4ccc-9b27-1d70479c61a9'
 'd7d9e37d-ebe7-411e-b420-06fbb4511f43'
 'ddfb3724-38d1-43b1-8e72-644ce4671351']",['41bd25afdc1cce74b36dd6db5e44e91354172fda16475ab6a3f6cf99bddc720aa91cb56b5ea1b1c4774c8c97017d6bb03c52ba2676d7cfaab1c73fed8ab82912'],2026-08-11,7
ff1a6d32-e7f7-467c-bccb-6410ef909a82,83,83,1,18,[],Community 83,"['6c889ec0-7355-4318-8aac-544312a58648'
 'fe2c6976-ab4d-42be-9749-b2f744daa05f']",['69d696a4-817c-4cec-8708-93eb63ac4da6'],['06c273ec9919eb4693462fdacebd50536ccdcf47bacc47b2b30c8a69005636b654b4919dc579696a4a7abbde4a00511a66f0c0be040f4ffc907fc316bee009dc'],2026-08-11,2
3ec20b59-cab6-4ee5-a89d-9358238ee744,84,84,1,18,[],Community 84,"['088462df-f13e-4688-9c21-aa19462d2726'
 '3829ac09-d106-4d0f-9209-af31ad3ffdb5']",['c1a0db61-36fc-420a-a497-35090b05471e'],['d7219f76b31818b7b13bf08dda81003d752e53f7660831d5e201d105d2bc1fc19e8cc49ca6cd21e08570939d7fb3e87b45f0f5feb8575df195e7be8cbd3b6475'],2026-08-11,2
5f2e926c-2bcb-4ea4-8ce1-02570637d49e,85,85,1,19,[],Community 85,"['fac405b8-06d4-43da-b1fc-6e707fd0cade'
 'd5e63176-501e-4605-adf0-5f313d489a0d'
 '6f18ee5c-2afa-428b-8d13-3b9651416119'
 'fe95369a-1060-4811-8237-6ecb9da9300d'
 'd41e9107-0d88-451a-b8a3-2f81d8a665d9'
 '537753b8-5bef-4c57-9ed6-7c0370dfc382'
 'b5ef2b45-7b4c-4f0f-93cb-bd740d6d373d'
 '676855d8-653d-4a51-b874-a4ea7bb652a5'
 '24899543-c25a-448b-9534-acf24a826544'
 '16dd8834-5c50-454f-8ee0-65fb979c8ea8'
 '3a521197-65cb-449d-b00d-6e4b882eb19d'
 'aaf04b52-fb57-47d2-b5b9-9a1c2570fa46'
 'ae7475a1-d1d4-499a-bc08-acc8fe2118b6'
 '547fd162-8886-4f5f-aa8e-66be5dbb5a72'
 'e5cd16e4-c747-4071-8954-8be873e3ec64']","['0d51bb6b-e917-4703-b77d-aef2fc025f29'
 '2eff3c41-4882-4311-a02e-c70d17c074d6'
 '555a2e16-eebd-4588-91e5-6299484b3d17'
 '61ff7412-ef0c-459c-8561-3465c23250c6'
 '690b8dd8-bac5-47e8-b2bb-0bd0aeb725d6'
 '697e5e14-9768-4d14-9421-fda2feda966b'
 '6b29719e-e806-4ad2-962d-9c2387a3f95f'
 '7836d619-8c02-41db-b2be-12784cc98abe'
 '86a46510-785c-41f3-b259-40abea297aad'
 '8795413e-10c7-40f6-b9a2-bd41d5210fad'
 '8fb2830f-6125-475d-a009-df9942c7c85a'
 '9a20ecfe-313e-45fb-aa29-5594db1526c4'
 'cbe63ac0-2b0e-4c41-86df-0f30d5422761'
 'fcc6e5fb-a095-4379-9be0-168a5de48caa']","['05802f69e17001a506260c74ca400f6a1368fbf0132720e670d13ffd39c31d615ca94e0ffc071332bd317faa48542bde7970720b9f035d496136fc5d6bbb8ca5'
 '06c273ec9919eb4693462fdacebd50536ccdcf47bacc47b2b30c8a69005636b654b4919dc579696a4a7abbde4a00511a66f0c0be040f4ffc907fc316bee009dc'
 '50e06bf07ca2ce3a4e0dc0520305a36334e339dc022e32de2a78b62769102078202b01514330a1c4939e30fdb8f4d3884f790c7814b2e95e9bdb0894b3323a4e'
 '7ae981575e185e2452d144d541d822b7725e27bc7dda501c9d8495719003ccb89584fe5e1ac83baa67ae4060497ae5e2536fae015a551dc8cdefa9b5aa17289b'
 'd7219f76b31818b7b13bf08dda81003d752e53f7660831d5e201d105d2bc1fc19e8cc49ca6cd21e08570939d7fb3e87b45f0f5feb8575df195e7be8cbd3b6475']",2026-08-11,15
1b92f997-727e-4e1f-b151-aa37bb8d059a,86,86,1,19,[],Community 86,"['b3c25c50-5e25-4bf3-a1d3-8405f9038b70'
 '3aeefb71-fa0e-4d53-bcdd-54b4c452593d'
 '6602359e-51ba-46ba-9ca5-23dba137a0fe'
 'f90f1cc8-b861-420d-8d3d-3317fe9938b8'
 'a4011bfa-eece-4625-b7bf-0f40f9703509']","['011b3f09-42cb-43a0-a41b-186a47ca88a1'
 '8e90fd5f-9182-445a-8629-8effc4e7b8e1'
 'a6611dc7-5526-441e-a078-7e77c3b63ef9'
 'fa764c01-88dd-4cf6-bd84-f9f1f533b933']",['4d221520fe7090409cfa9cda598db30683356c340ab3584a063ffe92486f2fe7225fc056f8b997f085ff0c0f7475828879fa678b7b1709148cb03584b292dab0'],2026-08-11,5
08469ebd-4cf0-486d-a920-63849b2010c7,87,87,1,19,[],Community 87,"['d4304b4a-2f89-4a97-ba61-3c687186e7d1'
 'a819392f-f8be-46a3-b2c7-515168d902f4'
 'f5f94efd-c26d-4078-8ad5-1b99cc5d5d93']","['841f276a-91f8-4d1d-9b29-69afa03e1df0'
 'c7b38e69-32ac-4783-88b6-76c1982617dd']",['4d221520fe7090409cfa9cda598db30683356c340ab3584a063ffe92486f2fe7225fc056f8b997f085ff0c0f7475828879fa678b7b1709148cb03584b292dab0'],2026-08-11,3
ad4d4859-eb10-456b-a74c-0964cf691b94,88,88,1,19,[],Community 88,"['9490f37a-981e-492f-83be-fb416abbdb12'
 'b688bbff-320f-4ac2-9699-b0fee51ea300']",['633ce2a2-8388-435a-9115-2f4e3a5ccf75'],['50e06bf07ca2ce3a4e0dc0520305a36334e339dc022e32de2a78b62769102078202b01514330a1c4939e30fdb8f4d3884f790c7814b2e95e9bdb0894b3323a4e'],2026-08-11,2
9ac28a57-156c-4aac-908f-59382c48cc99,89,89,1,19,[],Community 89,"['b9062ae2-9324-4898-8223-204e176166de'
 '7f9cbf7d-6f17-4f98-9364-a3ea82af57fd']",['e76aa53b-34d4-42f3-bd08-f0ea1c49d12b'],['d7219f76b31818b7b13bf08dda81003d752e53f7660831d5e201d105d2bc1fc19e8cc49ca6cd21e08570939d7fb3e87b45f0f5feb8575df195e7be8cbd3b6475'],2026-08-11,2
cb616f06-a3cb-4a07-bbcf-286a48e5dd93,90,90,1,19,[],Community 90,"['f392ad38-3c4b-4875-a70e-69341787ddd2'
 '5296ebed-2116-4f3e-8c70-83f326e67460']",['12d3bb5e-1389-4651-a993-3bb92cd39f59'],['9ce049a98570c6bf53cf9e547168db075af2795fa519422bd27a2c9aa5b490c4b26aef25883802c4d8eb6e4dcb09c866e7d31677352f7beb6c4f9fcbbcc75e9b'],2026-08-11,2
56de47f8-f0a8-49a2-8a59-7c5200d6595e,91,91,1,19,[],Community 91,"['79cb9881-f334-4ced-8138-d9abc45ed17a'
 '2da95adf-369d-4aa9-b46b-f471f1fcbb6e'
 '08a6d268-a15c-4f12-8f56-bd268344aca7']","['31bd2084-7db8-4cfc-9174-42b893c0185a'
 '7dbccdf0-5ea4-40aa-a771-78a95e28dd11']",['06c273ec9919eb4693462fdacebd50536ccdcf47bacc47b2b30c8a69005636b654b4919dc579696a4a7abbde4a00511a66f0c0be040f4ffc907fc316bee009dc'],2026-08-11,3
74a08ccc-abb5-4c28-b161-f0370ca8ecb0,92,92,1,19,[],Community 92,"['7fb266f5-5058-4321-bd48-e54874473568'
 '90ea8220-79c7-4f30-abbc-79deefc76bda']",['8beec70f-f874-48b7-9afc-0a1fc62da8e9'],['e498566a78d36b3ce13304157993b9b4269045840f1d63663ab07328cc5c6a9ebc15f47c9ae340cbebf706bc8faebd35ccc4f11ae0aa4cb9a223345224329757'],2026-08-11,2
0ba8dd6e-b37d-4cb3-b096-c353b087d193,93,93,1,20,[],Community 93,"['077391bf-ba15-4ade-9a43-449741d7f5be'
 '09231aff-714c-4d47-83fd-7a6b6f81f291'
 '25d07f28-a749-4308-bba0-2fe2b1fa1bed'
 'a71a5a1f-c796-475a-b192-021b3c57083c']","['0177050b-bf5b-4a32-94f9-d2900fa6e809'
 '99970a53-43f9-4938-94c8-5671d4c4c33a'
 'e1e2e142-2dd0-40b8-95ae-57cfde04808a']","['23663988970639bea940978ccbd9150fd292856f2f31a1d587392606a64713d5dfeade66f1beea67d1cc0b0e93012337685e0eca3267f98c1695a466657a8b24'
 '4d221520fe7090409cfa9cda598db30683356c340ab3584a063ffe92486f2fe7225fc056f8b997f085ff0c0f7475828879fa678b7b1709148cb03584b292dab0'
 'e498566a78d36b3ce13304157993b9b4269045840f1d63663ab07328cc5c6a9ebc15f47c9ae340cbebf706bc8faebd35ccc4f11ae0aa4cb9a223345224329757']",2026-08-11,4
7a1ec21d-4863-4cd7-b40b-9a09bf230d4e,94,94,1,20,[],Community 94,"['e9dc4ce0-c785-454c-bbf5-75d57321b9ff'
 'a911d601-f40b-4aaa-be4b-620c3aa3e957']",['18a17bde-09ed-477a-9b00-5e2430440b49'],['e498566a78d36b3ce13304157993b9b4269045840f1d63663ab07328cc5c6a9ebc15f47c9ae340cbebf706bc8faebd35ccc4f11ae0aa4cb9a223345224329757'],2026-08-11,2
6e84e8ac-2672-4934-a345-8026325259e5,95,95,1,20,[],Community 95,"['ffc8c0fb-c550-47e7-b7ab-9ed2df6eac19'
 '10850660-c7bd-4fcf-bb7d-77add2e98cd0']",['4ae7c604-c0df-481b-8f30-4dc6e4cd355b'],['41bd25afdc1cce74b36dd6db5e44e91354172fda16475ab6a3f6cf99bddc720aa91cb56b5ea1b1c4774c8c97017d6bb03c52ba2676d7cfaab1c73fed8ab82912'],2026-08-11,2
f469630d-8489-4b84-ad5a-20a48e3ff384,96,96,1,20,[],Community 96,"['e2f95653-dfcc-4133-8911-f2b8d1d36c31'
 '6551dfa3-ce47-4eed-ad10-cfb38fadbd32'
 '4d61001a-533f-4198-ab81-2683868a6210'
 '9e6472d3-d746-4574-929c-b9860ad74f61'
 '8e7027a7-48e5-4dd0-ae3e-dde4f09e565b'
 '25237be8-701d-45c0-92a4-38add8210570']","['13050e8b-7d9e-4b3b-bb57-4d7317ff5784'
 '6a326011-8996-4c12-98ec-578c4124b90e'
 '6be932d9-fbf1-48bc-9c70-948a5268351e'
 '8ba6da88-929a-4fe8-81b5-2ccbe647c98d'
 'c03f623b-54af-4e4c-9311-d02bdd23086b']","['4d221520fe7090409cfa9cda598db30683356c340ab3584a063ffe92486f2fe7225fc056f8b997f085ff0c0f7475828879fa678b7b1709148cb03584b292dab0'
 '6927535991c09031efd0df39ec21591dd3bb460da14c01bc36d343f0078b726ed44d06a0c6bb518236ea61ed8c8b15365630cf185b8012e963898f2e117f7d8a']",2026-08-11,6
27bd9a72-f3af-4191-ad64-165a78c15486,97,97,1,21,[107 108 109],Community 97,"['10636111-e22e-47e8-878c-b526cf785bbb'
 'fbf24db5-365d-4eb4-ae70-ce610572f12b'
 'acbde03e-cdee-44db-9088-70b0b90fb153'
 '50c6d57c-3aed-4c09-a0d1-db5b132b6f28'
 '4afaa4b0-30f7-48af-9662-e3a7069adfbc'
 'd304517a-1c3a-401d-8ac4-4ee9b88b4d70'
 'f24880af-f419-462a-9599-6927bf3672aa'
 'fb5889fd-c3e0-43b2-8c85-e3a8340a77b7'
 '2e799e3b-35d1-437c-9058-6665b848d2a9'
 '5b81ac85-45de-4a0c-ab31-6c2bb08303b9']","['2c7fca5c-4bf3-488c-bb3b-6417d4e84170'
 '3894dc20-61be-45be-8bd8-ac643cce4731'
 '45a29635-026b-4c58-8ea1-af05f78ec74c'
 '5af51e69-5a81-47c5-aa7a-cb3d0d9f5bcb'
 '6b4862fd-6a25-4236-a21f-4e2e890ca5ba'
 '7e556673-32c2-439a-902a-39386ac580fa'
 '7fdfeaa4-a4b2-450d-8fcf-725f1e81b27f'
 'e29296cf-8316-4f74-a76d-5dc423a1fe73'
 'ee194553-0b8a-4000-95b5-9434e09d429c'
 'fe3d2592-ad51-43d7-b2c5-78864178408f']","['23663988970639bea940978ccbd9150fd292856f2f31a1d587392606a64713d5dfeade66f1beea67d1cc0b0e93012337685e0eca3267f98c1695a466657a8b24'
 '6a1a5132f360531b1174e0eac2b2c5b6ece3b0771a8037231306baf0af8e8ca23de435f581fc62d6794cab81a5dadf3235b66eda56c331a0043621c688fbe302']",2026-08-11,10
1bc9c7d6-9211-4bf0-aa99-11027f76165c,98,98,1,21,[],Community 98,"['39af0b53-7494-4d28-9857-a779613e91c4'
 '7954fa11-8845-4720-8c12-031d1d7d70b3'
 'cff0c874-b504-4faf-a3c8-a3f691b78ecc'
 '3262dfd6-f16e-432a-bc92-7fa3793b722c'
 '24ed5ff1-1d04-44bb-82b7-233016dfbdee']","['28ed8034-eaf7-460d-b74c-811e4d497f42'
 'a915a7c7-e80d-4779-8c9f-8153d4fe2ab8'
 'e3ab7ae0-65c4-4c34-8a66-0c70dc0e0214'
 'ee81b8cf-6289-410a-bbff-507cb98ae5c6']",['6a1a5132f360531b1174e0eac2b2c5b6ece3b0771a8037231306baf0af8e8ca23de435f581fc62d6794cab81a5dadf3235b66eda56c331a0043621c688fbe302'],2026-08-11,5
0b132f53-499e-4336-b1b8-8f05218d248a,99,99,1,21,[],Community 99,"['2864cd38-b94f-4c49-af48-0047c58cac09'
 '55da6af0-9ad4-4928-9b49-eff4dd6017a1'
 '88f4ab57-067c-4b3f-a104-87ebf2a6b9fe'
 '0cdefbbe-013b-42f5-ad93-869ad9191898']","['04b77703-1f2b-4e7c-8d18-deaa16ecd8d4'
 '4d5b02f4-66dd-40be-94e0-54e7f107b382'
 '7c4e5916-24d2-4b3e-a3cd-2b31af66173c']",['e498566a78d36b3ce13304157993b9b4269045840f1d63663ab07328cc5c6a9ebc15f47c9ae340cbebf706bc8faebd35ccc4f11ae0aa4cb9a223345224329757'],2026-08-11,4
fbe001ae-939d-4626-9072-f1ca3fe11967,100,100,1,21,[],Community 100,"['89732bdd-9bbf-4924-8d42-51f5dfec4eb4'
 '57e52274-023c-4fd7-b28f-d9ca6273655b'
 'd207c851-dabb-4ee8-9bb0-2757c24eba18'
 '53d9adc5-be63-48f4-93a1-c54e29ee66b3'
 'f3258cb9-96a6-400d-b1f7-5e0d9ebe9bd1']","['1ca6c2ce-bbc8-4469-8c19-d66e7c51e97d'
 '597671e0-7a37-4c0b-a17b-001abe3e86c1'
 '798eaa18-d86a-48bc-ab2c-1e39d55699d4'
 'a24fdd03-a4e8-49e2-ac06-c0b6712d22b5']","['dafd7f2f39e49c87969ec1360e9fae0af9de6f290655205c8c120dd24dcc85da04f0536237f7f9529d31deed892d5abae3b8f58fb66ae9e497327f23b1e6b750'
 'e498566a78d36b3ce13304157993b9b4269045840f1d63663ab07328cc5c6a9ebc15f47c9ae340cbebf706bc8faebd35ccc4f11ae0aa4cb9a223345224329757']",2026-08-11,5
7c38d6f8-b56b-4fce-99ca-5548204a2dea,101,101,2,30,[],Community 101,"['62978763-7c39-449b-b4bf-98db19fe66c1'
 'd9ba7528-1ac5-405a-9d89-863814fcfac6']",['0ffa73b9-34af-4954-b37a-08ce1fbcde59'],['4d221520fe7090409cfa9cda598db30683356c340ab3584a063ffe92486f2fe7225fc056f8b997f085ff0c0f7475828879fa678b7b1709148cb03584b292dab0'],2026-08-11,2
82c94397-c207-4567-8864-bd43a589e6a9,102,102,2,30,[],Community 102,"['390e75de-62c8-4a9d-94f0-156f4c5963ef'
 '241605de-88e2-42f5-a90f-5921e09d0042'
 '590772cd-76de-4c00-b933-869e88263e1b'
 'fd20abce-8b71-49b5-a570-f69282b00a9e'
 'b3e56fed-6927-4b07-b7e6-442024cd824a'
 'd5700e39-d8b3-470e-8709-c0d089f3dba2'
 '36a413dc-a5fe-4bf5-90d3-1263e8492042'
 '90631b55-db8b-48c9-9ee2-9436949b7b0a'
 'e285d7aa-2d80-4807-962b-b1ddb570cae7'
 '7f944a53-54be-43c5-9c19-5a6e7deec543']","['07f93708-ff3c-4208-9ea2-8480c5f92262'
 '0f5b9438-0fb1-4f42-9631-19e5a372eda0'
 '2537a6a1-a1de-4734-968f-863d2db319c9'
 '395e28f9-7a2f-4bb0-a548-69c56799accf'
 '3cada27b-4230-4134-a993-8f83050c8b34'
 '6cb96dc2-b663-491d-9d99-33e8da1e6ac4'
 '6ea2af3e-ad50-46d1-a713-ccdf06f4b84d'
 'bbc8ada5-5e1d-4fb0-ac12-76d09276f37a'
 'c5f9c9b0-f67f-41f7-844a-25999597e9a2']",['4d221520fe7090409cfa9cda598db30683356c340ab3584a063ffe92486f2fe7225fc056f8b997f085ff0c0f7475828879fa678b7b1709148cb03584b292dab0'],2026-08-11,10
a28565f5-42e7-494b-9e7c-3eb4320da837,103,103,2,30,[],Community 103,"['0cd99028-17f6-472f-bf83-f0591c535e73'
 'db571db9-c79b-4a28-8cc6-d1bc4c6bdb2d'
 '96e587ee-8d6e-440f-bccb-831105967350']","['462b8dda-2315-4e55-85d3-0664dbaa7495'
 'd617a3bd-c398-4f3c-a6a6-98186f6b765d']",['4d221520fe7090409cfa9cda598db30683356c340ab3584a063ffe92486f2fe7225fc056f8b997f085ff0c0f7475828879fa678b7b1709148cb03584b292dab0'],2026-08-11,3
81ae375f-e08a-4edc-a3e2-8c668ac76b96,104,104,2,62,[],Community 104,"['2176c9e5-6769-48de-92c7-136057339dd2'
 '959fab6f-9bc3-47e5-b64b-b24b28248625']",['8320ef95-f188-420a-b050-ac087693577f'],['d7219f76b31818b7b13bf08dda81003d752e53f7660831d5e201d105d2bc1fc19e8cc49ca6cd21e08570939d7fb3e87b45f0f5feb8575df195e7be8cbd3b6475'],2026-08-11,2
abfc65f5-aa66-4a4b-a272-34755bbfe481,105,105,2,62,[],Community 105,"['3e24e4e1-3ba2-40e9-9be3-55e4772fe719'
 '32e85cbb-1796-4db5-af13-19e865dcf23d'
 'c52ca160-733d-4f01-bc20-b5cb529fdbe1'
 'b4567e77-f470-4326-b869-038e7a6a880a'
 '5c0a791b-d8ec-4f5a-bdae-10f247186515'
 '21edf77a-8c03-40a2-a00c-e757f1ac4c88']","['0ac798ef-4e6a-487d-9615-c27e121cfaa9'
 '2ae38197-1a9a-42be-8007-156af0095f26'
 '31d805be-f4c9-4608-aa67-75ffc17968e3'
 '54195639-6700-4bc6-8e41-573301569e84'
 'f6938c16-9a77-4853-b5d7-2f3d65be50bf']","['23663988970639bea940978ccbd9150fd292856f2f31a1d587392606a64713d5dfeade66f1beea67d1cc0b0e93012337685e0eca3267f98c1695a466657a8b24'
 '50fb8f6506c2271985ee7ffe42523d2eb06abbd85be8ea5021ae2d36d260f6f63d177e59ca2da764eeaeb4a953c841282dbf214859a753f968cb6e6cb86e0c72'
 'f9e54ba797ff2b80a5f0e5f24e3901236ac4130e4e84d01615e67bc810b290cd5ac7c08f71a782797073050d512eda2695c3659569deba0d4bd5c3ab6195784a']",2026-08-11,6
969776f0-70c9-47f2-8c28-fe352544d5db,106,106,2,62,[],Community 106,"['eeecdfd2-8eb1-4083-b408-c4cae83acaa3'
 '3b8c61cf-3b02-45b6-9267-a490a9b08d4b']",['ac68297e-2769-49d5-9bf7-4f064d13bb36'],['23663988970639bea940978ccbd9150fd292856f2f31a1d587392606a64713d5dfeade66f1beea67d1cc0b0e93012337685e0eca3267f98c1695a466657a8b24'],2026-08-11,2
011916a3-1575-489b-bef6-dd0e38b2459c,107,107,2,97,[],Community 107,"['10636111-e22e-47e8-878c-b526cf785bbb'
 'fbf24db5-365d-4eb4-ae70-ce610572f12b'
 'acbde03e-cdee-44db-9088-70b0b90fb153'
 '50c6d57c-3aed-4c09-a0d1-db5b132b6f28'
 '4afaa4b0-30f7-48af-9662-e3a7069adfbc'
 'f24880af-f419-462a-9599-6927bf3672aa']","['45a29635-026b-4c58-8ea1-af05f78ec74c'
 '5af51e69-5a81-47c5-aa7a-cb3d0d9f5bcb'
 '7e556673-32c2-439a-902a-39386ac580fa'
 '7fdfeaa4-a4b2-450d-8fcf-725f1e81b27f'
 'e29296cf-8316-4f74-a76d-5dc423a1fe73']","['23663988970639bea940978ccbd9150fd292856f2f31a1d587392606a64713d5dfeade66f1beea67d1cc0b0e93012337685e0eca3267f98c1695a466657a8b24'
 '6a1a5132f360531b1174e0eac2b2c5b6ece3b0771a8037231306baf0af8e8ca23de435f581fc62d6794cab81a5dadf3235b66eda56c331a0043621c688fbe302']",2026-08-11,6
7d37ff9e-2d74-4ab2-9c65-62db0bb8d507,108,108,2,97,[],Community 108,"['d304517a-1c3a-401d-8ac4-4ee9b88b4d70'
 'fb5889fd-c3e0-43b2-8c85-e3a8340a77b7']",['ee194553-0b8a-4000-95b5-9434e09d429c'],['23663988970639bea940978ccbd9150fd292856f2f31a1d587392606a64713d5dfeade66f1beea67d1cc0b0e93012337685e0eca3267f98c1695a466657a8b24'],2026-08-11,2
3388acf8-289e-4ff6-905e-c7f7589912a8,109,109,2,97,[],Community 109,"['2e799e3b-35d1-437c-9058-6665b848d2a9'
 '5b81ac85-45de-4a0c-ab31-6c2bb08303b9']",['3894dc20-61be-45be-8bd8-ac643cce4731'],['6a1a5132f360531b1174e0eac2b2c5b6ece3b0771a8037231306baf0af8e8ca23de435f581fc62d6794cab81a5dadf3235b66eda56c331a0043621c688fbe302'],2026-08-11,2
